order_id,user_id,order_date,time,order_hour_of_day,product_name,quantity,price,category,product_id,month,hour,day
1000,341,2024-09-04,1900-01-01 15:43:00,15,Wheat Flour,1,333.44,Grains & Staples,457,9,15,4
1000,341,2024-09-04,1900-01-01 15:43:00,15,Dishwashing Liquid,2,405.92,Household,745,9,15,4
1000,341,2024-09-04,1900-01-01 15:43:00,15,Pastry,2,114.15,Bakery,849,9,15,4
1000,341,2024-09-04,1900-01-01 15:43:00,15,Marker,2,171.33,Stationery,599,9,15,4
1001,324,2024-03-07,1900-01-01 08:45:00,8,Saree,2,41.16,Clothing,329,3,8,7
1001,324,2024-03-07,1900-01-01 08:45:00,8,Spinach,2,181.65,Fruits & Vegetables,759,3,8,7
1001,324,2024-03-07,1900-01-01 08:45:00,8,Face Wash,2,335.04,Personal Care,608,3,8,7
1001,324,2024-03-07,1900-01-01 08:45:00,8,Energy Drink,3,292.11,Beverages,143,3,8,7
1001,324,2024-03-07,1900-01-01 08:45:00,8,Mixer Grinder,1,479.36,Electronics,862,3,8,7
1001,324,2024-03-07,1900-01-01 08:45:00,8,Fish,2,412.51,Meat & Seafood,519,3,8,7
1001,324,2024-03-07,1900-01-01 08:45:00,8,Apple,2,163.93,Fruits & Vegetables,612,3,8,7
1002,332,2024-02-27,1900-01-01 09:13:00,9,Cookies,3,466.75,Bakery,120,2,9,27
1002,332,2024-02-27,1900-01-01 09:13:00,9,Chicken Breast,3,478.7,Meat & Seafood,787,2,9,27
1002,332,2024-02-27,1900-01-01 09:13:00,9,Butter,2,130.36,Dairy & Eggs,796,2,9,27
1002,332,2024-02-27,1900-01-01 09:13:00,9,Dress,3,285.18,Clothing,214,2,9,27
1003,431,2024-07-23,1900-01-01 07:29:00,7,Vitamins,2,161.01,Health & Wellness,767,7,7,23
1003,431,2024-07-23,1900-01-01 07:29:00,7,Dishwashing Liquid,3,364.58,Household,702,7,7,23
1003,431,2024-07-23,1900-01-01 07:29:00,7,Apple,3,209.36,Fruits & Vegetables,783,7,7,23
1004,115,2024-06-18,1900-01-01 15:03:00,15,Pastry,3,289.1,Bakery,574,6,15,18
1004,115,2024-06-18,1900-01-01 15:03:00,15,Salt,1,176.26,Grains & Staples,308,6,15,18
1004,115,2024-06-18,1900-01-01 15:03:00,15,Notebook,1,88.43,Stationery,297,6,15,18
1004,115,2024-06-18,1900-01-01 15:03:00,15,Tissue,1,144.28,Household,764,6,15,18
1005,439,2024-02-08,1900-01-01 22:23:00,22,Biscuits,3,49.11,Snacks,687,2,22,8
1005,439,2024-02-08,1900-01-01 22:23:00,22,Cookies,1,447.7,Bakery,437,2,22,8
1005,439,2024-02-08,1900-01-01 22:23:00,22,Energy Drink,1,66.94,Beverages,600,2,22,8
1005,439,2024-02-08,1900-01-01 22:23:00,22,Chicken Breast,2,93.31,Meat & Seafood,512,2,22,8
1006,410,2024-09-26,1900-01-01 07:45:00,7,Electric Kettle,3,215.85,Electronics,186,9,7,26
1006,410,2024-09-26,1900-01-01 07:45:00,7,Face Wash,2,465.96,Personal Care,559,9,7,26
1006,410,2024-09-26,1900-01-01 07:45:00,7,Croissant,3,73.61,Bakery,566,9,7,26
1007,406,2024-04-29,1900-01-01 18:28:00,18,Electric Kettle,1,318.72,Electronics,762,4,18,29
1007,406,2024-04-29,1900-01-01 18:28:00,18,Soda,3,272.41,Beverages,853,4,18,29
1007,406,2024-04-29,1900-01-01 18:28:00,18,Earphones,2,353.38,Electronics,346,4,18,29
1008,129,2024-10-17,1900-01-01 18:35:00,18,Cookies,3,480.61,Bakery,412,10,18,17
1008,129,2024-10-17,1900-01-01 18:35:00,18,Wheat Flour,3,424.9,Grains & Staples,542,10,18,17
1008,129,2024-10-17,1900-01-01 18:35:00,18,Onion,1,212.49,Fruits & Vegetables,871,10,18,17
1008,129,2024-10-17,1900-01-01 18:35:00,18,Phone Cover,3,395.35,Electronics,389,10,18,17
1008,129,2024-10-17,1900-01-01 18:35:00,18,Cooking Oil,3,359.96,Grains & Staples,252,10,18,17
1008,129,2024-10-17,1900-01-01 18:35:00,18,Cookies,1,330.59,Bakery,299,10,18,17
1008,129,2024-10-17,1900-01-01 18:35:00,18,Chicken Breast,2,313.65,Meat & Seafood,588,10,18,17
1009,366,2024-12-02,1900-01-01 16:59:00,16,Chocolate,2,333.09,Snacks,399,12,16,2
1009,366,2024-12-02,1900-01-01 16:59:00,16,Croissant,1,95.96,Bakery,952,12,16,2
1009,366,2024-12-02,1900-01-01 16:59:00,16,Sugar,2,447.6,Grains & Staples,899,12,16,2
1010,76,2024-08-18,1900-01-01 07:13:00,7,Soda,2,369.0,Beverages,734,8,7,18
1010,76,2024-08-18,1900-01-01 07:13:00,7,Tea,2,381.68,Beverages,668,8,7,18
1010,76,2024-08-18,1900-01-01 07:13:00,7,Carrot,3,186.53,Fruits & Vegetables,197,8,7,18
1010,76,2024-08-18,1900-01-01 07:13:00,7,Yogurt,2,446.15,Dairy & Eggs,592,8,7,18
1011,144,2024-10-20,1900-01-01 15:54:00,15,Milk,2,152.27,Dairy & Eggs,295,10,15,20
1011,144,2024-10-20,1900-01-01 15:54:00,15,Soap,2,499.96,Personal Care,257,10,15,20
1011,144,2024-10-20,1900-01-01 15:54:00,15,Chocolate,2,414.46,Snacks,684,10,15,20
1012,83,2024-07-01,1900-01-01 13:59:00,13,Energy Drink,2,145.44,Beverages,414,7,13,1
1012,83,2024-07-01,1900-01-01 13:59:00,13,Charger,2,479.01,Electronics,687,7,13,1
1012,83,2024-07-01,1900-01-01 13:59:00,13,Shampoo,1,162.36,Personal Care,774,7,13,1
1012,83,2024-07-01,1900-01-01 13:59:00,13,Banana,2,266.82,Fruits & Vegetables,723,7,13,1
1013,187,2024-06-15,1900-01-01 08:09:00,8,Charger,3,483.34,Electronics,279,6,8,15
1013,187,2024-06-15,1900-01-01 08:09:00,8,Popcorn,3,240.87,Snacks,703,6,8,15
1013,187,2024-06-15,1900-01-01 08:09:00,8,Chicken Breast,2,118.51,Meat & Seafood,262,6,8,15
1014,111,2024-12-28,1900-01-01 18:08:00,18,Spinach,1,486.7,Fruits & Vegetables,720,12,18,28
1014,111,2024-12-28,1900-01-01 18:08:00,18,Rice,3,373.99,Grains & Staples,659,12,18,28
1014,111,2024-12-28,1900-01-01 18:08:00,18,Earphones,1,135.96,Electronics,265,12,18,28
1014,111,2024-12-28,1900-01-01 18:08:00,18,Pain Reliever,2,248.28,Health & Wellness,802,12,18,28
1014,111,2024-12-28,1900-01-01 18:08:00,18,Pen,2,405.4,Stationery,472,12,18,28
1015,200,2024-05-23,1900-01-01 12:21:00,12,Sugar,2,417.75,Grains & Staples,814,5,12,23
1015,200,2024-05-23,1900-01-01 12:21:00,12,Lentils,2,142.51,Grains & Staples,139,5,12,23
1015,200,2024-05-23,1900-01-01 12:21:00,12,Floor Cleaner,2,85.75,Household,474,5,12,23
1016,257,2024-07-03,1900-01-01 18:09:00,18,Tissue,2,238.27,Household,659,7,18,3
1016,257,2024-07-03,1900-01-01 18:09:00,18,Spinach,3,355.58,Fruits & Vegetables,807,7,18,3
1016,257,2024-07-03,1900-01-01 18:09:00,18,Shampoo,2,313.4,Personal Care,551,7,18,3
1016,257,2024-07-03,1900-01-01 18:09:00,18,Coffee,2,354.91,Beverages,658,7,18,3
1016,257,2024-07-03,1900-01-01 18:09:00,18,Chocolate,2,68.08,Snacks,659,7,18,3
1016,257,2024-07-03,1900-01-01 18:09:00,18,Tea,2,120.73,Beverages,368,7,18,3
1016,257,2024-07-03,1900-01-01 18:09:00,18,Face Wash,2,28.45,Personal Care,584,7,18,3
1017,352,2024-10-23,1900-01-01 21:39:00,21,Diapers,1,315.15,Baby Care,338,10,21,23
1017,352,2024-10-23,1900-01-01 21:39:00,21,Notebook,3,476.93,Stationery,378,10,21,23
1017,352,2024-10-23,1900-01-01 21:39:00,21,Baby Food,2,306.92,Baby Care,612,10,21,23
1017,352,2024-10-23,1900-01-01 21:39:00,21,Popcorn,2,209.88,Snacks,102,10,21,23
1017,352,2024-10-23,1900-01-01 21:39:00,21,Chocolate,2,370.14,Snacks,759,10,21,23
1017,352,2024-10-23,1900-01-01 21:39:00,21,Apple,1,479.3,Fruits & Vegetables,297,10,21,23
1018,221,2024-10-20,1900-01-01 21:02:00,21,Tea,1,393.5,Beverages,116,10,21,20
1018,221,2024-10-20,1900-01-01 21:02:00,21,Eggs,1,255.15,Dairy & Eggs,214,10,21,20
1018,221,2024-10-20,1900-01-01 21:02:00,21,Saree,1,48.77,Clothing,989,10,21,20
1018,221,2024-10-20,1900-01-01 21:02:00,21,Fish,1,422.52,Meat & Seafood,704,10,21,20
1018,221,2024-10-20,1900-01-01 21:02:00,21,Vitamins,2,28.31,Health & Wellness,503,10,21,20
1018,221,2024-10-20,1900-01-01 21:02:00,21,Biscuits,2,405.37,Snacks,659,10,21,20
1019,405,2024-07-13,1900-01-01 12:58:00,12,Tissue,2,372.74,Household,142,7,12,13
1019,405,2024-07-13,1900-01-01 12:58:00,12,Tissue,3,393.59,Household,759,7,12,13
1019,405,2024-07-13,1900-01-01 12:58:00,12,Tomato,1,29.47,Fruits & Vegetables,411,7,12,13
1020,361,2024-10-24,1900-01-01 09:54:00,9,Mixer Grinder,3,347.66,Electronics,744,10,9,24
1020,361,2024-10-24,1900-01-01 09:54:00,9,Tea,2,424.73,Beverages,697,10,9,24
1020,361,2024-10-24,1900-01-01 09:54:00,9,Banana,1,235.39,Fruits & Vegetables,707,10,9,24
1020,361,2024-10-24,1900-01-01 09:54:00,9,Cake,2,336.83,Bakery,870,10,9,24
1020,361,2024-10-24,1900-01-01 09:54:00,9,Floor Cleaner,1,15.08,Household,761,10,9,24
1020,361,2024-10-24,1900-01-01 09:54:00,9,Shoes,3,286.73,Footwear,867,10,9,24
1020,361,2024-10-24,1900-01-01 09:54:00,9,Apple,3,334.99,Fruits & Vegetables,706,10,9,24
1021,103,2024-04-04,1900-01-01 18:01:00,18,Chocolate,1,468.01,Snacks,278,4,18,4
1021,103,2024-04-04,1900-01-01 18:01:00,18,Popcorn,3,104.83,Snacks,587,4,18,4
1021,103,2024-04-04,1900-01-01 18:01:00,18,Orange,1,412.56,Fruits & Vegetables,352,4,18,4
1021,103,2024-04-04,1900-01-01 18:01:00,18,Diapers,3,51.06,Baby Care,128,4,18,4
1021,103,2024-04-04,1900-01-01 18:01:00,18,Pain Reliever,1,112.46,Health & Wellness,429,4,18,4
1021,103,2024-04-04,1900-01-01 18:01:00,18,Shirt,3,422.24,Clothing,871,4,18,4
1021,103,2024-04-04,1900-01-01 18:01:00,18,Coffee,2,40.4,Beverages,620,4,18,4
1022,113,2024-08-12,1900-01-01 08:34:00,8,Dress,2,252.55,Clothing,824,8,8,12
1022,113,2024-08-12,1900-01-01 08:34:00,8,Croissant,2,207.88,Bakery,455,8,8,12
1022,113,2024-08-12,1900-01-01 08:34:00,8,Prawns,1,33.0,Meat & Seafood,492,8,8,12
1022,113,2024-08-12,1900-01-01 08:34:00,8,Juice,1,404.69,Beverages,384,8,8,12
1022,113,2024-08-12,1900-01-01 08:34:00,8,Shampoo,1,124.56,Personal Care,840,8,8,12
1023,198,2024-01-29,1900-01-01 09:43:00,9,Rice,1,292.74,Grains & Staples,725,1,9,29
1023,198,2024-01-29,1900-01-01 09:43:00,9,Lentils,1,273.76,Grains & Staples,481,1,9,29
1023,198,2024-01-29,1900-01-01 09:43:00,9,Spices,2,133.19,Grains & Staples,887,1,9,29
1023,198,2024-01-29,1900-01-01 09:43:00,9,Pastry,2,111.85,Bakery,601,1,9,29
1023,198,2024-01-29,1900-01-01 09:43:00,9,Tissue,1,104.62,Household,345,1,9,29
1024,168,2024-10-27,1900-01-01 14:55:00,14,Shampoo,2,225.72,Personal Care,474,10,14,27
1024,168,2024-10-27,1900-01-01 14:55:00,14,Dress,1,411.05,Clothing,894,10,14,27
1024,168,2024-10-27,1900-01-01 14:55:00,14,Electric Kettle,3,498.01,Electronics,542,10,14,27
1025,47,2024-08-06,1900-01-01 22:54:00,22,Toilet Paper,2,499.53,Household,879,8,22,6
1025,47,2024-08-06,1900-01-01 22:54:00,22,Orange,3,359.78,Fruits & Vegetables,625,8,22,6
1025,47,2024-08-06,1900-01-01 22:54:00,22,Dishwashing Liquid,2,30.4,Household,566,8,22,6
1026,205,2024-06-10,1900-01-01 08:41:00,8,Chips,2,98.99,Snacks,894,6,8,10
1026,205,2024-06-10,1900-01-01 08:41:00,8,Wheat Flour,1,155.83,Grains & Staples,761,6,8,10
1026,205,2024-06-10,1900-01-01 08:41:00,8,Energy Drink,2,195.84,Beverages,548,6,8,10
1026,205,2024-06-10,1900-01-01 08:41:00,8,Beef,3,226.35,Meat & Seafood,757,6,8,10
1026,205,2024-06-10,1900-01-01 08:41:00,8,Detergent,3,55.93,Household,497,6,8,10
1026,205,2024-06-10,1900-01-01 08:41:00,8,Tea,3,50.45,Beverages,194,6,8,10
1027,75,2024-11-05,1900-01-01 22:38:00,22,Chicken Breast,3,491.37,Meat & Seafood,843,11,22,5
1027,75,2024-11-05,1900-01-01 22:38:00,22,Bread,3,19.13,Bakery,711,11,22,5
1027,75,2024-11-05,1900-01-01 22:38:00,22,Potato,1,44.56,Fruits & Vegetables,689,11,22,5
1027,75,2024-11-05,1900-01-01 22:38:00,22,Shampoo,1,412.73,Personal Care,488,11,22,5
1027,75,2024-11-05,1900-01-01 22:38:00,22,Toothpaste,3,416.59,Personal Care,427,11,22,5
1028,427,2024-08-22,1900-01-01 12:39:00,12,Spinach,1,276.14,Fruits & Vegetables,859,8,12,22
1028,427,2024-08-22,1900-01-01 12:39:00,12,Croissant,2,358.45,Bakery,843,8,12,22
1028,427,2024-08-22,1900-01-01 12:39:00,12,Spices,2,156.19,Grains & Staples,576,8,12,22
1028,427,2024-08-22,1900-01-01 12:39:00,12,Toothpaste,3,471.66,Personal Care,361,8,12,22
1028,427,2024-08-22,1900-01-01 12:39:00,12,Spices,2,118.25,Grains & Staples,165,8,12,22
1028,427,2024-08-22,1900-01-01 12:39:00,12,Sugar,1,430.37,Grains & Staples,627,8,12,22
1029,473,2024-04-14,1900-01-01 13:44:00,13,Prawns,3,78.5,Meat & Seafood,901,4,13,14
1029,473,2024-04-14,1900-01-01 13:44:00,13,Marker,3,37.3,Stationery,255,4,13,14
1029,473,2024-04-14,1900-01-01 13:44:00,13,Salt,3,65.17,Grains & Staples,420,4,13,14
1029,473,2024-04-14,1900-01-01 13:44:00,13,Dress,1,345.05,Clothing,596,4,13,14
1029,473,2024-04-14,1900-01-01 13:44:00,13,Toothpaste,3,185.61,Personal Care,749,4,13,14
1030,255,2024-03-12,1900-01-01 11:07:00,11,Floor Cleaner,1,112.43,Household,599,3,11,12
1030,255,2024-03-12,1900-01-01 11:07:00,11,Educational Book,2,27.75,Books,352,3,11,12
1030,255,2024-03-12,1900-01-01 11:07:00,11,Pen,2,257.21,Stationery,160,3,11,12
1030,255,2024-03-12,1900-01-01 11:07:00,11,Detergent,3,338.73,Household,299,3,11,12
1031,78,2024-05-05,1900-01-01 11:27:00,11,Butter,1,233.33,Dairy & Eggs,280,5,11,5
1031,78,2024-05-05,1900-01-01 11:27:00,11,Pasta,3,392.1,Grains & Staples,516,5,11,5
1031,78,2024-05-05,1900-01-01 11:27:00,11,Toilet Paper,1,186.25,Household,142,5,11,5
1032,102,2024-05-23,1900-01-01 11:00:00,11,Salt,3,476.83,Grains & Staples,214,5,11,23
1032,102,2024-05-23,1900-01-01 11:00:00,11,Fiction Book,3,232.85,Books,437,5,11,23
1032,102,2024-05-23,1900-01-01 11:00:00,11,Spices,3,106.29,Grains & Staples,129,5,11,23
1033,347,2024-10-27,1900-01-01 12:25:00,12,Marker,3,91.93,Stationery,307,10,12,27
1033,347,2024-10-27,1900-01-01 12:25:00,12,Chips,2,234.13,Snacks,456,10,12,27
1033,347,2024-10-27,1900-01-01 12:25:00,12,Marker,1,482.51,Stationery,311,10,12,27
1033,347,2024-10-27,1900-01-01 12:25:00,12,Dress,3,452.2,Clothing,237,10,12,27
1034,449,2024-11-26,1900-01-01 19:49:00,19,Cooking Oil,1,119.37,Grains & Staples,592,11,19,26
1034,449,2024-11-26,1900-01-01 19:49:00,19,Pasta,1,355.34,Grains & Staples,172,11,19,26
1034,449,2024-11-26,1900-01-01 19:49:00,19,Shoes,1,296.43,Footwear,991,11,19,26
1034,449,2024-11-26,1900-01-01 19:49:00,19,Pastry,1,103.04,Bakery,780,11,19,26
1035,55,2024-06-26,1900-01-01 21:04:00,21,Jeans,2,68.59,Clothing,258,6,21,26
1035,55,2024-06-26,1900-01-01 21:04:00,21,Banana,2,235.72,Fruits & Vegetables,310,6,21,26
1035,55,2024-06-26,1900-01-01 21:04:00,21,Cookies,2,213.55,Bakery,679,6,21,26
1035,55,2024-06-26,1900-01-01 21:04:00,21,Beef,1,291.08,Meat & Seafood,490,6,21,26
1035,55,2024-06-26,1900-01-01 21:04:00,21,Phone Cover,2,424.49,Electronics,617,6,21,26
1035,55,2024-06-26,1900-01-01 21:04:00,21,Tea,3,420.71,Beverages,428,6,21,26
1036,298,2024-04-05,1900-01-01 13:34:00,13,Pastry,3,159.69,Bakery,234,4,13,5
1036,298,2024-04-05,1900-01-01 13:34:00,13,Yogurt,2,410.88,Dairy & Eggs,931,4,13,5
1036,298,2024-04-05,1900-01-01 13:34:00,13,Spices,2,186.3,Grains & Staples,857,4,13,5
1036,298,2024-04-05,1900-01-01 13:34:00,13,Toilet Paper,3,379.55,Household,521,4,13,5
1036,298,2024-04-05,1900-01-01 13:34:00,13,Soda,3,144.85,Beverages,849,4,13,5
1037,94,2024-11-01,1900-01-01 22:05:00,22,Electric Kettle,3,419.92,Electronics,879,11,22,1
1037,94,2024-11-01,1900-01-01 22:05:00,22,Pen,1,131.12,Stationery,980,11,22,1
1037,94,2024-11-01,1900-01-01 22:05:00,22,Popcorn,3,219.7,Snacks,661,11,22,1
1037,94,2024-11-01,1900-01-01 22:05:00,22,Diapers,2,127.0,Baby Care,514,11,22,1
1037,94,2024-11-01,1900-01-01 22:05:00,22,Detergent,2,223.23,Household,144,11,22,1
1037,94,2024-11-01,1900-01-01 22:05:00,22,Shoes,1,213.11,Footwear,727,11,22,1
1037,94,2024-11-01,1900-01-01 22:05:00,22,Cookies,3,360.83,Bakery,748,11,22,1
1038,420,2024-08-19,1900-01-01 19:01:00,19,Eggs,2,28.22,Dairy & Eggs,680,8,19,19
1038,420,2024-08-19,1900-01-01 19:01:00,19,Toilet Paper,1,416.24,Household,689,8,19,19
1038,420,2024-08-19,1900-01-01 19:01:00,19,Saree,3,441.32,Clothing,975,8,19,19
1038,420,2024-08-19,1900-01-01 19:01:00,19,Pen,2,327.77,Stationery,600,8,19,19
1038,420,2024-08-19,1900-01-01 19:01:00,19,Cheese,3,211.41,Dairy & Eggs,814,8,19,19
1038,420,2024-08-19,1900-01-01 19:01:00,19,Electric Kettle,2,288.16,Electronics,124,8,19,19
1038,420,2024-08-19,1900-01-01 19:01:00,19,Tea,1,327.53,Beverages,415,8,19,19
1039,487,2024-07-27,1900-01-01 09:57:00,9,Salt,1,99.86,Grains & Staples,237,7,9,27
1039,487,2024-07-27,1900-01-01 09:57:00,9,Baby Food,1,53.62,Baby Care,370,7,9,27
1039,487,2024-07-27,1900-01-01 09:57:00,9,Dress,2,280.95,Clothing,326,7,9,27
1039,487,2024-07-27,1900-01-01 09:57:00,9,Pain Reliever,2,463.02,Health & Wellness,971,7,9,27
1039,487,2024-07-27,1900-01-01 09:57:00,9,Detergent,3,285.97,Household,972,7,9,27
1039,487,2024-07-27,1900-01-01 09:57:00,9,Mixer Grinder,2,468.26,Electronics,779,7,9,27
1040,206,2024-07-16,1900-01-01 17:15:00,17,Orange,2,144.07,Fruits & Vegetables,400,7,17,16
1040,206,2024-07-16,1900-01-01 17:15:00,17,Orange,3,346.11,Fruits & Vegetables,417,7,17,16
1040,206,2024-07-16,1900-01-01 17:15:00,17,Cake,1,68.47,Bakery,991,7,17,16
1041,359,2024-12-11,1900-01-01 19:16:00,19,Pain Reliever,1,378.99,Health & Wellness,440,12,19,11
1041,359,2024-12-11,1900-01-01 19:16:00,19,Yogurt,3,330.97,Dairy & Eggs,709,12,19,11
1041,359,2024-12-11,1900-01-01 19:16:00,19,Banana,3,60.5,Fruits & Vegetables,297,12,19,11
1041,359,2024-12-11,1900-01-01 19:16:00,19,Phone Cover,1,440.04,Electronics,577,12,19,11
1041,359,2024-12-11,1900-01-01 19:16:00,19,Toilet Paper,3,446.32,Household,659,12,19,11
1041,359,2024-12-11,1900-01-01 19:16:00,19,Eggs,1,267.12,Dairy & Eggs,138,12,19,11
1041,359,2024-12-11,1900-01-01 19:16:00,19,Popcorn,3,390.98,Snacks,909,12,19,11
1042,459,2024-09-05,1900-01-01 18:06:00,18,Prawns,3,294.73,Meat & Seafood,531,9,18,5
1042,459,2024-09-05,1900-01-01 18:06:00,18,Saree,1,25.75,Clothing,564,9,18,5
1042,459,2024-09-05,1900-01-01 18:06:00,18,Saree,2,142.47,Clothing,864,9,18,5
1043,367,2024-12-14,1900-01-01 21:08:00,21,Yogurt,3,403.17,Dairy & Eggs,579,12,21,14
1043,367,2024-12-14,1900-01-01 21:08:00,21,Toilet Paper,3,64.92,Household,523,12,21,14
1043,367,2024-12-14,1900-01-01 21:08:00,21,Floor Cleaner,3,176.77,Household,695,12,21,14
1043,367,2024-12-14,1900-01-01 21:08:00,21,Shirt,3,346.54,Clothing,685,12,21,14
1043,367,2024-12-14,1900-01-01 21:08:00,21,Tissue,2,470.72,Household,699,12,21,14
1043,367,2024-12-14,1900-01-01 21:08:00,21,Earphones,1,456.48,Electronics,665,12,21,14
1043,367,2024-12-14,1900-01-01 21:08:00,21,Soda,3,135.64,Beverages,491,12,21,14
1044,130,2024-08-12,1900-01-01 13:46:00,13,Fish,3,396.75,Meat & Seafood,375,8,13,12
1044,130,2024-08-12,1900-01-01 13:46:00,13,Dress,1,109.39,Clothing,944,8,13,12
1044,130,2024-08-12,1900-01-01 13:46:00,13,Pastry,2,191.88,Bakery,268,8,13,12
1045,390,2024-08-27,1900-01-01 12:38:00,12,Apple,3,477.98,Fruits & Vegetables,286,8,12,27
1045,390,2024-08-27,1900-01-01 12:38:00,12,Salt,2,73.41,Grains & Staples,930,8,12,27
1045,390,2024-08-27,1900-01-01 12:38:00,12,Cheese,3,263.69,Dairy & Eggs,727,8,12,27
1045,390,2024-08-27,1900-01-01 12:38:00,12,Jeans,3,90.94,Clothing,229,8,12,27
1045,390,2024-08-27,1900-01-01 12:38:00,12,Electric Kettle,1,141.05,Electronics,347,8,12,27
1045,390,2024-08-27,1900-01-01 12:38:00,12,Chicken Breast,1,271.3,Meat & Seafood,221,8,12,27
1046,356,2024-07-15,1900-01-01 07:47:00,7,Fish,3,216.25,Meat & Seafood,235,7,7,15
1046,356,2024-07-15,1900-01-01 07:47:00,7,Vitamins,2,393.94,Health & Wellness,265,7,7,15
1046,356,2024-07-15,1900-01-01 07:47:00,7,Jeans,2,498.59,Clothing,411,7,7,15
1046,356,2024-07-15,1900-01-01 07:47:00,7,Tissue,1,429.93,Household,890,7,7,15
1046,356,2024-07-15,1900-01-01 07:47:00,7,Toothpaste,1,475.81,Personal Care,296,7,7,15
1046,356,2024-07-15,1900-01-01 07:47:00,7,Eggs,1,176.41,Dairy & Eggs,508,7,7,15
1046,356,2024-07-15,1900-01-01 07:47:00,7,Pain Reliever,2,260.77,Health & Wellness,666,7,7,15
1047,221,2024-05-21,1900-01-01 14:00:00,14,Electric Kettle,1,36.75,Electronics,852,5,14,21
1047,221,2024-05-21,1900-01-01 14:00:00,14,Dishwashing Liquid,2,224.81,Household,131,5,14,21
1047,221,2024-05-21,1900-01-01 14:00:00,14,Floor Cleaner,1,198.91,Household,707,5,14,21
1048,488,2024-12-09,1900-01-01 16:58:00,16,Chicken Breast,1,357.51,Meat & Seafood,946,12,16,9
1048,488,2024-12-09,1900-01-01 16:58:00,16,Chocolate,2,310.42,Snacks,231,12,16,9
1048,488,2024-12-09,1900-01-01 16:58:00,16,Yogurt,2,314.51,Dairy & Eggs,768,12,16,9
1049,488,2024-03-29,1900-01-01 15:44:00,15,Shoes,2,246.1,Footwear,213,3,15,29
1049,488,2024-03-29,1900-01-01 15:44:00,15,Apple,3,414.16,Fruits & Vegetables,174,3,15,29
1049,488,2024-03-29,1900-01-01 15:44:00,15,Cheese,2,263.95,Dairy & Eggs,509,3,15,29
1049,488,2024-03-29,1900-01-01 15:44:00,15,Bread,1,128.86,Bakery,210,3,15,29
1049,488,2024-03-29,1900-01-01 15:44:00,15,Chicken Breast,3,110.49,Meat & Seafood,745,3,15,29
1049,488,2024-03-29,1900-01-01 15:44:00,15,Tomato,1,362.28,Fruits & Vegetables,338,3,15,29
1050,194,2024-05-05,1900-01-01 06:13:00,6,Biscuits,2,445.71,Snacks,976,5,6,5
1050,194,2024-05-05,1900-01-01 06:13:00,6,Tissue,2,376.97,Household,705,5,6,5
1050,194,2024-05-05,1900-01-01 06:13:00,6,Spinach,1,372.68,Fruits & Vegetables,594,5,6,5
1050,194,2024-05-05,1900-01-01 06:13:00,6,Lentils,2,235.26,Grains & Staples,154,5,6,5
1050,194,2024-05-05,1900-01-01 06:13:00,6,Fish,3,468.22,Meat & Seafood,336,5,6,5
1050,194,2024-05-05,1900-01-01 06:13:00,6,Toilet Paper,3,77.82,Household,991,5,6,5
1051,53,2024-12-20,1900-01-01 06:47:00,6,Onion,2,359.34,Fruits & Vegetables,890,12,6,20
1051,53,2024-12-20,1900-01-01 06:47:00,6,Salt,1,296.92,Grains & Staples,531,12,6,20
1051,53,2024-12-20,1900-01-01 06:47:00,6,Energy Drink,3,245.45,Beverages,959,12,6,20
1051,53,2024-12-20,1900-01-01 06:47:00,6,Carrot,2,131.39,Fruits & Vegetables,990,12,6,20
1052,165,2024-02-05,1900-01-01 06:16:00,6,Baby Food,3,482.88,Baby Care,271,2,6,5
1052,165,2024-02-05,1900-01-01 06:16:00,6,Butter,2,19.14,Dairy & Eggs,441,2,6,5
1052,165,2024-02-05,1900-01-01 06:16:00,6,Prawns,3,16.42,Meat & Seafood,608,2,6,5
1052,165,2024-02-05,1900-01-01 06:16:00,6,Cheese,1,252.87,Dairy & Eggs,130,2,6,5
1052,165,2024-02-05,1900-01-01 06:16:00,6,Notebook,2,332.82,Stationery,595,2,6,5
1053,135,2024-05-03,1900-01-01 09:53:00,9,Soap,2,344.37,Personal Care,938,5,9,3
1053,135,2024-05-03,1900-01-01 09:53:00,9,Prawns,2,273.26,Meat & Seafood,411,5,9,3
1053,135,2024-05-03,1900-01-01 09:53:00,9,Eggs,3,307.39,Dairy & Eggs,818,5,9,3
1054,323,2024-09-25,1900-01-01 21:03:00,21,Mixer Grinder,1,292.75,Electronics,863,9,21,25
1054,323,2024-09-25,1900-01-01 21:03:00,21,Tea,1,300.34,Beverages,612,9,21,25
1054,323,2024-09-25,1900-01-01 21:03:00,21,Eggs,2,308.42,Dairy & Eggs,168,9,21,25
1054,323,2024-09-25,1900-01-01 21:03:00,21,Eggs,3,167.09,Dairy & Eggs,600,9,21,25
1054,323,2024-09-25,1900-01-01 21:03:00,21,Prawns,3,339.7,Meat & Seafood,817,9,21,25
1054,323,2024-09-25,1900-01-01 21:03:00,21,Bread,2,203.11,Bakery,285,9,21,25
1055,272,2024-04-21,1900-01-01 14:33:00,14,Chocolate,3,173.48,Snacks,739,4,14,21
1055,272,2024-04-21,1900-01-01 14:33:00,14,Popcorn,3,24.6,Snacks,378,4,14,21
1055,272,2024-04-21,1900-01-01 14:33:00,14,Orange,1,188.12,Fruits & Vegetables,789,4,14,21
1055,272,2024-04-21,1900-01-01 14:33:00,14,Tea,3,22.34,Beverages,131,4,14,21
1055,272,2024-04-21,1900-01-01 14:33:00,14,Carrot,1,333.81,Fruits & Vegetables,848,4,14,21
1055,272,2024-04-21,1900-01-01 14:33:00,14,Jeans,3,300.95,Clothing,315,4,14,21
1055,272,2024-04-21,1900-01-01 14:33:00,14,Coffee,2,95.58,Beverages,654,4,14,21
1056,243,2024-05-19,1900-01-01 20:45:00,20,Chips,1,156.76,Snacks,300,5,20,19
1056,243,2024-05-19,1900-01-01 20:45:00,20,Chicken Breast,3,257.11,Meat & Seafood,125,5,20,19
1056,243,2024-05-19,1900-01-01 20:45:00,20,Cake,3,37.91,Bakery,180,5,20,19
1057,282,2024-07-15,1900-01-01 17:08:00,17,Beef,1,75.76,Meat & Seafood,881,7,17,15
1057,282,2024-07-15,1900-01-01 17:08:00,17,Phone Cover,1,220.79,Electronics,546,7,17,15
1057,282,2024-07-15,1900-01-01 17:08:00,17,Croissant,1,422.38,Bakery,541,7,17,15
1057,282,2024-07-15,1900-01-01 17:08:00,17,Mixer Grinder,3,254.66,Electronics,186,7,17,15
1057,282,2024-07-15,1900-01-01 17:08:00,17,Juice,2,138.67,Beverages,199,7,17,15
1057,282,2024-07-15,1900-01-01 17:08:00,17,Prawns,3,39.81,Meat & Seafood,334,7,17,15
1058,114,2024-11-10,1900-01-01 17:19:00,17,Croissant,3,437.91,Bakery,154,11,17,10
1058,114,2024-11-10,1900-01-01 17:19:00,17,Wheat Flour,3,415.41,Grains & Staples,797,11,17,10
1058,114,2024-11-10,1900-01-01 17:19:00,17,Phone Cover,2,232.5,Electronics,264,11,17,10
1058,114,2024-11-10,1900-01-01 17:19:00,17,Energy Drink,2,33.48,Beverages,105,11,17,10
1058,114,2024-11-10,1900-01-01 17:19:00,17,Tomato,2,255.93,Fruits & Vegetables,930,11,17,10
1059,124,2024-04-06,1900-01-01 07:04:00,7,Cookies,3,382.26,Bakery,699,4,7,6
1059,124,2024-04-06,1900-01-01 07:04:00,7,Cookies,3,492.72,Bakery,837,4,7,6
1059,124,2024-04-06,1900-01-01 07:04:00,7,Spices,1,268.98,Grains & Staples,564,4,7,6
1059,124,2024-04-06,1900-01-01 07:04:00,7,Dishwashing Liquid,1,189.43,Household,772,4,7,6
1059,124,2024-04-06,1900-01-01 07:04:00,7,Pain Reliever,2,254.73,Health & Wellness,736,4,7,6
1060,29,2024-08-16,1900-01-01 11:42:00,11,Pastry,1,176.97,Bakery,536,8,11,16
1060,29,2024-08-16,1900-01-01 11:42:00,11,Soda,2,333.54,Beverages,412,8,11,16
1060,29,2024-08-16,1900-01-01 11:42:00,11,Pasta,3,126.92,Grains & Staples,838,8,11,16
1060,29,2024-08-16,1900-01-01 11:42:00,11,Face Wash,1,153.57,Personal Care,363,8,11,16
1061,392,2024-09-18,1900-01-01 11:18:00,11,Dishwashing Liquid,2,489.04,Household,162,9,11,18
1061,392,2024-09-18,1900-01-01 11:18:00,11,Sugar,2,167.51,Grains & Staples,485,9,11,18
1061,392,2024-09-18,1900-01-01 11:18:00,11,Saree,2,303.01,Clothing,640,9,11,18
1062,188,2024-11-04,1900-01-01 11:01:00,11,Soda,2,304.34,Beverages,403,11,11,4
1062,188,2024-11-04,1900-01-01 11:01:00,11,Biscuits,2,408.08,Snacks,544,11,11,4
1062,188,2024-11-04,1900-01-01 11:01:00,11,Juice,3,100.53,Beverages,395,11,11,4
1062,188,2024-11-04,1900-01-01 11:01:00,11,Belt,1,169.1,Clothing Accessories,448,11,11,4
1062,188,2024-11-04,1900-01-01 11:01:00,11,Rice,2,172.79,Grains & Staples,382,11,11,4
1062,188,2024-11-04,1900-01-01 11:01:00,11,Saree,3,32.52,Clothing,579,11,11,4
1063,483,2024-08-10,1900-01-01 12:20:00,12,Milk,2,391.65,Dairy & Eggs,496,8,12,10
1063,483,2024-08-10,1900-01-01 12:20:00,12,Croissant,3,122.19,Bakery,234,8,12,10
1063,483,2024-08-10,1900-01-01 12:20:00,12,Yogurt,1,433.83,Dairy & Eggs,429,8,12,10
1063,483,2024-08-10,1900-01-01 12:20:00,12,Croissant,1,186.08,Bakery,804,8,12,10
1063,483,2024-08-10,1900-01-01 12:20:00,12,Earphones,3,371.04,Electronics,182,8,12,10
1063,483,2024-08-10,1900-01-01 12:20:00,12,Baby Food,3,335.82,Baby Care,804,8,12,10
1064,411,2024-03-02,1900-01-01 09:30:00,9,Vitamins,3,77.05,Health & Wellness,504,3,9,2
1064,411,2024-03-02,1900-01-01 09:30:00,9,Coffee,3,453.56,Beverages,863,3,9,2
1064,411,2024-03-02,1900-01-01 09:30:00,9,Bread,1,370.1,Bakery,647,3,9,2
1064,411,2024-03-02,1900-01-01 09:30:00,9,Potato,1,286.65,Fruits & Vegetables,282,3,9,2
1064,411,2024-03-02,1900-01-01 09:30:00,9,Sugar,1,392.19,Grains & Staples,981,3,9,2
1065,92,2024-01-22,1900-01-01 10:13:00,10,Face Wash,2,172.29,Personal Care,494,1,10,22
1065,92,2024-01-22,1900-01-01 10:13:00,10,Lentils,1,447.14,Grains & Staples,136,1,10,22
1065,92,2024-01-22,1900-01-01 10:13:00,10,Shirt,1,495.7,Clothing,115,1,10,22
1065,92,2024-01-22,1900-01-01 10:13:00,10,Soap,3,471.72,Personal Care,840,1,10,22
1065,92,2024-01-22,1900-01-01 10:13:00,10,Juice,3,315.86,Beverages,768,1,10,22
1065,92,2024-01-22,1900-01-01 10:13:00,10,Energy Drink,3,55.16,Beverages,163,1,10,22
1065,92,2024-01-22,1900-01-01 10:13:00,10,Rice,1,457.36,Grains & Staples,229,1,10,22
1066,52,2024-01-08,1900-01-01 17:31:00,17,Chicken Breast,2,324.11,Meat & Seafood,904,1,17,8
1066,52,2024-01-08,1900-01-01 17:31:00,17,Biscuits,2,293.79,Snacks,567,1,17,8
1066,52,2024-01-08,1900-01-01 17:31:00,17,Baby Food,3,394.32,Baby Care,569,1,17,8
1066,52,2024-01-08,1900-01-01 17:31:00,17,Face Wash,2,230.14,Personal Care,530,1,17,8
1066,52,2024-01-08,1900-01-01 17:31:00,17,Beef,2,291.93,Meat & Seafood,361,1,17,8
1067,328,2024-07-15,1900-01-01 16:03:00,16,Spinach,2,251.9,Fruits & Vegetables,283,7,16,15
1067,328,2024-07-15,1900-01-01 16:03:00,16,Tomato,1,28.43,Fruits & Vegetables,589,7,16,15
1067,328,2024-07-15,1900-01-01 16:03:00,16,Tissue,2,418.82,Household,587,7,16,15
1067,328,2024-07-15,1900-01-01 16:03:00,16,Lentils,2,73.3,Grains & Staples,715,7,16,15
1068,94,2024-05-22,1900-01-01 22:04:00,22,Baby Food,1,469.14,Baby Care,128,5,22,22
1068,94,2024-05-22,1900-01-01 22:04:00,22,Spices,3,413.63,Grains & Staples,592,5,22,22
1068,94,2024-05-22,1900-01-01 22:04:00,22,Potato,2,179.62,Fruits & Vegetables,892,5,22,22
1068,94,2024-05-22,1900-01-01 22:04:00,22,Salt,2,449.57,Grains & Staples,977,5,22,22
1068,94,2024-05-22,1900-01-01 22:04:00,22,Sugar,3,127.34,Grains & Staples,506,5,22,22
1068,94,2024-05-22,1900-01-01 22:04:00,22,Lentils,3,393.24,Grains & Staples,291,5,22,22
1068,94,2024-05-22,1900-01-01 22:04:00,22,Biscuits,3,250.16,Snacks,235,5,22,22
1069,109,2024-08-08,1900-01-01 13:04:00,13,Shampoo,3,459.09,Personal Care,579,8,13,8
1069,109,2024-08-08,1900-01-01 13:04:00,13,Toothpaste,1,239.87,Personal Care,193,8,13,8
1069,109,2024-08-08,1900-01-01 13:04:00,13,Pastry,1,48.17,Bakery,316,8,13,8
1069,109,2024-08-08,1900-01-01 13:04:00,13,Pen,2,25.35,Stationery,706,8,13,8
1070,77,2024-02-23,1900-01-01 08:23:00,8,Yogurt,2,148.49,Dairy & Eggs,642,2,8,23
1070,77,2024-02-23,1900-01-01 08:23:00,8,Salt,3,482.49,Grains & Staples,465,2,8,23
1070,77,2024-02-23,1900-01-01 08:23:00,8,Orange,3,453.16,Fruits & Vegetables,613,2,8,23
1071,49,2024-09-19,1900-01-01 17:54:00,17,Toilet Paper,3,411.92,Household,641,9,17,19
1071,49,2024-09-19,1900-01-01 17:54:00,17,Pastry,1,263.61,Bakery,555,9,17,19
1071,49,2024-09-19,1900-01-01 17:54:00,17,Floor Cleaner,1,293.75,Household,918,9,17,19
1072,195,2024-07-09,1900-01-01 10:28:00,10,Tea,2,48.84,Beverages,834,7,10,9
1072,195,2024-07-09,1900-01-01 10:28:00,10,Marker,1,17.37,Stationery,384,7,10,9
1072,195,2024-07-09,1900-01-01 10:28:00,10,Milk,3,305.71,Dairy & Eggs,845,7,10,9
1072,195,2024-07-09,1900-01-01 10:28:00,10,Cake,2,434.14,Bakery,770,7,10,9
1073,176,2024-05-04,1900-01-01 14:45:00,14,Soda,1,360.34,Beverages,757,5,14,4
1073,176,2024-05-04,1900-01-01 14:45:00,14,Chicken Breast,1,159.68,Meat & Seafood,950,5,14,4
1073,176,2024-05-04,1900-01-01 14:45:00,14,Beef,1,102.97,Meat & Seafood,310,5,14,4
1074,333,2024-12-23,1900-01-01 09:00:00,9,Tissue,1,104.6,Household,331,12,9,23
1074,333,2024-12-23,1900-01-01 09:00:00,9,Banana,3,115.42,Fruits & Vegetables,486,12,9,23
1074,333,2024-12-23,1900-01-01 09:00:00,9,Juice,2,106.92,Beverages,753,12,9,23
1074,333,2024-12-23,1900-01-01 09:00:00,9,Cheese,1,56.16,Dairy & Eggs,974,12,9,23
1074,333,2024-12-23,1900-01-01 09:00:00,9,Croissant,3,27.1,Bakery,754,12,9,23
1074,333,2024-12-23,1900-01-01 09:00:00,9,Notebook,1,228.38,Stationery,580,12,9,23
1074,333,2024-12-23,1900-01-01 09:00:00,9,Electric Kettle,2,51.79,Electronics,465,12,9,23
1075,359,2024-11-03,1900-01-01 19:26:00,19,Face Wash,1,99.25,Personal Care,621,11,19,3
1075,359,2024-11-03,1900-01-01 19:26:00,19,Fish,1,190.8,Meat & Seafood,771,11,19,3
1075,359,2024-11-03,1900-01-01 19:26:00,19,Jeans,3,231.74,Clothing,759,11,19,3
1075,359,2024-11-03,1900-01-01 19:26:00,19,Prawns,3,140.61,Meat & Seafood,418,11,19,3
1075,359,2024-11-03,1900-01-01 19:26:00,19,Pain Reliever,2,396.81,Health & Wellness,268,11,19,3
1075,359,2024-11-03,1900-01-01 19:26:00,19,Milk,2,193.63,Dairy & Eggs,293,11,19,3
1075,359,2024-11-03,1900-01-01 19:26:00,19,Baby Food,1,233.75,Baby Care,680,11,19,3
1076,43,2024-07-07,1900-01-01 06:58:00,6,Soap,2,105.41,Personal Care,584,7,6,7
1076,43,2024-07-07,1900-01-01 06:58:00,6,Diapers,2,387.01,Baby Care,577,7,6,7
1076,43,2024-07-07,1900-01-01 06:58:00,6,Bread,3,195.61,Bakery,979,7,6,7
1076,43,2024-07-07,1900-01-01 06:58:00,6,Soap,3,180.63,Personal Care,875,7,6,7
1076,43,2024-07-07,1900-01-01 06:58:00,6,Mixer Grinder,1,335.21,Electronics,493,7,6,7
1076,43,2024-07-07,1900-01-01 06:58:00,6,Educational Book,1,310.75,Books,305,7,6,7
1077,486,2024-09-11,1900-01-01 14:00:00,14,Phone Cover,1,266.23,Electronics,304,9,14,11
1077,486,2024-09-11,1900-01-01 14:00:00,14,Juice,2,114.68,Beverages,530,9,14,11
1077,486,2024-09-11,1900-01-01 14:00:00,14,Belt,1,114.47,Clothing Accessories,573,9,14,11
1077,486,2024-09-11,1900-01-01 14:00:00,14,Toothpaste,2,464.44,Personal Care,956,9,14,11
1078,299,2024-10-21,1900-01-01 17:28:00,17,Coffee,3,456.56,Beverages,153,10,17,21
1078,299,2024-10-21,1900-01-01 17:28:00,17,Beef,1,284.02,Meat & Seafood,344,10,17,21
1078,299,2024-10-21,1900-01-01 17:28:00,17,Biscuits,3,178.87,Snacks,331,10,17,21
1078,299,2024-10-21,1900-01-01 17:28:00,17,Phone Cover,3,257.11,Electronics,906,10,17,21
1078,299,2024-10-21,1900-01-01 17:28:00,17,Eggs,1,116.86,Dairy & Eggs,491,10,17,21
1079,30,2024-07-29,1900-01-01 22:58:00,22,Educational Book,2,424.4,Books,715,7,22,29
1079,30,2024-07-29,1900-01-01 22:58:00,22,Juice,1,56.45,Beverages,289,7,22,29
1079,30,2024-07-29,1900-01-01 22:58:00,22,Soda,2,460.59,Beverages,355,7,22,29
1079,30,2024-07-29,1900-01-01 22:58:00,22,Vitamins,1,78.99,Health & Wellness,863,7,22,29
1079,30,2024-07-29,1900-01-01 22:58:00,22,Diapers,3,134.71,Baby Care,386,7,22,29
1079,30,2024-07-29,1900-01-01 22:58:00,22,Dishwashing Liquid,3,115.18,Household,657,7,22,29
1079,30,2024-07-29,1900-01-01 22:58:00,22,Notebook,1,451.52,Stationery,170,7,22,29
1080,367,2024-08-30,1900-01-01 14:24:00,14,Yogurt,3,155.2,Dairy & Eggs,677,8,14,30
1080,367,2024-08-30,1900-01-01 14:24:00,14,Toilet Paper,3,94.31,Household,877,8,14,30
1080,367,2024-08-30,1900-01-01 14:24:00,14,Sugar,1,212.13,Grains & Staples,144,8,14,30
1080,367,2024-08-30,1900-01-01 14:24:00,14,Sugar,3,38.78,Grains & Staples,489,8,14,30
1080,367,2024-08-30,1900-01-01 14:24:00,14,Carrot,2,150.13,Fruits & Vegetables,728,8,14,30
1080,367,2024-08-30,1900-01-01 14:24:00,14,Floor Cleaner,3,353.53,Household,285,8,14,30
1081,136,2024-03-13,1900-01-01 22:56:00,22,Cookies,1,195.76,Bakery,696,3,22,13
1081,136,2024-03-13,1900-01-01 22:56:00,22,Shoes,1,293.02,Footwear,470,3,22,13
1081,136,2024-03-13,1900-01-01 22:56:00,22,Cake,3,218.73,Bakery,404,3,22,13
1081,136,2024-03-13,1900-01-01 22:56:00,22,Educational Book,3,319.21,Books,731,3,22,13
1081,136,2024-03-13,1900-01-01 22:56:00,22,Mixer Grinder,1,400.59,Electronics,388,3,22,13
1081,136,2024-03-13,1900-01-01 22:56:00,22,Phone Cover,2,156.0,Electronics,671,3,22,13
1082,22,2024-02-14,1900-01-01 19:25:00,19,Tomato,1,18.16,Fruits & Vegetables,573,2,19,14
1082,22,2024-02-14,1900-01-01 19:25:00,19,Diapers,2,443.42,Baby Care,250,2,19,14
1082,22,2024-02-14,1900-01-01 19:25:00,19,Biscuits,1,19.16,Snacks,629,2,19,14
1082,22,2024-02-14,1900-01-01 19:25:00,19,Rice,2,398.93,Grains & Staples,961,2,19,14
1082,22,2024-02-14,1900-01-01 19:25:00,19,Energy Drink,1,320.8,Beverages,934,2,19,14
1082,22,2024-02-14,1900-01-01 19:25:00,19,Shirt,3,14.24,Clothing,407,2,19,14
1083,82,2024-01-26,1900-01-01 11:31:00,11,Face Wash,1,98.2,Personal Care,572,1,11,26
1083,82,2024-01-26,1900-01-01 11:31:00,11,Prawns,3,327.49,Meat & Seafood,417,1,11,26
1083,82,2024-01-26,1900-01-01 11:31:00,11,Shampoo,1,142.14,Personal Care,505,1,11,26
1083,82,2024-01-26,1900-01-01 11:31:00,11,Milk,2,251.42,Dairy & Eggs,968,1,11,26
1083,82,2024-01-26,1900-01-01 11:31:00,11,Face Wash,1,188.65,Personal Care,659,1,11,26
1083,82,2024-01-26,1900-01-01 11:31:00,11,Shampoo,3,233.46,Personal Care,829,1,11,26
1083,82,2024-01-26,1900-01-01 11:31:00,11,Toothpaste,3,254.02,Personal Care,551,1,11,26
1084,386,2024-07-21,1900-01-01 20:27:00,20,Lentils,2,425.61,Grains & Staples,500,7,20,21
1084,386,2024-07-21,1900-01-01 20:27:00,20,Jeans,3,259.62,Clothing,495,7,20,21
1084,386,2024-07-21,1900-01-01 20:27:00,20,Cake,1,155.68,Bakery,393,7,20,21
1085,157,2024-03-29,1900-01-01 16:04:00,16,Cake,2,469.56,Bakery,779,3,16,29
1085,157,2024-03-29,1900-01-01 16:04:00,16,Belt,3,55.82,Clothing Accessories,893,3,16,29
1085,157,2024-03-29,1900-01-01 16:04:00,16,Popcorn,1,432.15,Snacks,415,3,16,29
1085,157,2024-03-29,1900-01-01 16:04:00,16,Chocolate,3,395.44,Snacks,428,3,16,29
1085,157,2024-03-29,1900-01-01 16:04:00,16,Toilet Paper,1,490.92,Household,392,3,16,29
1085,157,2024-03-29,1900-01-01 16:04:00,16,Pen,1,26.96,Stationery,120,3,16,29
1085,157,2024-03-29,1900-01-01 16:04:00,16,Mixer Grinder,2,172.5,Electronics,861,3,16,29
1086,121,2024-05-20,1900-01-01 11:38:00,11,Biscuits,1,424.47,Snacks,129,5,11,20
1086,121,2024-05-20,1900-01-01 11:38:00,11,Toilet Paper,2,446.99,Household,555,5,11,20
1086,121,2024-05-20,1900-01-01 11:38:00,11,Orange,3,77.8,Fruits & Vegetables,174,5,11,20
1086,121,2024-05-20,1900-01-01 11:38:00,11,Carrot,3,412.55,Fruits & Vegetables,400,5,11,20
1087,21,2024-06-07,1900-01-01 14:04:00,14,Spinach,3,238.29,Fruits & Vegetables,191,6,14,7
1087,21,2024-06-07,1900-01-01 14:04:00,14,Yogurt,1,122.93,Dairy & Eggs,442,6,14,7
1087,21,2024-06-07,1900-01-01 14:04:00,14,Apple,1,396.19,Fruits & Vegetables,559,6,14,7
1088,59,2024-09-06,1900-01-01 06:06:00,6,Tea,3,185.74,Beverages,618,9,6,6
1088,59,2024-09-06,1900-01-01 06:06:00,6,Fiction Book,1,337.56,Books,791,9,6,6
1088,59,2024-09-06,1900-01-01 06:06:00,6,Shampoo,3,435.07,Personal Care,248,9,6,6
1088,59,2024-09-06,1900-01-01 06:06:00,6,Belt,2,205.93,Clothing Accessories,507,9,6,6
1088,59,2024-09-06,1900-01-01 06:06:00,6,Pain Reliever,3,443.44,Health & Wellness,813,9,6,6
1088,59,2024-09-06,1900-01-01 06:06:00,6,Charger,3,431.33,Electronics,351,9,6,6
1089,190,2024-05-31,1900-01-01 15:46:00,15,Fish,3,369.88,Meat & Seafood,695,5,15,31
1089,190,2024-05-31,1900-01-01 15:46:00,15,Prawns,1,415.19,Meat & Seafood,792,5,15,31
1089,190,2024-05-31,1900-01-01 15:46:00,15,Salt,1,59.85,Grains & Staples,618,5,15,31
1090,236,2024-11-01,1900-01-01 12:06:00,12,Apple,1,401.05,Fruits & Vegetables,627,11,12,1
1090,236,2024-11-01,1900-01-01 12:06:00,12,Yogurt,3,336.01,Dairy & Eggs,748,11,12,1
1090,236,2024-11-01,1900-01-01 12:06:00,12,Cake,1,302.59,Bakery,627,11,12,1
1090,236,2024-11-01,1900-01-01 12:06:00,12,Dress,3,139.11,Clothing,327,11,12,1
1091,448,2024-04-10,1900-01-01 08:06:00,8,Sugar,3,241.26,Grains & Staples,436,4,8,10
1091,448,2024-04-10,1900-01-01 08:06:00,8,Cheese,2,71.98,Dairy & Eggs,572,4,8,10
1091,448,2024-04-10,1900-01-01 08:06:00,8,Mixer Grinder,2,17.82,Electronics,195,4,8,10
1091,448,2024-04-10,1900-01-01 08:06:00,8,Saree,1,437.29,Clothing,861,4,8,10
1091,448,2024-04-10,1900-01-01 08:06:00,8,Pain Reliever,1,370.54,Health & Wellness,726,4,8,10
1092,19,2024-01-28,1900-01-01 07:21:00,7,Biscuits,1,308.07,Snacks,418,1,7,28
1092,19,2024-01-28,1900-01-01 07:21:00,7,Fiction Book,2,94.95,Books,530,1,7,28
1092,19,2024-01-28,1900-01-01 07:21:00,7,Pastry,1,145.46,Bakery,790,1,7,28
1093,494,2024-11-30,1900-01-01 09:44:00,9,Dishwashing Liquid,3,384.43,Household,553,11,9,30
1093,494,2024-11-30,1900-01-01 09:44:00,9,Phone Cover,2,191.98,Electronics,333,11,9,30
1093,494,2024-11-30,1900-01-01 09:44:00,9,Soda,1,99.4,Beverages,939,11,9,30
1093,494,2024-11-30,1900-01-01 09:44:00,9,Cooking Oil,3,19.28,Grains & Staples,499,11,9,30
1093,494,2024-11-30,1900-01-01 09:44:00,9,Shirt,1,370.53,Clothing,784,11,9,30
1094,80,2024-05-01,1900-01-01 22:20:00,22,Apple,2,346.34,Fruits & Vegetables,683,5,22,1
1094,80,2024-05-01,1900-01-01 22:20:00,22,Biscuits,2,57.81,Snacks,106,5,22,1
1094,80,2024-05-01,1900-01-01 22:20:00,22,Dishwashing Liquid,2,27.84,Household,590,5,22,1
1094,80,2024-05-01,1900-01-01 22:20:00,22,Chicken Breast,3,347.12,Meat & Seafood,423,5,22,1
1095,111,2024-12-27,1900-01-01 11:21:00,11,Shirt,2,435.45,Clothing,923,12,11,27
1095,111,2024-12-27,1900-01-01 11:21:00,11,Bread,3,221.93,Bakery,671,12,11,27
1095,111,2024-12-27,1900-01-01 11:21:00,11,Carrot,3,38.72,Fruits & Vegetables,105,12,11,27
1095,111,2024-12-27,1900-01-01 11:21:00,11,Dress,3,109.85,Clothing,344,12,11,27
1096,240,2024-03-13,1900-01-01 21:54:00,21,Jeans,2,80.67,Clothing,687,3,21,13
1096,240,2024-03-13,1900-01-01 21:54:00,21,Earphones,2,77.04,Electronics,593,3,21,13
1096,240,2024-03-13,1900-01-01 21:54:00,21,Croissant,1,26.32,Bakery,527,3,21,13
1096,240,2024-03-13,1900-01-01 21:54:00,21,Shoes,3,22.6,Footwear,255,3,21,13
1096,240,2024-03-13,1900-01-01 21:54:00,21,Eggs,3,132.92,Dairy & Eggs,841,3,21,13
1097,354,2024-06-26,1900-01-01 11:31:00,11,Tissue,3,184.58,Household,568,6,11,26
1097,354,2024-06-26,1900-01-01 11:31:00,11,Soda,3,39.47,Beverages,829,6,11,26
1097,354,2024-06-26,1900-01-01 11:31:00,11,Yogurt,3,486.08,Dairy & Eggs,740,6,11,26
1097,354,2024-06-26,1900-01-01 11:31:00,11,Toothpaste,2,479.17,Personal Care,372,6,11,26
1097,354,2024-06-26,1900-01-01 11:31:00,11,Marker,1,428.13,Stationery,305,6,11,26
1098,482,2024-06-21,1900-01-01 19:35:00,19,Spinach,2,298.94,Fruits & Vegetables,643,6,19,21
1098,482,2024-06-21,1900-01-01 19:35:00,19,Pain Reliever,2,25.61,Health & Wellness,374,6,19,21
1098,482,2024-06-21,1900-01-01 19:35:00,19,Energy Drink,1,375.21,Beverages,815,6,19,21
1098,482,2024-06-21,1900-01-01 19:35:00,19,Potato,1,332.38,Fruits & Vegetables,132,6,19,21
1099,363,2024-11-04,1900-01-01 08:27:00,8,Biscuits,3,265.14,Snacks,967,11,8,4
1099,363,2024-11-04,1900-01-01 08:27:00,8,Onion,3,209.28,Fruits & Vegetables,412,11,8,4
1099,363,2024-11-04,1900-01-01 08:27:00,8,Pasta,3,95.93,Grains & Staples,383,11,8,4
1099,363,2024-11-04,1900-01-01 08:27:00,8,Sugar,1,13.75,Grains & Staples,316,11,8,4
1099,363,2024-11-04,1900-01-01 08:27:00,8,Tissue,3,363.94,Household,214,11,8,4
1099,363,2024-11-04,1900-01-01 08:27:00,8,Carrot,3,414.18,Fruits & Vegetables,727,11,8,4
1099,363,2024-11-04,1900-01-01 08:27:00,8,Tissue,2,133.1,Household,306,11,8,4
1100,419,2024-08-16,1900-01-01 13:58:00,13,Onion,3,107.02,Fruits & Vegetables,481,8,13,16
1100,419,2024-08-16,1900-01-01 13:58:00,13,Spices,2,372.72,Grains & Staples,905,8,13,16
1100,419,2024-08-16,1900-01-01 13:58:00,13,Pain Reliever,2,385.1,Health & Wellness,903,8,13,16
1100,419,2024-08-16,1900-01-01 13:58:00,13,Fish,3,475.52,Meat & Seafood,895,8,13,16
1100,419,2024-08-16,1900-01-01 13:58:00,13,Phone Cover,3,20.63,Electronics,872,8,13,16
1100,419,2024-08-16,1900-01-01 13:58:00,13,Dishwashing Liquid,2,51.24,Household,629,8,13,16
1101,364,2024-03-10,1900-01-01 19:06:00,19,Soda,1,166.85,Beverages,335,3,19,10
1101,364,2024-03-10,1900-01-01 19:06:00,19,Pen,3,419.14,Stationery,426,3,19,10
1101,364,2024-03-10,1900-01-01 19:06:00,19,Cooking Oil,2,17.42,Grains & Staples,552,3,19,10
1101,364,2024-03-10,1900-01-01 19:06:00,19,Soap,2,340.68,Personal Care,393,3,19,10
1101,364,2024-03-10,1900-01-01 19:06:00,19,Lentils,3,417.39,Grains & Staples,962,3,19,10
1101,364,2024-03-10,1900-01-01 19:06:00,19,Jeans,3,364.07,Clothing,742,3,19,10
1101,364,2024-03-10,1900-01-01 19:06:00,19,Tomato,1,67.64,Fruits & Vegetables,390,3,19,10
1102,399,2024-05-08,1900-01-01 08:22:00,8,Beef,2,21.18,Meat & Seafood,432,5,8,8
1102,399,2024-05-08,1900-01-01 08:22:00,8,Tomato,2,68.16,Fruits & Vegetables,973,5,8,8
1102,399,2024-05-08,1900-01-01 08:22:00,8,Educational Book,3,401.18,Books,621,5,8,8
1102,399,2024-05-08,1900-01-01 08:22:00,8,Pain Reliever,3,452.25,Health & Wellness,198,5,8,8
1102,399,2024-05-08,1900-01-01 08:22:00,8,Dishwashing Liquid,2,368.56,Household,840,5,8,8
1102,399,2024-05-08,1900-01-01 08:22:00,8,Cooking Oil,2,60.05,Grains & Staples,776,5,8,8
1102,399,2024-05-08,1900-01-01 08:22:00,8,Onion,3,66.19,Fruits & Vegetables,299,5,8,8
1103,192,2024-09-27,1900-01-01 08:09:00,8,Tomato,3,20.01,Fruits & Vegetables,262,9,8,27
1103,192,2024-09-27,1900-01-01 08:09:00,8,Cheese,1,84.86,Dairy & Eggs,918,9,8,27
1103,192,2024-09-27,1900-01-01 08:09:00,8,Fish,2,413.62,Meat & Seafood,359,9,8,27
1104,230,2024-10-22,1900-01-01 17:48:00,17,Eggs,1,122.91,Dairy & Eggs,631,10,17,22
1104,230,2024-10-22,1900-01-01 17:48:00,17,Diapers,3,35.42,Baby Care,564,10,17,22
1104,230,2024-10-22,1900-01-01 17:48:00,17,Pastry,2,471.25,Bakery,456,10,17,22
1104,230,2024-10-22,1900-01-01 17:48:00,17,Pastry,3,411.21,Bakery,222,10,17,22
1105,407,2024-07-01,1900-01-01 18:13:00,18,Pen,3,185.83,Stationery,652,7,18,1
1105,407,2024-07-01,1900-01-01 18:13:00,18,Charger,1,351.81,Electronics,431,7,18,1
1105,407,2024-07-01,1900-01-01 18:13:00,18,Juice,3,245.53,Beverages,441,7,18,1
1105,407,2024-07-01,1900-01-01 18:13:00,18,Vitamins,2,138.8,Health & Wellness,173,7,18,1
1106,405,2024-10-29,1900-01-01 20:38:00,20,Sugar,1,442.18,Grains & Staples,626,10,20,29
1106,405,2024-10-29,1900-01-01 20:38:00,20,Baby Food,3,356.1,Baby Care,915,10,20,29
1106,405,2024-10-29,1900-01-01 20:38:00,20,Chocolate,1,63.13,Snacks,539,10,20,29
1106,405,2024-10-29,1900-01-01 20:38:00,20,Energy Drink,1,240.99,Beverages,789,10,20,29
1106,405,2024-10-29,1900-01-01 20:38:00,20,Saree,1,323.43,Clothing,393,10,20,29
1106,405,2024-10-29,1900-01-01 20:38:00,20,Electric Kettle,3,346.5,Electronics,107,10,20,29
1107,291,2024-12-06,1900-01-01 14:06:00,14,Apple,1,370.7,Fruits & Vegetables,972,12,14,6
1107,291,2024-12-06,1900-01-01 14:06:00,14,Diapers,3,29.08,Baby Care,210,12,14,6
1107,291,2024-12-06,1900-01-01 14:06:00,14,Potato,2,166.57,Fruits & Vegetables,265,12,14,6
1107,291,2024-12-06,1900-01-01 14:06:00,14,Phone Cover,3,254.1,Electronics,884,12,14,6
1108,37,2024-10-17,1900-01-01 21:59:00,21,Cookies,2,275.38,Bakery,380,10,21,17
1108,37,2024-10-17,1900-01-01 21:59:00,21,Baby Food,3,288.29,Baby Care,968,10,21,17
1108,37,2024-10-17,1900-01-01 21:59:00,21,Marker,3,491.79,Stationery,129,10,21,17
1108,37,2024-10-17,1900-01-01 21:59:00,21,Popcorn,2,185.15,Snacks,713,10,21,17
1108,37,2024-10-17,1900-01-01 21:59:00,21,Saree,2,89.4,Clothing,209,10,21,17
1108,37,2024-10-17,1900-01-01 21:59:00,21,Coffee,3,440.12,Beverages,909,10,21,17
1109,261,2024-02-24,1900-01-01 21:26:00,21,Banana,1,98.17,Fruits & Vegetables,315,2,21,24
1109,261,2024-02-24,1900-01-01 21:26:00,21,Chicken Breast,1,482.93,Meat & Seafood,125,2,21,24
1109,261,2024-02-24,1900-01-01 21:26:00,21,Soap,3,234.71,Personal Care,498,2,21,24
1109,261,2024-02-24,1900-01-01 21:26:00,21,Potato,3,209.49,Fruits & Vegetables,244,2,21,24
1110,172,2024-10-09,1900-01-01 22:45:00,22,Sugar,2,216.33,Grains & Staples,976,10,22,9
1110,172,2024-10-09,1900-01-01 22:45:00,22,Onion,3,56.84,Fruits & Vegetables,267,10,22,9
1110,172,2024-10-09,1900-01-01 22:45:00,22,Spinach,2,193.15,Fruits & Vegetables,671,10,22,9
1110,172,2024-10-09,1900-01-01 22:45:00,22,Jeans,2,195.4,Clothing,491,10,22,9
1110,172,2024-10-09,1900-01-01 22:45:00,22,Orange,2,382.62,Fruits & Vegetables,836,10,22,9
1111,245,2024-08-27,1900-01-01 15:08:00,15,Pastry,2,193.13,Bakery,107,8,15,27
1111,245,2024-08-27,1900-01-01 15:08:00,15,Wheat Flour,1,358.8,Grains & Staples,417,8,15,27
1111,245,2024-08-27,1900-01-01 15:08:00,15,Marker,2,415.87,Stationery,858,8,15,27
1111,245,2024-08-27,1900-01-01 15:08:00,15,Toilet Paper,2,24.13,Household,495,8,15,27
1111,245,2024-08-27,1900-01-01 15:08:00,15,Coffee,2,398.67,Beverages,521,8,15,27
1111,245,2024-08-27,1900-01-01 15:08:00,15,Dress,3,90.56,Clothing,279,8,15,27
1111,245,2024-08-27,1900-01-01 15:08:00,15,Sugar,1,283.2,Grains & Staples,254,8,15,27
1112,444,2024-09-06,1900-01-01 22:45:00,22,Diapers,3,238.65,Baby Care,707,9,22,6
1112,444,2024-09-06,1900-01-01 22:45:00,22,Dress,3,167.57,Clothing,644,9,22,6
1112,444,2024-09-06,1900-01-01 22:45:00,22,Educational Book,3,224.11,Books,864,9,22,6
1112,444,2024-09-06,1900-01-01 22:45:00,22,Juice,2,104.3,Beverages,369,9,22,6
1112,444,2024-09-06,1900-01-01 22:45:00,22,Shampoo,3,496.86,Personal Care,433,9,22,6
1112,444,2024-09-06,1900-01-01 22:45:00,22,Cookies,3,388.08,Bakery,608,9,22,6
1112,444,2024-09-06,1900-01-01 22:45:00,22,Cake,3,226.9,Bakery,269,9,22,6
1113,75,2024-05-10,1900-01-01 06:09:00,6,Cheese,2,456.98,Dairy & Eggs,344,5,6,10
1113,75,2024-05-10,1900-01-01 06:09:00,6,Cake,3,344.94,Bakery,172,5,6,10
1113,75,2024-05-10,1900-01-01 06:09:00,6,Vitamins,3,251.89,Health & Wellness,672,5,6,10
1113,75,2024-05-10,1900-01-01 06:09:00,6,Prawns,2,243.02,Meat & Seafood,145,5,6,10
1113,75,2024-05-10,1900-01-01 06:09:00,6,Beef,2,224.37,Meat & Seafood,915,5,6,10
1113,75,2024-05-10,1900-01-01 06:09:00,6,Croissant,3,361.08,Bakery,631,5,6,10
1113,75,2024-05-10,1900-01-01 06:09:00,6,Carrot,3,64.97,Fruits & Vegetables,262,5,6,10
1114,384,2024-03-25,1900-01-01 19:57:00,19,Yogurt,2,484.51,Dairy & Eggs,883,3,19,25
1114,384,2024-03-25,1900-01-01 19:57:00,19,Chocolate,3,218.67,Snacks,710,3,19,25
1114,384,2024-03-25,1900-01-01 19:57:00,19,Belt,2,196.06,Clothing Accessories,765,3,19,25
1114,384,2024-03-25,1900-01-01 19:57:00,19,Butter,3,338.94,Dairy & Eggs,467,3,19,25
1114,384,2024-03-25,1900-01-01 19:57:00,19,Chips,2,356.98,Snacks,325,3,19,25
1114,384,2024-03-25,1900-01-01 19:57:00,19,Shampoo,2,434.02,Personal Care,763,3,19,25
1114,384,2024-03-25,1900-01-01 19:57:00,19,Charger,1,261.9,Electronics,570,3,19,25
1115,3,2024-03-30,1900-01-01 07:39:00,7,Lentils,3,217.6,Grains & Staples,684,3,7,30
1115,3,2024-03-30,1900-01-01 07:39:00,7,Fish,1,491.68,Meat & Seafood,446,3,7,30
1115,3,2024-03-30,1900-01-01 07:39:00,7,Dress,3,353.87,Clothing,488,3,7,30
1115,3,2024-03-30,1900-01-01 07:39:00,7,Eggs,3,445.07,Dairy & Eggs,718,3,7,30
1115,3,2024-03-30,1900-01-01 07:39:00,7,Belt,1,277.28,Clothing Accessories,771,3,7,30
1115,3,2024-03-30,1900-01-01 07:39:00,7,Milk,1,94.38,Dairy & Eggs,746,3,7,30
1115,3,2024-03-30,1900-01-01 07:39:00,7,Soap,2,17.13,Personal Care,864,3,7,30
1116,498,2024-09-08,1900-01-01 15:24:00,15,Prawns,1,176.44,Meat & Seafood,834,9,15,8
1116,498,2024-09-08,1900-01-01 15:24:00,15,Tissue,3,256.25,Household,218,9,15,8
1116,498,2024-09-08,1900-01-01 15:24:00,15,Banana,1,160.57,Fruits & Vegetables,954,9,15,8
1116,498,2024-09-08,1900-01-01 15:24:00,15,Cooking Oil,2,380.11,Grains & Staples,784,9,15,8
1117,50,2024-09-19,1900-01-01 19:18:00,19,Baby Food,2,21.43,Baby Care,314,9,19,19
1117,50,2024-09-19,1900-01-01 19:18:00,19,Biscuits,3,182.4,Snacks,731,9,19,19
1117,50,2024-09-19,1900-01-01 19:18:00,19,Sugar,2,58.05,Grains & Staples,853,9,19,19
1117,50,2024-09-19,1900-01-01 19:18:00,19,Coffee,2,242.88,Beverages,321,9,19,19
1117,50,2024-09-19,1900-01-01 19:18:00,19,Eggs,2,467.88,Dairy & Eggs,437,9,19,19
1118,124,2024-06-14,1900-01-01 08:07:00,8,Pain Reliever,2,289.38,Health & Wellness,326,6,8,14
1118,124,2024-06-14,1900-01-01 08:07:00,8,Carrot,1,23.92,Fruits & Vegetables,201,6,8,14
1118,124,2024-06-14,1900-01-01 08:07:00,8,Beef,1,131.62,Meat & Seafood,792,6,8,14
1118,124,2024-06-14,1900-01-01 08:07:00,8,Toilet Paper,2,94.85,Household,837,6,8,14
1119,146,2024-08-17,1900-01-01 17:37:00,17,Cake,3,292.15,Bakery,919,8,17,17
1119,146,2024-08-17,1900-01-01 17:37:00,17,Tissue,2,380.99,Household,254,8,17,17
1119,146,2024-08-17,1900-01-01 17:37:00,17,Cooking Oil,3,266.62,Grains & Staples,745,8,17,17
1120,11,2024-09-06,1900-01-01 18:27:00,18,Shoes,2,359.13,Footwear,209,9,18,6
1120,11,2024-09-06,1900-01-01 18:27:00,18,Banana,1,278.72,Fruits & Vegetables,249,9,18,6
1120,11,2024-09-06,1900-01-01 18:27:00,18,Shoes,3,73.25,Footwear,375,9,18,6
1120,11,2024-09-06,1900-01-01 18:27:00,18,Milk,2,325.12,Dairy & Eggs,272,9,18,6
1120,11,2024-09-06,1900-01-01 18:27:00,18,Yogurt,1,382.15,Dairy & Eggs,260,9,18,6
1121,26,2024-08-13,1900-01-01 19:03:00,19,Shirt,2,108.01,Clothing,735,8,19,13
1121,26,2024-08-13,1900-01-01 19:03:00,19,Fish,3,60.0,Meat & Seafood,101,8,19,13
1121,26,2024-08-13,1900-01-01 19:03:00,19,Belt,1,246.06,Clothing Accessories,742,8,19,13
1121,26,2024-08-13,1900-01-01 19:03:00,19,Cake,1,186.66,Bakery,257,8,19,13
1121,26,2024-08-13,1900-01-01 19:03:00,19,Belt,1,57.97,Clothing Accessories,170,8,19,13
1122,391,2024-05-03,1900-01-01 10:46:00,10,Cookies,3,126.96,Bakery,781,5,10,3
1122,391,2024-05-03,1900-01-01 10:46:00,10,Earphones,1,377.4,Electronics,970,5,10,3
1122,391,2024-05-03,1900-01-01 10:46:00,10,Toilet Paper,3,376.91,Household,684,5,10,3
1123,252,2024-06-12,1900-01-01 11:47:00,11,Energy Drink,2,347.36,Beverages,113,6,11,12
1123,252,2024-06-12,1900-01-01 11:47:00,11,Butter,3,177.46,Dairy & Eggs,603,6,11,12
1123,252,2024-06-12,1900-01-01 11:47:00,11,Orange,3,173.74,Fruits & Vegetables,536,6,11,12
1123,252,2024-06-12,1900-01-01 11:47:00,11,Orange,3,307.88,Fruits & Vegetables,387,6,11,12
1123,252,2024-06-12,1900-01-01 11:47:00,11,Pen,2,426.26,Stationery,488,6,11,12
1123,252,2024-06-12,1900-01-01 11:47:00,11,Marker,3,342.14,Stationery,201,6,11,12
1124,279,2024-09-03,1900-01-01 22:39:00,22,Face Wash,2,377.73,Personal Care,792,9,22,3
1124,279,2024-09-03,1900-01-01 22:39:00,22,Pastry,2,45.48,Bakery,276,9,22,3
1124,279,2024-09-03,1900-01-01 22:39:00,22,Spices,3,73.57,Grains & Staples,519,9,22,3
1124,279,2024-09-03,1900-01-01 22:39:00,22,Pasta,1,28.93,Grains & Staples,455,9,22,3
1124,279,2024-09-03,1900-01-01 22:39:00,22,Charger,3,264.16,Electronics,723,9,22,3
1125,107,2024-01-31,1900-01-01 06:20:00,6,Mixer Grinder,3,169.73,Electronics,549,1,6,31
1125,107,2024-01-31,1900-01-01 06:20:00,6,Carrot,3,301.67,Fruits & Vegetables,346,1,6,31
1125,107,2024-01-31,1900-01-01 06:20:00,6,Spinach,1,88.51,Fruits & Vegetables,812,1,6,31
1125,107,2024-01-31,1900-01-01 06:20:00,6,Cookies,1,55.21,Bakery,514,1,6,31
1125,107,2024-01-31,1900-01-01 06:20:00,6,Pen,1,448.55,Stationery,860,1,6,31
1125,107,2024-01-31,1900-01-01 06:20:00,6,Pen,2,284.43,Stationery,136,1,6,31
1125,107,2024-01-31,1900-01-01 06:20:00,6,Diapers,1,491.95,Baby Care,493,1,6,31
1126,447,2024-03-21,1900-01-01 15:58:00,15,Butter,3,70.77,Dairy & Eggs,123,3,15,21
1126,447,2024-03-21,1900-01-01 15:58:00,15,Shampoo,3,281.11,Personal Care,454,3,15,21
1126,447,2024-03-21,1900-01-01 15:58:00,15,Jeans,2,284.5,Clothing,557,3,15,21
1126,447,2024-03-21,1900-01-01 15:58:00,15,Banana,3,425.73,Fruits & Vegetables,531,3,15,21
1126,447,2024-03-21,1900-01-01 15:58:00,15,Yogurt,2,478.59,Dairy & Eggs,654,3,15,21
1127,497,2024-06-09,1900-01-01 07:32:00,7,Juice,1,43.63,Beverages,609,6,7,9
1127,497,2024-06-09,1900-01-01 07:32:00,7,Vitamins,1,236.96,Health & Wellness,443,6,7,9
1127,497,2024-06-09,1900-01-01 07:32:00,7,Charger,3,167.99,Electronics,259,6,7,9
1127,497,2024-06-09,1900-01-01 07:32:00,7,Shampoo,3,45.31,Personal Care,407,6,7,9
1127,497,2024-06-09,1900-01-01 07:32:00,7,Cake,2,18.12,Bakery,849,6,7,9
1127,497,2024-06-09,1900-01-01 07:32:00,7,Fiction Book,1,33.75,Books,970,6,7,9
1128,176,2024-08-07,1900-01-01 20:23:00,20,Soap,2,62.71,Personal Care,862,8,20,7
1128,176,2024-08-07,1900-01-01 20:23:00,20,Tea,2,45.35,Beverages,482,8,20,7
1128,176,2024-08-07,1900-01-01 20:23:00,20,Pasta,2,499.87,Grains & Staples,459,8,20,7
1128,176,2024-08-07,1900-01-01 20:23:00,20,Soap,3,99.08,Personal Care,465,8,20,7
1128,176,2024-08-07,1900-01-01 20:23:00,20,Salt,1,333.74,Grains & Staples,341,8,20,7
1129,234,2024-06-02,1900-01-01 15:55:00,15,Chips,1,140.54,Snacks,592,6,15,2
1129,234,2024-06-02,1900-01-01 15:55:00,15,Pen,2,254.0,Stationery,110,6,15,2
1129,234,2024-06-02,1900-01-01 15:55:00,15,Fish,2,207.0,Meat & Seafood,293,6,15,2
1129,234,2024-06-02,1900-01-01 15:55:00,15,Pastry,2,268.08,Bakery,507,6,15,2
1129,234,2024-06-02,1900-01-01 15:55:00,15,Sugar,3,438.65,Grains & Staples,641,6,15,2
1129,234,2024-06-02,1900-01-01 15:55:00,15,Lentils,3,156.56,Grains & Staples,251,6,15,2
1129,234,2024-06-02,1900-01-01 15:55:00,15,Butter,2,418.84,Dairy & Eggs,165,6,15,2
1130,161,2024-06-26,1900-01-01 11:57:00,11,Salt,2,304.14,Grains & Staples,194,6,11,26
1130,161,2024-06-26,1900-01-01 11:57:00,11,Apple,1,124.36,Fruits & Vegetables,417,6,11,26
1130,161,2024-06-26,1900-01-01 11:57:00,11,Floor Cleaner,3,314.66,Household,639,6,11,26
1131,138,2024-10-19,1900-01-01 10:44:00,10,Vitamins,1,108.13,Health & Wellness,453,10,10,19
1131,138,2024-10-19,1900-01-01 10:44:00,10,Milk,2,341.36,Dairy & Eggs,188,10,10,19
1131,138,2024-10-19,1900-01-01 10:44:00,10,Toothpaste,3,228.12,Personal Care,244,10,10,19
1131,138,2024-10-19,1900-01-01 10:44:00,10,Cooking Oil,3,229.71,Grains & Staples,714,10,10,19
1131,138,2024-10-19,1900-01-01 10:44:00,10,Banana,3,88.61,Fruits & Vegetables,333,10,10,19
1131,138,2024-10-19,1900-01-01 10:44:00,10,Coffee,2,91.11,Beverages,552,10,10,19
1131,138,2024-10-19,1900-01-01 10:44:00,10,Cheese,2,314.49,Dairy & Eggs,964,10,10,19
1132,33,2024-05-04,1900-01-01 17:55:00,17,Marker,2,107.16,Stationery,542,5,17,4
1132,33,2024-05-04,1900-01-01 17:55:00,17,Cooking Oil,3,453.01,Grains & Staples,924,5,17,4
1132,33,2024-05-04,1900-01-01 17:55:00,17,Banana,3,228.54,Fruits & Vegetables,156,5,17,4
1133,249,2024-08-31,1900-01-01 08:23:00,8,Charger,3,382.1,Electronics,580,8,8,31
1133,249,2024-08-31,1900-01-01 08:23:00,8,Milk,2,233.56,Dairy & Eggs,493,8,8,31
1133,249,2024-08-31,1900-01-01 08:23:00,8,Tissue,3,196.24,Household,369,8,8,31
1133,249,2024-08-31,1900-01-01 08:23:00,8,Toilet Paper,1,472.8,Household,969,8,8,31
1133,249,2024-08-31,1900-01-01 08:23:00,8,Bread,3,101.83,Bakery,610,8,8,31
1133,249,2024-08-31,1900-01-01 08:23:00,8,Baby Food,3,92.88,Baby Care,394,8,8,31
1134,443,2024-04-21,1900-01-01 07:38:00,7,Face Wash,3,205.36,Personal Care,764,4,7,21
1134,443,2024-04-21,1900-01-01 07:38:00,7,Face Wash,2,180.63,Personal Care,362,4,7,21
1134,443,2024-04-21,1900-01-01 07:38:00,7,Pasta,2,456.53,Grains & Staples,873,4,7,21
1135,338,2024-06-24,1900-01-01 08:03:00,8,Salt,3,389.76,Grains & Staples,593,6,8,24
1135,338,2024-06-24,1900-01-01 08:03:00,8,Yogurt,2,260.17,Dairy & Eggs,361,6,8,24
1135,338,2024-06-24,1900-01-01 08:03:00,8,Mixer Grinder,1,94.56,Electronics,339,6,8,24
1135,338,2024-06-24,1900-01-01 08:03:00,8,Mixer Grinder,2,245.3,Electronics,900,6,8,24
1135,338,2024-06-24,1900-01-01 08:03:00,8,Butter,1,432.29,Dairy & Eggs,280,6,8,24
1135,338,2024-06-24,1900-01-01 08:03:00,8,Tomato,3,247.41,Fruits & Vegetables,877,6,8,24
1135,338,2024-06-24,1900-01-01 08:03:00,8,Floor Cleaner,1,211.31,Household,835,6,8,24
1136,298,2024-02-09,1900-01-01 22:06:00,22,Potato,1,151.18,Fruits & Vegetables,521,2,22,9
1136,298,2024-02-09,1900-01-01 22:06:00,22,Rice,3,191.04,Grains & Staples,849,2,22,9
1136,298,2024-02-09,1900-01-01 22:06:00,22,Cake,1,130.33,Bakery,291,2,22,9
1137,304,2024-05-15,1900-01-01 16:32:00,16,Cookies,1,184.91,Bakery,351,5,16,15
1137,304,2024-05-15,1900-01-01 16:32:00,16,Orange,3,297.96,Fruits & Vegetables,925,5,16,15
1137,304,2024-05-15,1900-01-01 16:32:00,16,Shoes,1,499.47,Footwear,974,5,16,15
1137,304,2024-05-15,1900-01-01 16:32:00,16,Shirt,1,424.3,Clothing,612,5,16,15
1138,251,2024-01-29,1900-01-01 16:34:00,16,Toothpaste,1,472.94,Personal Care,882,1,16,29
1138,251,2024-01-29,1900-01-01 16:34:00,16,Pen,1,242.07,Stationery,258,1,16,29
1138,251,2024-01-29,1900-01-01 16:34:00,16,Coffee,1,60.13,Beverages,779,1,16,29
1138,251,2024-01-29,1900-01-01 16:34:00,16,Soda,3,45.06,Beverages,133,1,16,29
1138,251,2024-01-29,1900-01-01 16:34:00,16,Prawns,3,485.08,Meat & Seafood,916,1,16,29
1138,251,2024-01-29,1900-01-01 16:34:00,16,Shampoo,2,233.96,Personal Care,442,1,16,29
1139,476,2024-06-09,1900-01-01 14:07:00,14,Soda,1,137.36,Beverages,991,6,14,9
1139,476,2024-06-09,1900-01-01 14:07:00,14,Carrot,2,176.89,Fruits & Vegetables,178,6,14,9
1139,476,2024-06-09,1900-01-01 14:07:00,14,Cheese,2,126.16,Dairy & Eggs,973,6,14,9
1140,229,2024-02-20,1900-01-01 06:51:00,6,Tomato,2,490.23,Fruits & Vegetables,387,2,6,20
1140,229,2024-02-20,1900-01-01 06:51:00,6,Tissue,1,106.17,Household,116,2,6,20
1140,229,2024-02-20,1900-01-01 06:51:00,6,Apple,1,271.37,Fruits & Vegetables,780,2,6,20
1140,229,2024-02-20,1900-01-01 06:51:00,6,Coffee,2,268.37,Beverages,508,2,6,20
1140,229,2024-02-20,1900-01-01 06:51:00,6,Orange,2,386.69,Fruits & Vegetables,984,2,6,20
1141,116,2024-05-10,1900-01-01 09:47:00,9,Butter,1,225.64,Dairy & Eggs,681,5,9,10
1141,116,2024-05-10,1900-01-01 09:47:00,9,Diapers,1,231.48,Baby Care,313,5,9,10
1141,116,2024-05-10,1900-01-01 09:47:00,9,Sugar,2,185.13,Grains & Staples,612,5,9,10
1141,116,2024-05-10,1900-01-01 09:47:00,9,Marker,3,394.38,Stationery,623,5,9,10
1141,116,2024-05-10,1900-01-01 09:47:00,9,Jeans,1,140.26,Clothing,526,5,9,10
1141,116,2024-05-10,1900-01-01 09:47:00,9,Tissue,3,280.17,Household,187,5,9,10
1141,116,2024-05-10,1900-01-01 09:47:00,9,Tea,2,64.47,Beverages,140,5,9,10
1142,169,2024-11-18,1900-01-01 18:09:00,18,Diapers,2,103.94,Baby Care,228,11,18,18
1142,169,2024-11-18,1900-01-01 18:09:00,18,Shampoo,3,348.51,Personal Care,584,11,18,18
1142,169,2024-11-18,1900-01-01 18:09:00,18,Yogurt,1,143.73,Dairy & Eggs,874,11,18,18
1142,169,2024-11-18,1900-01-01 18:09:00,18,Milk,3,29.27,Dairy & Eggs,429,11,18,18
1142,169,2024-11-18,1900-01-01 18:09:00,18,Toilet Paper,3,140.21,Household,892,11,18,18
1142,169,2024-11-18,1900-01-01 18:09:00,18,Spinach,3,40.35,Fruits & Vegetables,823,11,18,18
1142,169,2024-11-18,1900-01-01 18:09:00,18,Cooking Oil,1,198.62,Grains & Staples,823,11,18,18
1143,314,2024-08-24,1900-01-01 08:42:00,8,Shoes,3,279.34,Footwear,977,8,8,24
1143,314,2024-08-24,1900-01-01 08:42:00,8,Shirt,3,253.73,Clothing,230,8,8,24
1143,314,2024-08-24,1900-01-01 08:42:00,8,Milk,3,273.9,Dairy & Eggs,989,8,8,24
1143,314,2024-08-24,1900-01-01 08:42:00,8,Spinach,1,451.79,Fruits & Vegetables,637,8,8,24
1143,314,2024-08-24,1900-01-01 08:42:00,8,Educational Book,2,72.27,Books,735,8,8,24
1143,314,2024-08-24,1900-01-01 08:42:00,8,Dress,2,335.88,Clothing,269,8,8,24
1143,314,2024-08-24,1900-01-01 08:42:00,8,Dishwashing Liquid,2,419.11,Household,971,8,8,24
1144,360,2024-06-06,1900-01-01 06:19:00,6,Notebook,2,497.34,Stationery,908,6,6,6
1144,360,2024-06-06,1900-01-01 06:19:00,6,Detergent,1,139.53,Household,384,6,6,6
1144,360,2024-06-06,1900-01-01 06:19:00,6,Wheat Flour,2,450.87,Grains & Staples,457,6,6,6
1144,360,2024-06-06,1900-01-01 06:19:00,6,Phone Cover,3,283.98,Electronics,132,6,6,6
1145,329,2024-04-24,1900-01-01 19:54:00,19,Educational Book,1,465.18,Books,306,4,19,24
1145,329,2024-04-24,1900-01-01 19:54:00,19,Saree,1,296.51,Clothing,201,4,19,24
1145,329,2024-04-24,1900-01-01 19:54:00,19,Detergent,2,413.73,Household,848,4,19,24
1145,329,2024-04-24,1900-01-01 19:54:00,19,Milk,3,308.06,Dairy & Eggs,956,4,19,24
1145,329,2024-04-24,1900-01-01 19:54:00,19,Cooking Oil,3,221.01,Grains & Staples,683,4,19,24
1145,329,2024-04-24,1900-01-01 19:54:00,19,Butter,2,358.88,Dairy & Eggs,519,4,19,24
1145,329,2024-04-24,1900-01-01 19:54:00,19,Toilet Paper,2,144.11,Household,975,4,19,24
1146,265,2024-09-04,1900-01-01 19:05:00,19,Tissue,2,253.18,Household,422,9,19,4
1146,265,2024-09-04,1900-01-01 19:05:00,19,Mixer Grinder,1,387.52,Electronics,332,9,19,4
1146,265,2024-09-04,1900-01-01 19:05:00,19,Dress,2,343.76,Clothing,352,9,19,4
1146,265,2024-09-04,1900-01-01 19:05:00,19,Floor Cleaner,2,450.86,Household,578,9,19,4
1147,316,2024-08-20,1900-01-01 21:03:00,21,Marker,3,267.72,Stationery,913,8,21,20
1147,316,2024-08-20,1900-01-01 21:03:00,21,Phone Cover,2,127.15,Electronics,504,8,21,20
1147,316,2024-08-20,1900-01-01 21:03:00,21,Chips,3,58.43,Snacks,792,8,21,20
1147,316,2024-08-20,1900-01-01 21:03:00,21,Milk,3,468.29,Dairy & Eggs,355,8,21,20
1147,316,2024-08-20,1900-01-01 21:03:00,21,Marker,1,213.87,Stationery,380,8,21,20
1147,316,2024-08-20,1900-01-01 21:03:00,21,Toilet Paper,3,60.49,Household,652,8,21,20
1148,26,2024-05-06,1900-01-01 09:42:00,9,Prawns,1,367.54,Meat & Seafood,415,5,9,6
1148,26,2024-05-06,1900-01-01 09:42:00,9,Cheese,1,157.13,Dairy & Eggs,725,5,9,6
1148,26,2024-05-06,1900-01-01 09:42:00,9,Charger,1,25.0,Electronics,822,5,9,6
1148,26,2024-05-06,1900-01-01 09:42:00,9,Yogurt,3,293.17,Dairy & Eggs,749,5,9,6
1148,26,2024-05-06,1900-01-01 09:42:00,9,Bread,3,51.42,Bakery,977,5,9,6
1149,295,2024-11-02,1900-01-01 17:17:00,17,Cooking Oil,2,151.15,Grains & Staples,467,11,17,2
1149,295,2024-11-02,1900-01-01 17:17:00,17,Toothpaste,2,235.4,Personal Care,369,11,17,2
1149,295,2024-11-02,1900-01-01 17:17:00,17,Tissue,1,213.12,Household,651,11,17,2
1149,295,2024-11-02,1900-01-01 17:17:00,17,Jeans,3,478.48,Clothing,100,11,17,2
1149,295,2024-11-02,1900-01-01 17:17:00,17,Milk,2,464.04,Dairy & Eggs,150,11,17,2
1149,295,2024-11-02,1900-01-01 17:17:00,17,Dress,3,295.68,Clothing,475,11,17,2
1149,295,2024-11-02,1900-01-01 17:17:00,17,Tissue,2,317.48,Household,471,11,17,2
1150,171,2024-08-21,1900-01-01 09:13:00,9,Baby Food,1,434.0,Baby Care,895,8,9,21
1150,171,2024-08-21,1900-01-01 09:13:00,9,Jeans,1,137.16,Clothing,996,8,9,21
1150,171,2024-08-21,1900-01-01 09:13:00,9,Bread,2,464.16,Bakery,286,8,9,21
1150,171,2024-08-21,1900-01-01 09:13:00,9,Energy Drink,1,259.81,Beverages,118,8,9,21
1150,171,2024-08-21,1900-01-01 09:13:00,9,Dishwashing Liquid,2,136.17,Household,508,8,9,21
1150,171,2024-08-21,1900-01-01 09:13:00,9,Onion,1,86.17,Fruits & Vegetables,945,8,9,21
1151,215,2024-03-25,1900-01-01 06:47:00,6,Fish,2,415.22,Meat & Seafood,614,3,6,25
1151,215,2024-03-25,1900-01-01 06:47:00,6,Pastry,3,35.45,Bakery,182,3,6,25
1151,215,2024-03-25,1900-01-01 06:47:00,6,Salt,3,104.95,Grains & Staples,709,3,6,25
1151,215,2024-03-25,1900-01-01 06:47:00,6,Belt,2,102.85,Clothing Accessories,559,3,6,25
1151,215,2024-03-25,1900-01-01 06:47:00,6,Electric Kettle,1,386.93,Electronics,618,3,6,25
1151,215,2024-03-25,1900-01-01 06:47:00,6,Croissant,1,71.64,Bakery,796,3,6,25
1151,215,2024-03-25,1900-01-01 06:47:00,6,Potato,3,333.39,Fruits & Vegetables,627,3,6,25
1152,399,2024-06-21,1900-01-01 10:48:00,10,Onion,1,368.61,Fruits & Vegetables,382,6,10,21
1152,399,2024-06-21,1900-01-01 10:48:00,10,Apple,3,428.32,Fruits & Vegetables,942,6,10,21
1152,399,2024-06-21,1900-01-01 10:48:00,10,Apple,2,350.4,Fruits & Vegetables,597,6,10,21
1152,399,2024-06-21,1900-01-01 10:48:00,10,Pain Reliever,3,204.87,Health & Wellness,383,6,10,21
1152,399,2024-06-21,1900-01-01 10:48:00,10,Tomato,1,449.16,Fruits & Vegetables,696,6,10,21
1152,399,2024-06-21,1900-01-01 10:48:00,10,Cookies,2,382.48,Bakery,452,6,10,21
1153,400,2024-08-09,1900-01-01 19:17:00,19,Spinach,2,48.32,Fruits & Vegetables,663,8,19,9
1153,400,2024-08-09,1900-01-01 19:17:00,19,Tea,2,113.55,Beverages,678,8,19,9
1153,400,2024-08-09,1900-01-01 19:17:00,19,Chicken Breast,2,42.59,Meat & Seafood,746,8,19,9
1154,173,2024-09-13,1900-01-01 08:16:00,8,Pastry,2,309.14,Bakery,684,9,8,13
1154,173,2024-09-13,1900-01-01 08:16:00,8,Fish,2,241.23,Meat & Seafood,529,9,8,13
1154,173,2024-09-13,1900-01-01 08:16:00,8,Detergent,3,472.36,Household,297,9,8,13
1154,173,2024-09-13,1900-01-01 08:16:00,8,Salt,3,323.69,Grains & Staples,280,9,8,13
1154,173,2024-09-13,1900-01-01 08:16:00,8,Juice,3,305.86,Beverages,253,9,8,13
1154,173,2024-09-13,1900-01-01 08:16:00,8,Pastry,3,273.22,Bakery,617,9,8,13
1154,173,2024-09-13,1900-01-01 08:16:00,8,Banana,2,244.26,Fruits & Vegetables,200,9,8,13
1155,7,2024-08-30,1900-01-01 15:24:00,15,Wheat Flour,3,362.22,Grains & Staples,872,8,15,30
1155,7,2024-08-30,1900-01-01 15:24:00,15,Face Wash,2,171.51,Personal Care,387,8,15,30
1155,7,2024-08-30,1900-01-01 15:24:00,15,Carrot,1,319.56,Fruits & Vegetables,796,8,15,30
1155,7,2024-08-30,1900-01-01 15:24:00,15,Notebook,3,450.82,Stationery,147,8,15,30
1155,7,2024-08-30,1900-01-01 15:24:00,15,Shoes,2,401.44,Footwear,689,8,15,30
1155,7,2024-08-30,1900-01-01 15:24:00,15,Face Wash,3,368.85,Personal Care,269,8,15,30
1156,368,2024-02-15,1900-01-01 15:21:00,15,Biscuits,2,216.13,Snacks,211,2,15,15
1156,368,2024-02-15,1900-01-01 15:21:00,15,Wheat Flour,2,170.22,Grains & Staples,650,2,15,15
1156,368,2024-02-15,1900-01-01 15:21:00,15,Soap,1,271.75,Personal Care,552,2,15,15
1156,368,2024-02-15,1900-01-01 15:21:00,15,Cheese,2,41.39,Dairy & Eggs,761,2,15,15
1156,368,2024-02-15,1900-01-01 15:21:00,15,Baby Food,1,72.73,Baby Care,763,2,15,15
1156,368,2024-02-15,1900-01-01 15:21:00,15,Toothpaste,1,42.41,Personal Care,967,2,15,15
1156,368,2024-02-15,1900-01-01 15:21:00,15,Dishwashing Liquid,2,378.44,Household,399,2,15,15
1157,104,2024-02-16,1900-01-01 13:41:00,13,Pen,1,183.84,Stationery,361,2,13,16
1157,104,2024-02-16,1900-01-01 13:41:00,13,Phone Cover,2,127.66,Electronics,406,2,13,16
1157,104,2024-02-16,1900-01-01 13:41:00,13,Cheese,1,388.66,Dairy & Eggs,731,2,13,16
1157,104,2024-02-16,1900-01-01 13:41:00,13,Spinach,3,290.26,Fruits & Vegetables,865,2,13,16
1157,104,2024-02-16,1900-01-01 13:41:00,13,Toothpaste,3,429.44,Personal Care,460,2,13,16
1157,104,2024-02-16,1900-01-01 13:41:00,13,Coffee,1,466.06,Beverages,820,2,13,16
1157,104,2024-02-16,1900-01-01 13:41:00,13,Dishwashing Liquid,3,111.6,Household,350,2,13,16
1158,322,2024-02-23,1900-01-01 18:49:00,18,Spinach,2,222.93,Fruits & Vegetables,197,2,18,23
1158,322,2024-02-23,1900-01-01 18:49:00,18,Onion,2,391.85,Fruits & Vegetables,116,2,18,23
1158,322,2024-02-23,1900-01-01 18:49:00,18,Floor Cleaner,2,221.3,Household,157,2,18,23
1158,322,2024-02-23,1900-01-01 18:49:00,18,Eggs,3,469.08,Dairy & Eggs,477,2,18,23
1158,322,2024-02-23,1900-01-01 18:49:00,18,Belt,2,470.56,Clothing Accessories,213,2,18,23
1159,122,2024-05-31,1900-01-01 14:34:00,14,Dishwashing Liquid,2,373.56,Household,733,5,14,31
1159,122,2024-05-31,1900-01-01 14:34:00,14,Spices,1,475.36,Grains & Staples,783,5,14,31
1159,122,2024-05-31,1900-01-01 14:34:00,14,Toilet Paper,2,213.23,Household,362,5,14,31
1159,122,2024-05-31,1900-01-01 14:34:00,14,Pastry,2,181.44,Bakery,242,5,14,31
1159,122,2024-05-31,1900-01-01 14:34:00,14,Charger,2,252.99,Electronics,339,5,14,31
1159,122,2024-05-31,1900-01-01 14:34:00,14,Diapers,1,350.44,Baby Care,895,5,14,31
1160,210,2024-11-03,1900-01-01 07:05:00,7,Pasta,3,137.93,Grains & Staples,211,11,7,3
1160,210,2024-11-03,1900-01-01 07:05:00,7,Dress,1,120.66,Clothing,806,11,7,3
1160,210,2024-11-03,1900-01-01 07:05:00,7,Soap,3,25.09,Personal Care,548,11,7,3
1160,210,2024-11-03,1900-01-01 07:05:00,7,Potato,3,33.31,Fruits & Vegetables,492,11,7,3
1160,210,2024-11-03,1900-01-01 07:05:00,7,Baby Food,1,58.41,Baby Care,302,11,7,3
1160,210,2024-11-03,1900-01-01 07:05:00,7,Pain Reliever,3,361.73,Health & Wellness,788,11,7,3
1160,210,2024-11-03,1900-01-01 07:05:00,7,Juice,2,337.02,Beverages,665,11,7,3
1161,89,2024-12-13,1900-01-01 13:21:00,13,Lentils,3,397.26,Grains & Staples,614,12,13,13
1161,89,2024-12-13,1900-01-01 13:21:00,13,Milk,3,347.25,Dairy & Eggs,281,12,13,13
1161,89,2024-12-13,1900-01-01 13:21:00,13,Vitamins,1,18.77,Health & Wellness,608,12,13,13
1162,347,2024-11-02,1900-01-01 11:57:00,11,Phone Cover,2,247.52,Electronics,360,11,11,2
1162,347,2024-11-02,1900-01-01 11:57:00,11,Cheese,3,265.0,Dairy & Eggs,128,11,11,2
1162,347,2024-11-02,1900-01-01 11:57:00,11,Onion,2,376.41,Fruits & Vegetables,288,11,11,2
1163,406,2024-12-05,1900-01-01 17:40:00,17,Rice,3,255.18,Grains & Staples,181,12,17,5
1163,406,2024-12-05,1900-01-01 17:40:00,17,Toilet Paper,3,142.51,Household,320,12,17,5
1163,406,2024-12-05,1900-01-01 17:40:00,17,Cooking Oil,2,201.95,Grains & Staples,637,12,17,5
1163,406,2024-12-05,1900-01-01 17:40:00,17,Croissant,1,421.21,Bakery,222,12,17,5
1163,406,2024-12-05,1900-01-01 17:40:00,17,Belt,3,115.97,Clothing Accessories,526,12,17,5
1163,406,2024-12-05,1900-01-01 17:40:00,17,Banana,2,451.15,Fruits & Vegetables,617,12,17,5
1163,406,2024-12-05,1900-01-01 17:40:00,17,Shampoo,1,416.37,Personal Care,412,12,17,5
1164,408,2024-12-04,1900-01-01 11:49:00,11,Belt,2,288.52,Clothing Accessories,282,12,11,4
1164,408,2024-12-04,1900-01-01 11:49:00,11,Croissant,3,197.42,Bakery,956,12,11,4
1164,408,2024-12-04,1900-01-01 11:49:00,11,Juice,2,429.36,Beverages,511,12,11,4
1164,408,2024-12-04,1900-01-01 11:49:00,11,Spinach,2,108.27,Fruits & Vegetables,619,12,11,4
1164,408,2024-12-04,1900-01-01 11:49:00,11,Cake,1,371.33,Bakery,292,12,11,4
1165,80,2024-05-15,1900-01-01 22:04:00,22,Eggs,1,455.96,Dairy & Eggs,682,5,22,15
1165,80,2024-05-15,1900-01-01 22:04:00,22,Marker,1,219.31,Stationery,791,5,22,15
1165,80,2024-05-15,1900-01-01 22:04:00,22,Pen,1,278.34,Stationery,149,5,22,15
1165,80,2024-05-15,1900-01-01 22:04:00,22,Dress,1,240.37,Clothing,515,5,22,15
1165,80,2024-05-15,1900-01-01 22:04:00,22,Chicken Breast,1,124.49,Meat & Seafood,596,5,22,15
1165,80,2024-05-15,1900-01-01 22:04:00,22,Saree,2,355.41,Clothing,885,5,22,15
1165,80,2024-05-15,1900-01-01 22:04:00,22,Baby Food,2,250.93,Baby Care,333,5,22,15
1166,282,2024-06-12,1900-01-01 17:27:00,17,Shirt,1,345.86,Clothing,836,6,17,12
1166,282,2024-06-12,1900-01-01 17:27:00,17,Orange,1,46.53,Fruits & Vegetables,673,6,17,12
1166,282,2024-06-12,1900-01-01 17:27:00,17,Spinach,1,126.94,Fruits & Vegetables,577,6,17,12
1166,282,2024-06-12,1900-01-01 17:27:00,17,Dishwashing Liquid,2,351.73,Household,136,6,17,12
1167,235,2024-10-27,1900-01-01 21:55:00,21,Lentils,3,330.18,Grains & Staples,511,10,21,27
1167,235,2024-10-27,1900-01-01 21:55:00,21,Marker,2,320.98,Stationery,138,10,21,27
1167,235,2024-10-27,1900-01-01 21:55:00,21,Soda,2,425.42,Beverages,129,10,21,27
1167,235,2024-10-27,1900-01-01 21:55:00,21,Belt,3,304.24,Clothing Accessories,324,10,21,27
1167,235,2024-10-27,1900-01-01 21:55:00,21,Belt,3,221.87,Clothing Accessories,331,10,21,27
1168,172,2024-08-02,1900-01-01 17:27:00,17,Floor Cleaner,3,361.44,Household,638,8,17,2
1168,172,2024-08-02,1900-01-01 17:27:00,17,Pasta,1,79.69,Grains & Staples,734,8,17,2
1168,172,2024-08-02,1900-01-01 17:27:00,17,Soap,3,92.35,Personal Care,942,8,17,2
1168,172,2024-08-02,1900-01-01 17:27:00,17,Toilet Paper,3,16.17,Household,405,8,17,2
1168,172,2024-08-02,1900-01-01 17:27:00,17,Biscuits,1,340.87,Snacks,567,8,17,2
1169,297,2024-10-02,1900-01-01 10:44:00,10,Pasta,1,150.78,Grains & Staples,189,10,10,2
1169,297,2024-10-02,1900-01-01 10:44:00,10,Notebook,3,357.43,Stationery,885,10,10,2
1169,297,2024-10-02,1900-01-01 10:44:00,10,Detergent,1,387.87,Household,615,10,10,2
1169,297,2024-10-02,1900-01-01 10:44:00,10,Educational Book,2,451.54,Books,992,10,10,2
1169,297,2024-10-02,1900-01-01 10:44:00,10,Earphones,3,129.68,Electronics,757,10,10,2
1170,166,2024-11-26,1900-01-01 11:12:00,11,Lentils,2,337.49,Grains & Staples,689,11,11,26
1170,166,2024-11-26,1900-01-01 11:12:00,11,Detergent,1,299.5,Household,835,11,11,26
1170,166,2024-11-26,1900-01-01 11:12:00,11,Diapers,1,153.66,Baby Care,817,11,11,26
1170,166,2024-11-26,1900-01-01 11:12:00,11,Beef,1,235.11,Meat & Seafood,534,11,11,26
1170,166,2024-11-26,1900-01-01 11:12:00,11,Sugar,3,81.24,Grains & Staples,117,11,11,26
1171,426,2024-01-15,1900-01-01 12:49:00,12,Toothpaste,2,55.38,Personal Care,870,1,12,15
1171,426,2024-01-15,1900-01-01 12:49:00,12,Floor Cleaner,3,496.77,Household,482,1,12,15
1171,426,2024-01-15,1900-01-01 12:49:00,12,Saree,3,166.83,Clothing,983,1,12,15
1171,426,2024-01-15,1900-01-01 12:49:00,12,Spinach,2,51.73,Fruits & Vegetables,185,1,12,15
1171,426,2024-01-15,1900-01-01 12:49:00,12,Chips,1,374.74,Snacks,950,1,12,15
1172,266,2024-09-02,1900-01-01 17:18:00,17,Rice,1,67.74,Grains & Staples,915,9,17,2
1172,266,2024-09-02,1900-01-01 17:18:00,17,Beef,1,174.21,Meat & Seafood,116,9,17,2
1172,266,2024-09-02,1900-01-01 17:18:00,17,Bread,3,330.45,Bakery,408,9,17,2
1172,266,2024-09-02,1900-01-01 17:18:00,17,Jeans,3,88.83,Clothing,135,9,17,2
1173,39,2024-06-04,1900-01-01 20:07:00,20,Chips,2,329.38,Snacks,988,6,20,4
1173,39,2024-06-04,1900-01-01 20:07:00,20,Wheat Flour,3,498.84,Grains & Staples,822,6,20,4
1173,39,2024-06-04,1900-01-01 20:07:00,20,Bread,1,134.03,Bakery,701,6,20,4
1174,188,2024-10-17,1900-01-01 21:14:00,21,Butter,1,406.2,Dairy & Eggs,286,10,21,17
1174,188,2024-10-17,1900-01-01 21:14:00,21,Milk,2,199.27,Dairy & Eggs,545,10,21,17
1174,188,2024-10-17,1900-01-01 21:14:00,21,Diapers,3,423.82,Baby Care,505,10,21,17
1174,188,2024-10-17,1900-01-01 21:14:00,21,Dress,2,289.25,Clothing,879,10,21,17
1174,188,2024-10-17,1900-01-01 21:14:00,21,Biscuits,2,166.07,Snacks,798,10,21,17
1174,188,2024-10-17,1900-01-01 21:14:00,21,Apple,3,91.83,Fruits & Vegetables,517,10,21,17
1175,457,2024-02-22,1900-01-01 14:47:00,14,Fish,3,33.27,Meat & Seafood,188,2,14,22
1175,457,2024-02-22,1900-01-01 14:47:00,14,Salt,1,138.6,Grains & Staples,577,2,14,22
1175,457,2024-02-22,1900-01-01 14:47:00,14,Chips,1,211.81,Snacks,307,2,14,22
1175,457,2024-02-22,1900-01-01 14:47:00,14,Yogurt,3,87.34,Dairy & Eggs,412,2,14,22
1175,457,2024-02-22,1900-01-01 14:47:00,14,Pen,1,285.84,Stationery,714,2,14,22
1176,449,2024-07-21,1900-01-01 17:27:00,17,Pen,1,267.65,Stationery,243,7,17,21
1176,449,2024-07-21,1900-01-01 17:27:00,17,Chicken Breast,2,47.62,Meat & Seafood,126,7,17,21
1176,449,2024-07-21,1900-01-01 17:27:00,17,Juice,1,124.04,Beverages,752,7,17,21
1176,449,2024-07-21,1900-01-01 17:27:00,17,Phone Cover,3,182.29,Electronics,944,7,17,21
1177,461,2024-04-12,1900-01-01 07:23:00,7,Cooking Oil,3,432.22,Grains & Staples,841,4,7,12
1177,461,2024-04-12,1900-01-01 07:23:00,7,Cooking Oil,3,488.09,Grains & Staples,523,4,7,12
1177,461,2024-04-12,1900-01-01 07:23:00,7,Face Wash,3,364.53,Personal Care,693,4,7,12
1178,358,2024-03-23,1900-01-01 16:37:00,16,Floor Cleaner,1,345.09,Household,766,3,16,23
1178,358,2024-03-23,1900-01-01 16:37:00,16,Tea,2,371.47,Beverages,672,3,16,23
1178,358,2024-03-23,1900-01-01 16:37:00,16,Prawns,3,497.52,Meat & Seafood,781,3,16,23
1178,358,2024-03-23,1900-01-01 16:37:00,16,Spinach,2,218.42,Fruits & Vegetables,326,3,16,23
1178,358,2024-03-23,1900-01-01 16:37:00,16,Soda,2,164.44,Beverages,921,3,16,23
1179,406,2024-07-20,1900-01-01 09:13:00,9,Sugar,3,311.35,Grains & Staples,992,7,9,20
1179,406,2024-07-20,1900-01-01 09:13:00,9,Shampoo,2,31.39,Personal Care,512,7,9,20
1179,406,2024-07-20,1900-01-01 09:13:00,9,Fiction Book,2,465.53,Books,382,7,9,20
1179,406,2024-07-20,1900-01-01 09:13:00,9,Tissue,1,173.0,Household,112,7,9,20
1179,406,2024-07-20,1900-01-01 09:13:00,9,Fiction Book,1,116.08,Books,915,7,9,20
1179,406,2024-07-20,1900-01-01 09:13:00,9,Pain Reliever,3,423.76,Health & Wellness,841,7,9,20
1180,350,2024-11-02,1900-01-01 10:10:00,10,Earphones,2,365.49,Electronics,110,11,10,2
1180,350,2024-11-02,1900-01-01 10:10:00,10,Spinach,2,161.38,Fruits & Vegetables,540,11,10,2
1180,350,2024-11-02,1900-01-01 10:10:00,10,Detergent,3,336.83,Household,578,11,10,2
1181,441,2024-10-09,1900-01-01 13:57:00,13,Earphones,1,182.03,Electronics,455,10,13,9
1181,441,2024-10-09,1900-01-01 13:57:00,13,Biscuits,3,25.63,Snacks,345,10,13,9
1181,441,2024-10-09,1900-01-01 13:57:00,13,Banana,3,156.76,Fruits & Vegetables,987,10,13,9
1181,441,2024-10-09,1900-01-01 13:57:00,13,Toilet Paper,2,181.8,Household,305,10,13,9
1182,216,2024-02-05,1900-01-01 18:28:00,18,Onion,1,463.54,Fruits & Vegetables,729,2,18,5
1182,216,2024-02-05,1900-01-01 18:28:00,18,Tea,2,409.63,Beverages,657,2,18,5
1182,216,2024-02-05,1900-01-01 18:28:00,18,Notebook,2,23.97,Stationery,779,2,18,5
1182,216,2024-02-05,1900-01-01 18:28:00,18,Toothpaste,3,242.5,Personal Care,273,2,18,5
1182,216,2024-02-05,1900-01-01 18:28:00,18,Coffee,2,102.27,Beverages,578,2,18,5
1182,216,2024-02-05,1900-01-01 18:28:00,18,Juice,2,470.37,Beverages,248,2,18,5
1182,216,2024-02-05,1900-01-01 18:28:00,18,Banana,3,305.99,Fruits & Vegetables,723,2,18,5
1183,474,2024-10-14,1900-01-01 09:05:00,9,Chicken Breast,3,276.22,Meat & Seafood,911,10,9,14
1183,474,2024-10-14,1900-01-01 09:05:00,9,Saree,2,74.89,Clothing,885,10,9,14
1183,474,2024-10-14,1900-01-01 09:05:00,9,Face Wash,1,166.51,Personal Care,846,10,9,14
1184,490,2024-06-22,1900-01-01 16:57:00,16,Cheese,1,371.83,Dairy & Eggs,926,6,16,22
1184,490,2024-06-22,1900-01-01 16:57:00,16,Educational Book,1,182.4,Books,649,6,16,22
1184,490,2024-06-22,1900-01-01 16:57:00,16,Detergent,3,431.94,Household,517,6,16,22
1184,490,2024-06-22,1900-01-01 16:57:00,16,Shoes,2,216.41,Footwear,331,6,16,22
1185,383,2024-02-28,1900-01-01 06:49:00,6,Popcorn,2,496.98,Snacks,587,2,6,28
1185,383,2024-02-28,1900-01-01 06:49:00,6,Pen,2,35.05,Stationery,306,2,6,28
1185,383,2024-02-28,1900-01-01 06:49:00,6,Cake,2,129.85,Bakery,587,2,6,28
1185,383,2024-02-28,1900-01-01 06:49:00,6,Cooking Oil,3,283.71,Grains & Staples,338,2,6,28
1185,383,2024-02-28,1900-01-01 06:49:00,6,Floor Cleaner,3,254.22,Household,733,2,6,28
1185,383,2024-02-28,1900-01-01 06:49:00,6,Soda,3,334.39,Beverages,612,2,6,28
1186,441,2024-04-20,1900-01-01 22:22:00,22,Tomato,2,69.81,Fruits & Vegetables,905,4,22,20
1186,441,2024-04-20,1900-01-01 22:22:00,22,Belt,3,57.4,Clothing Accessories,449,4,22,20
1186,441,2024-04-20,1900-01-01 22:22:00,22,Energy Drink,2,206.13,Beverages,211,4,22,20
1186,441,2024-04-20,1900-01-01 22:22:00,22,Pasta,2,492.16,Grains & Staples,187,4,22,20
1186,441,2024-04-20,1900-01-01 22:22:00,22,Pastry,2,323.99,Bakery,689,4,22,20
1186,441,2024-04-20,1900-01-01 22:22:00,22,Lentils,2,235.62,Grains & Staples,905,4,22,20
1187,260,2024-10-14,1900-01-01 12:22:00,12,Detergent,1,129.09,Household,777,10,12,14
1187,260,2024-10-14,1900-01-01 12:22:00,12,Shoes,2,83.88,Footwear,206,10,12,14
1187,260,2024-10-14,1900-01-01 12:22:00,12,Charger,3,169.86,Electronics,305,10,12,14
1187,260,2024-10-14,1900-01-01 12:22:00,12,Diapers,1,430.24,Baby Care,461,10,12,14
1187,260,2024-10-14,1900-01-01 12:22:00,12,Tea,3,71.31,Beverages,351,10,12,14
1187,260,2024-10-14,1900-01-01 12:22:00,12,Pastry,2,282.53,Bakery,328,10,12,14
1188,108,2024-04-13,1900-01-01 22:29:00,22,Coffee,3,465.6,Beverages,314,4,22,13
1188,108,2024-04-13,1900-01-01 22:29:00,22,Pasta,2,91.44,Grains & Staples,723,4,22,13
1188,108,2024-04-13,1900-01-01 22:29:00,22,Tomato,2,322.27,Fruits & Vegetables,914,4,22,13
1189,459,2024-01-03,1900-01-01 12:30:00,12,Juice,1,60.04,Beverages,530,1,12,3
1189,459,2024-01-03,1900-01-01 12:30:00,12,Floor Cleaner,3,114.34,Household,174,1,12,3
1189,459,2024-01-03,1900-01-01 12:30:00,12,Vitamins,1,390.26,Health & Wellness,836,1,12,3
1189,459,2024-01-03,1900-01-01 12:30:00,12,Soda,3,115.65,Beverages,230,1,12,3
1189,459,2024-01-03,1900-01-01 12:30:00,12,Fiction Book,2,495.57,Books,210,1,12,3
1189,459,2024-01-03,1900-01-01 12:30:00,12,Pain Reliever,1,431.67,Health & Wellness,105,1,12,3
1190,82,2024-01-29,1900-01-01 07:13:00,7,Vitamins,2,441.05,Health & Wellness,318,1,7,29
1190,82,2024-01-29,1900-01-01 07:13:00,7,Popcorn,2,119.7,Snacks,543,1,7,29
1190,82,2024-01-29,1900-01-01 07:13:00,7,Cheese,3,282.42,Dairy & Eggs,209,1,7,29
1190,82,2024-01-29,1900-01-01 07:13:00,7,Apple,2,46.97,Fruits & Vegetables,584,1,7,29
1191,63,2024-11-13,1900-01-01 17:15:00,17,Diapers,2,18.32,Baby Care,665,11,17,13
1191,63,2024-11-13,1900-01-01 17:15:00,17,Lentils,1,124.12,Grains & Staples,306,11,17,13
1191,63,2024-11-13,1900-01-01 17:15:00,17,Jeans,3,21.06,Clothing,337,11,17,13
1192,264,2024-05-28,1900-01-01 15:09:00,15,Apple,3,311.54,Fruits & Vegetables,925,5,15,28
1192,264,2024-05-28,1900-01-01 15:09:00,15,Carrot,3,421.58,Fruits & Vegetables,724,5,15,28
1192,264,2024-05-28,1900-01-01 15:09:00,15,Diapers,1,255.18,Baby Care,421,5,15,28
1192,264,2024-05-28,1900-01-01 15:09:00,15,Toilet Paper,2,72.5,Household,558,5,15,28
1192,264,2024-05-28,1900-01-01 15:09:00,15,Electric Kettle,1,248.68,Electronics,814,5,15,28
1192,264,2024-05-28,1900-01-01 15:09:00,15,Phone Cover,2,73.76,Electronics,313,5,15,28
1193,182,2024-08-20,1900-01-01 16:56:00,16,Pastry,3,114.05,Bakery,762,8,16,20
1193,182,2024-08-20,1900-01-01 16:56:00,16,Shirt,3,309.21,Clothing,549,8,16,20
1193,182,2024-08-20,1900-01-01 16:56:00,16,Tissue,3,265.84,Household,821,8,16,20
1194,469,2024-10-11,1900-01-01 06:34:00,6,Butter,3,74.11,Dairy & Eggs,165,10,6,11
1194,469,2024-10-11,1900-01-01 06:34:00,6,Soap,1,343.13,Personal Care,846,10,6,11
1194,469,2024-10-11,1900-01-01 06:34:00,6,Eggs,2,133.53,Dairy & Eggs,528,10,6,11
1195,459,2024-03-18,1900-01-01 13:07:00,13,Baby Food,1,309.38,Baby Care,511,3,13,18
1195,459,2024-03-18,1900-01-01 13:07:00,13,Potato,2,352.22,Fruits & Vegetables,740,3,13,18
1195,459,2024-03-18,1900-01-01 13:07:00,13,Orange,3,261.67,Fruits & Vegetables,739,3,13,18
1196,5,2024-02-28,1900-01-01 08:22:00,8,Fish,3,191.05,Meat & Seafood,283,2,8,28
1196,5,2024-02-28,1900-01-01 08:22:00,8,Onion,3,333.94,Fruits & Vegetables,690,2,8,28
1196,5,2024-02-28,1900-01-01 08:22:00,8,Milk,2,313.98,Dairy & Eggs,640,2,8,28
1196,5,2024-02-28,1900-01-01 08:22:00,8,Rice,1,13.72,Grains & Staples,412,2,8,28
1196,5,2024-02-28,1900-01-01 08:22:00,8,Earphones,3,475.1,Electronics,431,2,8,28
1196,5,2024-02-28,1900-01-01 08:22:00,8,Mixer Grinder,1,25.07,Electronics,977,2,8,28
1197,32,2024-03-17,1900-01-01 20:53:00,20,Cooking Oil,2,473.9,Grains & Staples,703,3,20,17
1197,32,2024-03-17,1900-01-01 20:53:00,20,Toilet Paper,3,459.13,Household,740,3,20,17
1197,32,2024-03-17,1900-01-01 20:53:00,20,Face Wash,2,241.5,Personal Care,189,3,20,17
1197,32,2024-03-17,1900-01-01 20:53:00,20,Dress,2,291.75,Clothing,264,3,20,17
1197,32,2024-03-17,1900-01-01 20:53:00,20,Salt,3,258.74,Grains & Staples,878,3,20,17
1197,32,2024-03-17,1900-01-01 20:53:00,20,Spices,3,427.1,Grains & Staples,715,3,20,17
1197,32,2024-03-17,1900-01-01 20:53:00,20,Cake,1,268.79,Bakery,419,3,20,17
1198,299,2024-12-16,1900-01-01 10:47:00,10,Phone Cover,3,19.98,Electronics,772,12,10,16
1198,299,2024-12-16,1900-01-01 10:47:00,10,Vitamins,3,352.58,Health & Wellness,405,12,10,16
1198,299,2024-12-16,1900-01-01 10:47:00,10,Pasta,3,186.14,Grains & Staples,327,12,10,16
1198,299,2024-12-16,1900-01-01 10:47:00,10,Eggs,3,388.63,Dairy & Eggs,137,12,10,16
1198,299,2024-12-16,1900-01-01 10:47:00,10,Coffee,3,402.89,Beverages,941,12,10,16
1198,299,2024-12-16,1900-01-01 10:47:00,10,Cheese,1,304.8,Dairy & Eggs,970,12,10,16
1199,55,2024-04-17,1900-01-01 11:56:00,11,Cooking Oil,3,490.05,Grains & Staples,852,4,11,17
1199,55,2024-04-17,1900-01-01 11:56:00,11,Eggs,1,52.44,Dairy & Eggs,961,4,11,17
1199,55,2024-04-17,1900-01-01 11:56:00,11,Butter,2,395.64,Dairy & Eggs,585,4,11,17
1199,55,2024-04-17,1900-01-01 11:56:00,11,Beef,1,21.95,Meat & Seafood,750,4,11,17
1199,55,2024-04-17,1900-01-01 11:56:00,11,Bread,2,475.11,Bakery,161,4,11,17
1199,55,2024-04-17,1900-01-01 11:56:00,11,Biscuits,1,232.26,Snacks,709,4,11,17
1199,55,2024-04-17,1900-01-01 11:56:00,11,Potato,2,281.29,Fruits & Vegetables,988,4,11,17
1200,336,2024-07-02,1900-01-01 22:23:00,22,Banana,2,61.91,Fruits & Vegetables,288,7,22,2
1200,336,2024-07-02,1900-01-01 22:23:00,22,Pastry,2,475.68,Bakery,492,7,22,2
1200,336,2024-07-02,1900-01-01 22:23:00,22,Cake,2,42.64,Bakery,691,7,22,2
1200,336,2024-07-02,1900-01-01 22:23:00,22,Shirt,2,36.86,Clothing,479,7,22,2
1201,77,2024-10-03,1900-01-01 13:29:00,13,Fiction Book,1,414.39,Books,115,10,13,3
1201,77,2024-10-03,1900-01-01 13:29:00,13,Chicken Breast,2,31.58,Meat & Seafood,431,10,13,3
1201,77,2024-10-03,1900-01-01 13:29:00,13,Wheat Flour,3,135.84,Grains & Staples,397,10,13,3
1201,77,2024-10-03,1900-01-01 13:29:00,13,Charger,3,91.22,Electronics,134,10,13,3
1201,77,2024-10-03,1900-01-01 13:29:00,13,Apple,3,57.34,Fruits & Vegetables,618,10,13,3
1201,77,2024-10-03,1900-01-01 13:29:00,13,Pain Reliever,1,348.07,Health & Wellness,785,10,13,3
1201,77,2024-10-03,1900-01-01 13:29:00,13,Detergent,2,378.76,Household,474,10,13,3
1202,344,2024-06-25,1900-01-01 19:58:00,19,Educational Book,2,330.05,Books,367,6,19,25
1202,344,2024-06-25,1900-01-01 19:58:00,19,Cheese,1,330.17,Dairy & Eggs,137,6,19,25
1202,344,2024-06-25,1900-01-01 19:58:00,19,Croissant,2,277.55,Bakery,103,6,19,25
1202,344,2024-06-25,1900-01-01 19:58:00,19,Educational Book,1,255.78,Books,580,6,19,25
1203,382,2024-08-10,1900-01-01 22:24:00,22,Milk,2,370.08,Dairy & Eggs,156,8,22,10
1203,382,2024-08-10,1900-01-01 22:24:00,22,Popcorn,3,192.55,Snacks,645,8,22,10
1203,382,2024-08-10,1900-01-01 22:24:00,22,Tea,2,181.4,Beverages,154,8,22,10
1203,382,2024-08-10,1900-01-01 22:24:00,22,Chocolate,3,93.28,Snacks,886,8,22,10
1203,382,2024-08-10,1900-01-01 22:24:00,22,Vitamins,2,365.26,Health & Wellness,213,8,22,10
1203,382,2024-08-10,1900-01-01 22:24:00,22,Soap,3,130.13,Personal Care,856,8,22,10
1204,59,2024-04-09,1900-01-01 07:51:00,7,Cheese,3,321.76,Dairy & Eggs,369,4,7,9
1204,59,2024-04-09,1900-01-01 07:51:00,7,Chips,1,39.6,Snacks,998,4,7,9
1204,59,2024-04-09,1900-01-01 07:51:00,7,Belt,2,493.21,Clothing Accessories,582,4,7,9
1204,59,2024-04-09,1900-01-01 07:51:00,7,Pain Reliever,1,115.45,Health & Wellness,399,4,7,9
1204,59,2024-04-09,1900-01-01 07:51:00,7,Baby Food,1,13.89,Baby Care,212,4,7,9
1205,61,2024-06-05,1900-01-01 20:54:00,20,Soda,3,455.0,Beverages,834,6,20,5
1205,61,2024-06-05,1900-01-01 20:54:00,20,Tea,1,204.66,Beverages,992,6,20,5
1205,61,2024-06-05,1900-01-01 20:54:00,20,Juice,3,376.04,Beverages,837,6,20,5
1205,61,2024-06-05,1900-01-01 20:54:00,20,Rice,2,268.53,Grains & Staples,504,6,20,5
1205,61,2024-06-05,1900-01-01 20:54:00,20,Belt,1,64.73,Clothing Accessories,977,6,20,5
1205,61,2024-06-05,1900-01-01 20:54:00,20,Mixer Grinder,3,348.29,Electronics,615,6,20,5
1206,234,2024-09-21,1900-01-01 13:00:00,13,Dishwashing Liquid,2,438.89,Household,884,9,13,21
1206,234,2024-09-21,1900-01-01 13:00:00,13,Apple,1,229.54,Fruits & Vegetables,226,9,13,21
1206,234,2024-09-21,1900-01-01 13:00:00,13,Tomato,3,262.75,Fruits & Vegetables,536,9,13,21
1206,234,2024-09-21,1900-01-01 13:00:00,13,Beef,3,353.7,Meat & Seafood,822,9,13,21
1206,234,2024-09-21,1900-01-01 13:00:00,13,Bread,1,133.15,Bakery,121,9,13,21
1207,395,2024-04-14,1900-01-01 10:18:00,10,Croissant,1,484.33,Bakery,862,4,10,14
1207,395,2024-04-14,1900-01-01 10:18:00,10,Banana,2,308.55,Fruits & Vegetables,238,4,10,14
1207,395,2024-04-14,1900-01-01 10:18:00,10,Spinach,1,254.43,Fruits & Vegetables,920,4,10,14
1208,271,2024-03-20,1900-01-01 22:16:00,22,Lentils,2,201.62,Grains & Staples,567,3,22,20
1208,271,2024-03-20,1900-01-01 22:16:00,22,Shoes,2,189.34,Footwear,694,3,22,20
1208,271,2024-03-20,1900-01-01 22:16:00,22,Pain Reliever,3,362.0,Health & Wellness,778,3,22,20
1208,271,2024-03-20,1900-01-01 22:16:00,22,Diapers,1,198.31,Baby Care,516,3,22,20
1208,271,2024-03-20,1900-01-01 22:16:00,22,Fiction Book,1,394.97,Books,231,3,22,20
1209,458,2024-07-05,1900-01-01 14:58:00,14,Saree,3,314.3,Clothing,931,7,14,5
1209,458,2024-07-05,1900-01-01 14:58:00,14,Bread,3,11.35,Bakery,508,7,14,5
1209,458,2024-07-05,1900-01-01 14:58:00,14,Floor Cleaner,2,48.59,Household,545,7,14,5
1209,458,2024-07-05,1900-01-01 14:58:00,14,Carrot,3,384.16,Fruits & Vegetables,120,7,14,5
1210,55,2024-09-18,1900-01-01 20:20:00,20,Toilet Paper,1,419.41,Household,954,9,20,18
1210,55,2024-09-18,1900-01-01 20:20:00,20,Cheese,1,479.17,Dairy & Eggs,996,9,20,18
1210,55,2024-09-18,1900-01-01 20:20:00,20,Tea,2,263.74,Beverages,937,9,20,18
1210,55,2024-09-18,1900-01-01 20:20:00,20,Spinach,3,323.43,Fruits & Vegetables,741,9,20,18
1211,263,2024-10-31,1900-01-01 07:28:00,7,Bread,1,38.37,Bakery,616,10,7,31
1211,263,2024-10-31,1900-01-01 07:28:00,7,Vitamins,1,398.67,Health & Wellness,148,10,7,31
1211,263,2024-10-31,1900-01-01 07:28:00,7,Face Wash,3,414.12,Personal Care,821,10,7,31
1211,263,2024-10-31,1900-01-01 07:28:00,7,Cheese,1,353.69,Dairy & Eggs,793,10,7,31
1211,263,2024-10-31,1900-01-01 07:28:00,7,Pen,3,218.86,Stationery,973,10,7,31
1211,263,2024-10-31,1900-01-01 07:28:00,7,Jeans,3,370.91,Clothing,582,10,7,31
1211,263,2024-10-31,1900-01-01 07:28:00,7,Educational Book,2,440.61,Books,822,10,7,31
1212,173,2024-03-25,1900-01-01 13:34:00,13,Jeans,1,269.38,Clothing,873,3,13,25
1212,173,2024-03-25,1900-01-01 13:34:00,13,Chocolate,2,34.17,Snacks,475,3,13,25
1212,173,2024-03-25,1900-01-01 13:34:00,13,Earphones,3,292.27,Electronics,538,3,13,25
1212,173,2024-03-25,1900-01-01 13:34:00,13,Cooking Oil,1,424.98,Grains & Staples,549,3,13,25
1212,173,2024-03-25,1900-01-01 13:34:00,13,Shoes,3,338.04,Footwear,181,3,13,25
1212,173,2024-03-25,1900-01-01 13:34:00,13,Floor Cleaner,1,190.62,Household,827,3,13,25
1212,173,2024-03-25,1900-01-01 13:34:00,13,Spinach,2,108.26,Fruits & Vegetables,379,3,13,25
1213,319,2024-01-07,1900-01-01 18:57:00,18,Rice,2,391.03,Grains & Staples,948,1,18,7
1213,319,2024-01-07,1900-01-01 18:57:00,18,Rice,1,125.16,Grains & Staples,630,1,18,7
1213,319,2024-01-07,1900-01-01 18:57:00,18,Soap,3,205.18,Personal Care,267,1,18,7
1213,319,2024-01-07,1900-01-01 18:57:00,18,Butter,1,179.24,Dairy & Eggs,987,1,18,7
1213,319,2024-01-07,1900-01-01 18:57:00,18,Tissue,1,91.01,Household,345,1,18,7
1214,449,2024-01-31,1900-01-01 19:51:00,19,Lentils,3,307.43,Grains & Staples,151,1,19,31
1214,449,2024-01-31,1900-01-01 19:51:00,19,Croissant,2,336.4,Bakery,969,1,19,31
1214,449,2024-01-31,1900-01-01 19:51:00,19,Fiction Book,2,122.18,Books,598,1,19,31
1214,449,2024-01-31,1900-01-01 19:51:00,19,Spinach,2,231.43,Fruits & Vegetables,995,1,19,31
1215,391,2024-09-13,1900-01-01 10:58:00,10,Tomato,3,87.16,Fruits & Vegetables,268,9,10,13
1215,391,2024-09-13,1900-01-01 10:58:00,10,Face Wash,3,405.69,Personal Care,923,9,10,13
1215,391,2024-09-13,1900-01-01 10:58:00,10,Belt,3,376.19,Clothing Accessories,720,9,10,13
1215,391,2024-09-13,1900-01-01 10:58:00,10,Pasta,3,380.68,Grains & Staples,332,9,10,13
1216,98,2024-04-25,1900-01-01 07:11:00,7,Carrot,1,212.54,Fruits & Vegetables,790,4,7,25
1216,98,2024-04-25,1900-01-01 07:11:00,7,Cake,3,468.69,Bakery,660,4,7,25
1216,98,2024-04-25,1900-01-01 07:11:00,7,Chicken Breast,2,156.9,Meat & Seafood,334,4,7,25
1216,98,2024-04-25,1900-01-01 07:11:00,7,Beef,1,149.79,Meat & Seafood,174,4,7,25
1216,98,2024-04-25,1900-01-01 07:11:00,7,Electric Kettle,1,124.41,Electronics,846,4,7,25
1216,98,2024-04-25,1900-01-01 07:11:00,7,Carrot,1,38.91,Fruits & Vegetables,938,4,7,25
1217,459,2024-12-19,1900-01-01 17:56:00,17,Charger,1,286.41,Electronics,636,12,17,19
1217,459,2024-12-19,1900-01-01 17:56:00,17,Tissue,2,428.07,Household,478,12,17,19
1217,459,2024-12-19,1900-01-01 17:56:00,17,Diapers,1,359.24,Baby Care,924,12,17,19
1217,459,2024-12-19,1900-01-01 17:56:00,17,Educational Book,3,414.58,Books,448,12,17,19
1217,459,2024-12-19,1900-01-01 17:56:00,17,Shoes,1,180.52,Footwear,118,12,17,19
1218,280,2024-11-16,1900-01-01 10:33:00,10,Tea,1,400.67,Beverages,102,11,10,16
1218,280,2024-11-16,1900-01-01 10:33:00,10,Tea,2,122.02,Beverages,552,11,10,16
1218,280,2024-11-16,1900-01-01 10:33:00,10,Toilet Paper,1,378.68,Household,509,11,10,16
1218,280,2024-11-16,1900-01-01 10:33:00,10,Biscuits,1,321.86,Snacks,956,11,10,16
1219,180,2024-11-07,1900-01-01 07:53:00,7,Tea,2,204.09,Beverages,423,11,7,7
1219,180,2024-11-07,1900-01-01 07:53:00,7,Orange,2,80.68,Fruits & Vegetables,675,11,7,7
1219,180,2024-11-07,1900-01-01 07:53:00,7,Salt,3,354.9,Grains & Staples,297,11,7,7
1219,180,2024-11-07,1900-01-01 07:53:00,7,Onion,3,342.86,Fruits & Vegetables,323,11,7,7
1219,180,2024-11-07,1900-01-01 07:53:00,7,Cheese,2,259.93,Dairy & Eggs,965,11,7,7
1220,286,2024-06-30,1900-01-01 07:59:00,7,Potato,1,256.91,Fruits & Vegetables,651,6,7,30
1220,286,2024-06-30,1900-01-01 07:59:00,7,Chocolate,2,471.32,Snacks,544,6,7,30
1220,286,2024-06-30,1900-01-01 07:59:00,7,Prawns,1,125.57,Meat & Seafood,646,6,7,30
1220,286,2024-06-30,1900-01-01 07:59:00,7,Wheat Flour,1,477.79,Grains & Staples,222,6,7,30
1221,390,2024-10-18,1900-01-01 21:00:00,21,Milk,1,16.08,Dairy & Eggs,294,10,21,18
1221,390,2024-10-18,1900-01-01 21:00:00,21,Cookies,1,381.46,Bakery,866,10,21,18
1221,390,2024-10-18,1900-01-01 21:00:00,21,Shirt,2,173.42,Clothing,403,10,21,18
1222,6,2024-11-04,1900-01-01 06:50:00,6,Milk,3,409.99,Dairy & Eggs,440,11,6,4
1222,6,2024-11-04,1900-01-01 06:50:00,6,Croissant,2,451.8,Bakery,793,11,6,4
1222,6,2024-11-04,1900-01-01 06:50:00,6,Dress,2,195.7,Clothing,568,11,6,4
1223,23,2024-06-19,1900-01-01 21:24:00,21,Spinach,2,321.49,Fruits & Vegetables,790,6,21,19
1223,23,2024-06-19,1900-01-01 21:24:00,21,Energy Drink,2,105.97,Beverages,924,6,21,19
1223,23,2024-06-19,1900-01-01 21:24:00,21,Apple,3,375.86,Fruits & Vegetables,937,6,21,19
1223,23,2024-06-19,1900-01-01 21:24:00,21,Dress,1,102.3,Clothing,489,6,21,19
1223,23,2024-06-19,1900-01-01 21:24:00,21,Rice,2,206.58,Grains & Staples,255,6,21,19
1223,23,2024-06-19,1900-01-01 21:24:00,21,Beef,1,465.79,Meat & Seafood,283,6,21,19
1224,148,2024-04-09,1900-01-01 16:39:00,16,Popcorn,3,131.27,Snacks,321,4,16,9
1224,148,2024-04-09,1900-01-01 16:39:00,16,Fiction Book,3,326.72,Books,369,4,16,9
1224,148,2024-04-09,1900-01-01 16:39:00,16,Belt,3,451.2,Clothing Accessories,835,4,16,9
1224,148,2024-04-09,1900-01-01 16:39:00,16,Pain Reliever,2,433.27,Health & Wellness,654,4,16,9
1224,148,2024-04-09,1900-01-01 16:39:00,16,Jeans,1,471.43,Clothing,899,4,16,9
1224,148,2024-04-09,1900-01-01 16:39:00,16,Fish,2,121.28,Meat & Seafood,168,4,16,9
1225,36,2024-06-04,1900-01-01 12:02:00,12,Detergent,3,18.03,Household,271,6,12,4
1225,36,2024-06-04,1900-01-01 12:02:00,12,Wheat Flour,3,134.2,Grains & Staples,698,6,12,4
1225,36,2024-06-04,1900-01-01 12:02:00,12,Chocolate,2,305.69,Snacks,352,6,12,4
1226,7,2024-10-17,1900-01-01 20:03:00,20,Croissant,2,204.39,Bakery,895,10,20,17
1226,7,2024-10-17,1900-01-01 20:03:00,20,Jeans,1,390.88,Clothing,548,10,20,17
1226,7,2024-10-17,1900-01-01 20:03:00,20,Soap,3,234.27,Personal Care,430,10,20,17
1226,7,2024-10-17,1900-01-01 20:03:00,20,Dishwashing Liquid,3,95.55,Household,882,10,20,17
1226,7,2024-10-17,1900-01-01 20:03:00,20,Vitamins,1,323.32,Health & Wellness,575,10,20,17
1226,7,2024-10-17,1900-01-01 20:03:00,20,Pastry,1,318.14,Bakery,933,10,20,17
1227,273,2024-09-16,1900-01-01 10:23:00,10,Tea,1,44.76,Beverages,491,9,10,16
1227,273,2024-09-16,1900-01-01 10:23:00,10,Onion,1,214.38,Fruits & Vegetables,832,9,10,16
1227,273,2024-09-16,1900-01-01 10:23:00,10,Diapers,3,41.27,Baby Care,404,9,10,16
1228,300,2024-01-12,1900-01-01 15:37:00,15,Biscuits,1,220.36,Snacks,942,1,15,12
1228,300,2024-01-12,1900-01-01 15:37:00,15,Belt,1,46.46,Clothing Accessories,112,1,15,12
1228,300,2024-01-12,1900-01-01 15:37:00,15,Tissue,3,439.84,Household,422,1,15,12
1228,300,2024-01-12,1900-01-01 15:37:00,15,Notebook,2,124.45,Stationery,795,1,15,12
1228,300,2024-01-12,1900-01-01 15:37:00,15,Pastry,2,245.62,Bakery,995,1,15,12
1228,300,2024-01-12,1900-01-01 15:37:00,15,Chips,3,238.46,Snacks,106,1,15,12
1228,300,2024-01-12,1900-01-01 15:37:00,15,Beef,3,151.38,Meat & Seafood,523,1,15,12
1229,304,2024-02-17,1900-01-01 15:34:00,15,Jeans,2,286.4,Clothing,516,2,15,17
1229,304,2024-02-17,1900-01-01 15:34:00,15,Butter,1,223.8,Dairy & Eggs,547,2,15,17
1229,304,2024-02-17,1900-01-01 15:34:00,15,Spices,3,17.38,Grains & Staples,934,2,15,17
1229,304,2024-02-17,1900-01-01 15:34:00,15,Notebook,3,495.51,Stationery,661,2,15,17
1229,304,2024-02-17,1900-01-01 15:34:00,15,Fish,1,399.44,Meat & Seafood,549,2,15,17
1229,304,2024-02-17,1900-01-01 15:34:00,15,Electric Kettle,1,431.74,Electronics,562,2,15,17
1230,308,2024-07-06,1900-01-01 15:42:00,15,Wheat Flour,2,57.51,Grains & Staples,369,7,15,6
1230,308,2024-07-06,1900-01-01 15:42:00,15,Mixer Grinder,2,411.06,Electronics,553,7,15,6
1230,308,2024-07-06,1900-01-01 15:42:00,15,Pain Reliever,1,197.12,Health & Wellness,887,7,15,6
1230,308,2024-07-06,1900-01-01 15:42:00,15,Mixer Grinder,2,361.61,Electronics,107,7,15,6
1230,308,2024-07-06,1900-01-01 15:42:00,15,Face Wash,3,75.81,Personal Care,386,7,15,6
1230,308,2024-07-06,1900-01-01 15:42:00,15,Face Wash,1,276.54,Personal Care,116,7,15,6
1231,182,2024-03-20,1900-01-01 18:35:00,18,Shirt,2,490.3,Clothing,720,3,18,20
1231,182,2024-03-20,1900-01-01 18:35:00,18,Notebook,2,86.63,Stationery,202,3,18,20
1231,182,2024-03-20,1900-01-01 18:35:00,18,Phone Cover,3,274.91,Electronics,919,3,18,20
1231,182,2024-03-20,1900-01-01 18:35:00,18,Beef,3,362.62,Meat & Seafood,212,3,18,20
1232,229,2024-08-16,1900-01-01 12:49:00,12,Salt,3,153.74,Grains & Staples,118,8,12,16
1232,229,2024-08-16,1900-01-01 12:49:00,12,Apple,2,318.85,Fruits & Vegetables,415,8,12,16
1232,229,2024-08-16,1900-01-01 12:49:00,12,Belt,1,299.44,Clothing Accessories,621,8,12,16
1233,187,2024-03-17,1900-01-01 12:23:00,12,Lentils,2,327.6,Grains & Staples,326,3,12,17
1233,187,2024-03-17,1900-01-01 12:23:00,12,Pain Reliever,3,399.09,Health & Wellness,808,3,12,17
1233,187,2024-03-17,1900-01-01 12:23:00,12,Pasta,3,275.55,Grains & Staples,676,3,12,17
1233,187,2024-03-17,1900-01-01 12:23:00,12,Vitamins,2,175.25,Health & Wellness,839,3,12,17
1234,75,2024-03-11,1900-01-01 09:00:00,9,Energy Drink,1,60.96,Beverages,685,3,9,11
1234,75,2024-03-11,1900-01-01 09:00:00,9,Soda,2,468.38,Beverages,991,3,9,11
1234,75,2024-03-11,1900-01-01 09:00:00,9,Pastry,2,495.25,Bakery,594,3,9,11
1234,75,2024-03-11,1900-01-01 09:00:00,9,Vitamins,2,297.94,Health & Wellness,812,3,9,11
1235,499,2024-04-04,1900-01-01 06:13:00,6,Toilet Paper,1,292.51,Household,378,4,6,4
1235,499,2024-04-04,1900-01-01 06:13:00,6,Eggs,2,156.94,Dairy & Eggs,703,4,6,4
1235,499,2024-04-04,1900-01-01 06:13:00,6,Carrot,1,196.46,Fruits & Vegetables,912,4,6,4
1235,499,2024-04-04,1900-01-01 06:13:00,6,Eggs,1,324.92,Dairy & Eggs,906,4,6,4
1235,499,2024-04-04,1900-01-01 06:13:00,6,Belt,2,471.15,Clothing Accessories,276,4,6,4
1235,499,2024-04-04,1900-01-01 06:13:00,6,Soap,2,243.27,Personal Care,381,4,6,4
1235,499,2024-04-04,1900-01-01 06:13:00,6,Earphones,1,99.41,Electronics,225,4,6,4
1236,247,2024-06-23,1900-01-01 06:06:00,6,Vitamins,1,398.01,Health & Wellness,291,6,6,23
1236,247,2024-06-23,1900-01-01 06:06:00,6,Charger,1,401.7,Electronics,587,6,6,23
1236,247,2024-06-23,1900-01-01 06:06:00,6,Marker,2,17.45,Stationery,421,6,6,23
1236,247,2024-06-23,1900-01-01 06:06:00,6,Coffee,3,411.84,Beverages,452,6,6,23
1236,247,2024-06-23,1900-01-01 06:06:00,6,Coffee,3,140.05,Beverages,683,6,6,23
1237,222,2024-03-17,1900-01-01 19:50:00,19,Notebook,1,247.95,Stationery,464,3,19,17
1237,222,2024-03-17,1900-01-01 19:50:00,19,Shoes,1,455.4,Footwear,154,3,19,17
1237,222,2024-03-17,1900-01-01 19:50:00,19,Lentils,2,251.07,Grains & Staples,965,3,19,17
1237,222,2024-03-17,1900-01-01 19:50:00,19,Salt,1,71.63,Grains & Staples,819,3,19,17
1238,468,2024-11-25,1900-01-01 12:12:00,12,Dishwashing Liquid,2,120.53,Household,721,11,12,25
1238,468,2024-11-25,1900-01-01 12:12:00,12,Shoes,1,486.39,Footwear,905,11,12,25
1238,468,2024-11-25,1900-01-01 12:12:00,12,Coffee,2,232.88,Beverages,971,11,12,25
1238,468,2024-11-25,1900-01-01 12:12:00,12,Beef,3,207.96,Meat & Seafood,146,11,12,25
1238,468,2024-11-25,1900-01-01 12:12:00,12,Beef,3,80.05,Meat & Seafood,213,11,12,25
1238,468,2024-11-25,1900-01-01 12:12:00,12,Milk,1,373.6,Dairy & Eggs,841,11,12,25
1238,468,2024-11-25,1900-01-01 12:12:00,12,Toilet Paper,1,492.08,Household,869,11,12,25
1239,468,2024-11-21,1900-01-01 16:16:00,16,Carrot,3,160.05,Fruits & Vegetables,527,11,16,21
1239,468,2024-11-21,1900-01-01 16:16:00,16,Spinach,2,212.44,Fruits & Vegetables,275,11,16,21
1239,468,2024-11-21,1900-01-01 16:16:00,16,Vitamins,2,92.05,Health & Wellness,919,11,16,21
1240,254,2024-03-18,1900-01-01 07:50:00,7,Eggs,3,114.45,Dairy & Eggs,184,3,7,18
1240,254,2024-03-18,1900-01-01 07:50:00,7,Face Wash,3,316.27,Personal Care,302,3,7,18
1240,254,2024-03-18,1900-01-01 07:50:00,7,Potato,2,432.84,Fruits & Vegetables,455,3,7,18
1240,254,2024-03-18,1900-01-01 07:50:00,7,Dishwashing Liquid,1,273.59,Household,308,3,7,18
1241,307,2024-02-01,1900-01-01 10:36:00,10,Charger,3,468.03,Electronics,911,2,10,1
1241,307,2024-02-01,1900-01-01 10:36:00,10,Shampoo,2,443.61,Personal Care,573,2,10,1
1241,307,2024-02-01,1900-01-01 10:36:00,10,Detergent,1,272.27,Household,305,2,10,1
1241,307,2024-02-01,1900-01-01 10:36:00,10,Vitamins,2,188.18,Health & Wellness,739,2,10,1
1241,307,2024-02-01,1900-01-01 10:36:00,10,Toothpaste,3,258.3,Personal Care,631,2,10,1
1241,307,2024-02-01,1900-01-01 10:36:00,10,Spinach,1,487.24,Fruits & Vegetables,242,2,10,1
1241,307,2024-02-01,1900-01-01 10:36:00,10,Spices,3,73.84,Grains & Staples,443,2,10,1
1242,466,2024-07-01,1900-01-01 16:50:00,16,Popcorn,3,27.84,Snacks,825,7,16,1
1242,466,2024-07-01,1900-01-01 16:50:00,16,Toothpaste,2,382.36,Personal Care,650,7,16,1
1242,466,2024-07-01,1900-01-01 16:50:00,16,Phone Cover,3,457.86,Electronics,931,7,16,1
1242,466,2024-07-01,1900-01-01 16:50:00,16,Popcorn,2,90.74,Snacks,482,7,16,1
1243,379,2024-09-25,1900-01-01 13:08:00,13,Dishwashing Liquid,1,142.14,Household,524,9,13,25
1243,379,2024-09-25,1900-01-01 13:08:00,13,Vitamins,1,108.06,Health & Wellness,592,9,13,25
1243,379,2024-09-25,1900-01-01 13:08:00,13,Carrot,3,149.05,Fruits & Vegetables,293,9,13,25
1243,379,2024-09-25,1900-01-01 13:08:00,13,Spices,1,429.49,Grains & Staples,836,9,13,25
1243,379,2024-09-25,1900-01-01 13:08:00,13,Soap,3,490.7,Personal Care,408,9,13,25
1243,379,2024-09-25,1900-01-01 13:08:00,13,Earphones,3,83.56,Electronics,891,9,13,25
1243,379,2024-09-25,1900-01-01 13:08:00,13,Shoes,2,195.56,Footwear,190,9,13,25
1244,17,2024-09-12,1900-01-01 06:07:00,6,Orange,3,131.0,Fruits & Vegetables,180,9,6,12
1244,17,2024-09-12,1900-01-01 06:07:00,6,Notebook,2,188.5,Stationery,120,9,6,12
1244,17,2024-09-12,1900-01-01 06:07:00,6,Dishwashing Liquid,2,456.2,Household,110,9,6,12
1245,351,2024-09-06,1900-01-01 06:27:00,6,Tissue,1,223.02,Household,251,9,6,6
1245,351,2024-09-06,1900-01-01 06:27:00,6,Carrot,2,271.17,Fruits & Vegetables,549,9,6,6
1245,351,2024-09-06,1900-01-01 06:27:00,6,Wheat Flour,3,491.65,Grains & Staples,160,9,6,6
1245,351,2024-09-06,1900-01-01 06:27:00,6,Beef,1,481.19,Meat & Seafood,185,9,6,6
1245,351,2024-09-06,1900-01-01 06:27:00,6,Spices,1,19.34,Grains & Staples,236,9,6,6
1246,51,2024-10-26,1900-01-01 16:45:00,16,Popcorn,1,370.66,Snacks,262,10,16,26
1246,51,2024-10-26,1900-01-01 16:45:00,16,Prawns,1,406.82,Meat & Seafood,782,10,16,26
1246,51,2024-10-26,1900-01-01 16:45:00,16,Toothpaste,2,61.71,Personal Care,794,10,16,26
1247,278,2024-11-06,1900-01-01 19:23:00,19,Pain Reliever,2,257.3,Health & Wellness,897,11,19,6
1247,278,2024-11-06,1900-01-01 19:23:00,19,Coffee,2,177.64,Beverages,476,11,19,6
1247,278,2024-11-06,1900-01-01 19:23:00,19,Dress,3,110.91,Clothing,346,11,19,6
1247,278,2024-11-06,1900-01-01 19:23:00,19,Face Wash,3,429.74,Personal Care,900,11,19,6
1247,278,2024-11-06,1900-01-01 19:23:00,19,Bread,3,192.94,Bakery,340,11,19,6
1247,278,2024-11-06,1900-01-01 19:23:00,19,Belt,3,482.7,Clothing Accessories,959,11,19,6
1248,37,2024-01-17,1900-01-01 08:57:00,8,Eggs,1,123.17,Dairy & Eggs,666,1,8,17
1248,37,2024-01-17,1900-01-01 08:57:00,8,Lentils,2,85.99,Grains & Staples,745,1,8,17
1248,37,2024-01-17,1900-01-01 08:57:00,8,Onion,3,72.42,Fruits & Vegetables,388,1,8,17
1248,37,2024-01-17,1900-01-01 08:57:00,8,Sugar,1,277.42,Grains & Staples,909,1,8,17
1248,37,2024-01-17,1900-01-01 08:57:00,8,Dishwashing Liquid,3,142.7,Household,116,1,8,17
1248,37,2024-01-17,1900-01-01 08:57:00,8,Tissue,3,491.34,Household,997,1,8,17
1248,37,2024-01-17,1900-01-01 08:57:00,8,Cheese,2,40.25,Dairy & Eggs,157,1,8,17
1249,292,2024-12-24,1900-01-01 16:00:00,16,Energy Drink,1,130.78,Beverages,232,12,16,24
1249,292,2024-12-24,1900-01-01 16:00:00,16,Shoes,1,205.23,Footwear,569,12,16,24
1249,292,2024-12-24,1900-01-01 16:00:00,16,Sugar,1,390.46,Grains & Staples,904,12,16,24
1249,292,2024-12-24,1900-01-01 16:00:00,16,Onion,2,312.52,Fruits & Vegetables,129,12,16,24
1249,292,2024-12-24,1900-01-01 16:00:00,16,Charger,1,57.09,Electronics,323,12,16,24
1249,292,2024-12-24,1900-01-01 16:00:00,16,Carrot,3,269.68,Fruits & Vegetables,663,12,16,24
1250,40,2024-01-06,1900-01-01 17:24:00,17,Shoes,3,427.38,Footwear,419,1,17,6
1250,40,2024-01-06,1900-01-01 17:24:00,17,Detergent,3,347.44,Household,787,1,17,6
1250,40,2024-01-06,1900-01-01 17:24:00,17,Educational Book,1,34.28,Books,758,1,17,6
1250,40,2024-01-06,1900-01-01 17:24:00,17,Rice,3,486.52,Grains & Staples,334,1,17,6
1250,40,2024-01-06,1900-01-01 17:24:00,17,Biscuits,1,44.66,Snacks,908,1,17,6
1250,40,2024-01-06,1900-01-01 17:24:00,17,Face Wash,2,244.11,Personal Care,704,1,17,6
1251,178,2024-05-16,1900-01-01 15:58:00,15,Shampoo,3,470.2,Personal Care,569,5,15,16
1251,178,2024-05-16,1900-01-01 15:58:00,15,Vitamins,2,197.51,Health & Wellness,130,5,15,16
1251,178,2024-05-16,1900-01-01 15:58:00,15,Shirt,3,291.54,Clothing,561,5,15,16
1251,178,2024-05-16,1900-01-01 15:58:00,15,Bread,2,442.22,Bakery,369,5,15,16
1251,178,2024-05-16,1900-01-01 15:58:00,15,Chips,2,44.98,Snacks,279,5,15,16
1252,31,2024-03-27,1900-01-01 06:00:00,6,Butter,1,225.35,Dairy & Eggs,788,3,6,27
1252,31,2024-03-27,1900-01-01 06:00:00,6,Banana,3,424.32,Fruits & Vegetables,840,3,6,27
1252,31,2024-03-27,1900-01-01 06:00:00,6,Notebook,3,340.85,Stationery,706,3,6,27
1253,114,2024-01-10,1900-01-01 15:47:00,15,Milk,2,435.01,Dairy & Eggs,400,1,15,10
1253,114,2024-01-10,1900-01-01 15:47:00,15,Butter,2,464.86,Dairy & Eggs,359,1,15,10
1253,114,2024-01-10,1900-01-01 15:47:00,15,Pasta,3,145.59,Grains & Staples,418,1,15,10
1253,114,2024-01-10,1900-01-01 15:47:00,15,Sugar,3,250.14,Grains & Staples,787,1,15,10
1254,239,2024-05-13,1900-01-01 17:29:00,17,Detergent,2,370.33,Household,827,5,17,13
1254,239,2024-05-13,1900-01-01 17:29:00,17,Earphones,1,356.78,Electronics,784,5,17,13
1254,239,2024-05-13,1900-01-01 17:29:00,17,Pastry,1,473.79,Bakery,383,5,17,13
1254,239,2024-05-13,1900-01-01 17:29:00,17,Belt,2,302.72,Clothing Accessories,800,5,17,13
1254,239,2024-05-13,1900-01-01 17:29:00,17,Onion,3,203.82,Fruits & Vegetables,288,5,17,13
1254,239,2024-05-13,1900-01-01 17:29:00,17,Salt,1,428.43,Grains & Staples,261,5,17,13
1254,239,2024-05-13,1900-01-01 17:29:00,17,Carrot,3,34.49,Fruits & Vegetables,186,5,17,13
1255,254,2024-08-01,1900-01-01 20:55:00,20,Biscuits,1,116.37,Snacks,525,8,20,1
1255,254,2024-08-01,1900-01-01 20:55:00,20,Notebook,3,326.57,Stationery,492,8,20,1
1255,254,2024-08-01,1900-01-01 20:55:00,20,Pasta,1,66.09,Grains & Staples,258,8,20,1
1255,254,2024-08-01,1900-01-01 20:55:00,20,Wheat Flour,3,401.32,Grains & Staples,640,8,20,1
1256,292,2024-06-06,1900-01-01 19:27:00,19,Chicken Breast,3,78.25,Meat & Seafood,199,6,19,6
1256,292,2024-06-06,1900-01-01 19:27:00,19,Earphones,3,461.34,Electronics,980,6,19,6
1256,292,2024-06-06,1900-01-01 19:27:00,19,Fish,2,336.56,Meat & Seafood,130,6,19,6
1256,292,2024-06-06,1900-01-01 19:27:00,19,Cake,1,328.85,Bakery,661,6,19,6
1257,150,2024-11-24,1900-01-01 07:01:00,7,Dishwashing Liquid,1,363.75,Household,900,11,7,24
1257,150,2024-11-24,1900-01-01 07:01:00,7,Earphones,3,202.47,Electronics,411,11,7,24
1257,150,2024-11-24,1900-01-01 07:01:00,7,Banana,2,259.6,Fruits & Vegetables,321,11,7,24
1257,150,2024-11-24,1900-01-01 07:01:00,7,Dress,1,469.84,Clothing,284,11,7,24
1257,150,2024-11-24,1900-01-01 07:01:00,7,Pain Reliever,1,54.98,Health & Wellness,592,11,7,24
1257,150,2024-11-24,1900-01-01 07:01:00,7,Tissue,1,305.67,Household,615,11,7,24
1257,150,2024-11-24,1900-01-01 07:01:00,7,Dress,3,139.11,Clothing,119,11,7,24
1258,33,2024-02-20,1900-01-01 10:35:00,10,Shampoo,1,215.75,Personal Care,174,2,10,20
1258,33,2024-02-20,1900-01-01 10:35:00,10,Pain Reliever,2,304.7,Health & Wellness,781,2,10,20
1258,33,2024-02-20,1900-01-01 10:35:00,10,Face Wash,3,137.49,Personal Care,673,2,10,20
1258,33,2024-02-20,1900-01-01 10:35:00,10,Sugar,3,427.31,Grains & Staples,258,2,10,20
1258,33,2024-02-20,1900-01-01 10:35:00,10,Rice,3,32.1,Grains & Staples,718,2,10,20
1259,169,2024-06-14,1900-01-01 11:15:00,11,Shoes,1,177.06,Footwear,906,6,11,14
1259,169,2024-06-14,1900-01-01 11:15:00,11,Bread,2,135.63,Bakery,519,6,11,14
1259,169,2024-06-14,1900-01-01 11:15:00,11,Spices,3,218.87,Grains & Staples,446,6,11,14
1259,169,2024-06-14,1900-01-01 11:15:00,11,Carrot,3,259.71,Fruits & Vegetables,811,6,11,14
1260,481,2024-03-09,1900-01-01 19:30:00,19,Popcorn,3,398.9,Snacks,549,3,19,9
1260,481,2024-03-09,1900-01-01 19:30:00,19,Spices,2,18.63,Grains & Staples,858,3,19,9
1260,481,2024-03-09,1900-01-01 19:30:00,19,Rice,3,302.31,Grains & Staples,515,3,19,9
1260,481,2024-03-09,1900-01-01 19:30:00,19,Eggs,1,32.57,Dairy & Eggs,560,3,19,9
1260,481,2024-03-09,1900-01-01 19:30:00,19,Tea,2,294.31,Beverages,263,3,19,9
1260,481,2024-03-09,1900-01-01 19:30:00,19,Soda,2,174.72,Beverages,368,3,19,9
1261,233,2024-08-02,1900-01-01 16:53:00,16,Toothpaste,2,200.94,Personal Care,381,8,16,2
1261,233,2024-08-02,1900-01-01 16:53:00,16,Baby Food,3,249.52,Baby Care,945,8,16,2
1261,233,2024-08-02,1900-01-01 16:53:00,16,Popcorn,3,47.69,Snacks,867,8,16,2
1261,233,2024-08-02,1900-01-01 16:53:00,16,Pasta,2,382.19,Grains & Staples,221,8,16,2
1261,233,2024-08-02,1900-01-01 16:53:00,16,Orange,2,480.64,Fruits & Vegetables,106,8,16,2
1261,233,2024-08-02,1900-01-01 16:53:00,16,Sugar,1,412.11,Grains & Staples,145,8,16,2
1262,372,2024-07-07,1900-01-01 20:00:00,20,Charger,1,214.41,Electronics,456,7,20,7
1262,372,2024-07-07,1900-01-01 20:00:00,20,Marker,2,100.58,Stationery,657,7,20,7
1262,372,2024-07-07,1900-01-01 20:00:00,20,Chicken Breast,3,435.63,Meat & Seafood,235,7,20,7
1263,63,2024-01-13,1900-01-01 20:18:00,20,Lentils,2,196.16,Grains & Staples,650,1,20,13
1263,63,2024-01-13,1900-01-01 20:18:00,20,Diapers,3,460.0,Baby Care,314,1,20,13
1263,63,2024-01-13,1900-01-01 20:18:00,20,Vitamins,1,371.92,Health & Wellness,530,1,20,13
1263,63,2024-01-13,1900-01-01 20:18:00,20,Potato,2,271.36,Fruits & Vegetables,350,1,20,13
1264,460,2024-08-15,1900-01-01 19:48:00,19,Wheat Flour,1,193.69,Grains & Staples,486,8,19,15
1264,460,2024-08-15,1900-01-01 19:48:00,19,Toilet Paper,2,79.59,Household,560,8,19,15
1264,460,2024-08-15,1900-01-01 19:48:00,19,Vitamins,1,450.16,Health & Wellness,808,8,19,15
1264,460,2024-08-15,1900-01-01 19:48:00,19,Charger,2,439.28,Electronics,227,8,19,15
1265,339,2024-04-19,1900-01-01 09:56:00,9,Popcorn,2,361.28,Snacks,956,4,9,19
1265,339,2024-04-19,1900-01-01 09:56:00,9,Chicken Breast,3,411.95,Meat & Seafood,322,4,9,19
1265,339,2024-04-19,1900-01-01 09:56:00,9,Spinach,2,299.9,Fruits & Vegetables,372,4,9,19
1266,51,2024-10-11,1900-01-01 19:02:00,19,Pastry,2,165.77,Bakery,888,10,19,11
1266,51,2024-10-11,1900-01-01 19:02:00,19,Cooking Oil,2,73.6,Grains & Staples,790,10,19,11
1266,51,2024-10-11,1900-01-01 19:02:00,19,Jeans,3,93.38,Clothing,814,10,19,11
1266,51,2024-10-11,1900-01-01 19:02:00,19,Fiction Book,2,447.53,Books,303,10,19,11
1267,218,2024-02-05,1900-01-01 13:07:00,13,Lentils,2,482.05,Grains & Staples,520,2,13,5
1267,218,2024-02-05,1900-01-01 13:07:00,13,Wheat Flour,3,226.18,Grains & Staples,401,2,13,5
1267,218,2024-02-05,1900-01-01 13:07:00,13,Chocolate,3,160.55,Snacks,990,2,13,5
1267,218,2024-02-05,1900-01-01 13:07:00,13,Shampoo,3,94.65,Personal Care,183,2,13,5
1267,218,2024-02-05,1900-01-01 13:07:00,13,Potato,3,438.51,Fruits & Vegetables,166,2,13,5
1268,194,2024-09-03,1900-01-01 21:52:00,21,Carrot,1,309.19,Fruits & Vegetables,790,9,21,3
1268,194,2024-09-03,1900-01-01 21:52:00,21,Pain Reliever,2,122.7,Health & Wellness,575,9,21,3
1268,194,2024-09-03,1900-01-01 21:52:00,21,Pain Reliever,3,124.57,Health & Wellness,853,9,21,3
1268,194,2024-09-03,1900-01-01 21:52:00,21,Potato,1,95.62,Fruits & Vegetables,160,9,21,3
1268,194,2024-09-03,1900-01-01 21:52:00,21,Baby Food,2,276.79,Baby Care,500,9,21,3
1268,194,2024-09-03,1900-01-01 21:52:00,21,Vitamins,1,322.98,Health & Wellness,209,9,21,3
1268,194,2024-09-03,1900-01-01 21:52:00,21,Lentils,2,324.88,Grains & Staples,810,9,21,3
1269,90,2024-02-29,1900-01-01 11:39:00,11,Spices,1,282.42,Grains & Staples,736,2,11,29
1269,90,2024-02-29,1900-01-01 11:39:00,11,Jeans,1,478.3,Clothing,910,2,11,29
1269,90,2024-02-29,1900-01-01 11:39:00,11,Belt,3,205.7,Clothing Accessories,421,2,11,29
1270,44,2024-02-03,1900-01-01 08:11:00,8,Coffee,3,407.65,Beverages,981,2,8,3
1270,44,2024-02-03,1900-01-01 08:11:00,8,Notebook,3,254.71,Stationery,327,2,8,3
1270,44,2024-02-03,1900-01-01 08:11:00,8,Electric Kettle,3,306.37,Electronics,946,2,8,3
1270,44,2024-02-03,1900-01-01 08:11:00,8,Beef,2,297.63,Meat & Seafood,755,2,8,3
1270,44,2024-02-03,1900-01-01 08:11:00,8,Toilet Paper,1,415.53,Household,134,2,8,3
1270,44,2024-02-03,1900-01-01 08:11:00,8,Cake,1,359.03,Bakery,197,2,8,3
1270,44,2024-02-03,1900-01-01 08:11:00,8,Chicken Breast,2,276.93,Meat & Seafood,196,2,8,3
1271,465,2024-05-12,1900-01-01 11:34:00,11,Yogurt,1,63.85,Dairy & Eggs,699,5,11,12
1271,465,2024-05-12,1900-01-01 11:34:00,11,Shoes,2,180.69,Footwear,511,5,11,12
1271,465,2024-05-12,1900-01-01 11:34:00,11,Tissue,2,121.94,Household,187,5,11,12
1271,465,2024-05-12,1900-01-01 11:34:00,11,Cheese,3,208.74,Dairy & Eggs,552,5,11,12
1272,484,2024-06-12,1900-01-01 21:49:00,21,Toothpaste,3,90.17,Personal Care,497,6,21,12
1272,484,2024-06-12,1900-01-01 21:49:00,21,Cooking Oil,2,229.19,Grains & Staples,400,6,21,12
1272,484,2024-06-12,1900-01-01 21:49:00,21,Chicken Breast,1,177.46,Meat & Seafood,619,6,21,12
1273,318,2024-08-22,1900-01-01 07:51:00,7,Saree,1,84.57,Clothing,535,8,7,22
1273,318,2024-08-22,1900-01-01 07:51:00,7,Jeans,1,466.05,Clothing,927,8,7,22
1273,318,2024-08-22,1900-01-01 07:51:00,7,Tissue,3,399.93,Household,545,8,7,22
1273,318,2024-08-22,1900-01-01 07:51:00,7,Salt,3,356.06,Grains & Staples,388,8,7,22
1273,318,2024-08-22,1900-01-01 07:51:00,7,Chocolate,3,181.91,Snacks,215,8,7,22
1273,318,2024-08-22,1900-01-01 07:51:00,7,Cooking Oil,2,239.85,Grains & Staples,549,8,7,22
1274,396,2024-06-28,1900-01-01 20:39:00,20,Fiction Book,2,465.65,Books,894,6,20,28
1274,396,2024-06-28,1900-01-01 20:39:00,20,Lentils,1,374.57,Grains & Staples,491,6,20,28
1274,396,2024-06-28,1900-01-01 20:39:00,20,Shampoo,1,414.72,Personal Care,596,6,20,28
1275,144,2024-09-15,1900-01-01 18:06:00,18,Apple,1,48.81,Fruits & Vegetables,475,9,18,15
1275,144,2024-09-15,1900-01-01 18:06:00,18,Spices,1,139.53,Grains & Staples,126,9,18,15
1275,144,2024-09-15,1900-01-01 18:06:00,18,Eggs,2,476.11,Dairy & Eggs,347,9,18,15
1275,144,2024-09-15,1900-01-01 18:06:00,18,Butter,2,331.12,Dairy & Eggs,115,9,18,15
1275,144,2024-09-15,1900-01-01 18:06:00,18,Pasta,2,475.68,Grains & Staples,371,9,18,15
1276,260,2024-06-23,1900-01-01 16:14:00,16,Croissant,2,343.88,Bakery,986,6,16,23
1276,260,2024-06-23,1900-01-01 16:14:00,16,Tissue,2,192.16,Household,173,6,16,23
1276,260,2024-06-23,1900-01-01 16:14:00,16,Mixer Grinder,3,57.11,Electronics,733,6,16,23
1276,260,2024-06-23,1900-01-01 16:14:00,16,Saree,2,201.25,Clothing,389,6,16,23
1276,260,2024-06-23,1900-01-01 16:14:00,16,Coffee,2,259.52,Beverages,744,6,16,23
1276,260,2024-06-23,1900-01-01 16:14:00,16,Spinach,1,314.7,Fruits & Vegetables,747,6,16,23
1276,260,2024-06-23,1900-01-01 16:14:00,16,Milk,2,317.81,Dairy & Eggs,259,6,16,23
1277,12,2024-03-21,1900-01-01 17:10:00,17,Cheese,1,192.78,Dairy & Eggs,220,3,17,21
1277,12,2024-03-21,1900-01-01 17:10:00,17,Spinach,1,433.53,Fruits & Vegetables,865,3,17,21
1277,12,2024-03-21,1900-01-01 17:10:00,17,Coffee,1,337.58,Beverages,798,3,17,21
1277,12,2024-03-21,1900-01-01 17:10:00,17,Floor Cleaner,3,445.44,Household,746,3,17,21
1278,288,2024-06-26,1900-01-01 06:22:00,6,Banana,2,234.04,Fruits & Vegetables,836,6,6,26
1278,288,2024-06-26,1900-01-01 06:22:00,6,Butter,2,228.01,Dairy & Eggs,257,6,6,26
1278,288,2024-06-26,1900-01-01 06:22:00,6,Orange,3,358.9,Fruits & Vegetables,489,6,6,26
1278,288,2024-06-26,1900-01-01 06:22:00,6,Fiction Book,1,323.68,Books,320,6,6,26
1278,288,2024-06-26,1900-01-01 06:22:00,6,Milk,2,324.94,Dairy & Eggs,762,6,6,26
1278,288,2024-06-26,1900-01-01 06:22:00,6,Spices,3,73.05,Grains & Staples,551,6,6,26
1279,103,2024-09-25,1900-01-01 20:43:00,20,Coffee,2,347.75,Beverages,645,9,20,25
1279,103,2024-09-25,1900-01-01 20:43:00,20,Fish,2,51.43,Meat & Seafood,275,9,20,25
1279,103,2024-09-25,1900-01-01 20:43:00,20,Cheese,2,309.34,Dairy & Eggs,630,9,20,25
1279,103,2024-09-25,1900-01-01 20:43:00,20,Fish,3,191.81,Meat & Seafood,146,9,20,25
1279,103,2024-09-25,1900-01-01 20:43:00,20,Banana,2,67.73,Fruits & Vegetables,274,9,20,25
1279,103,2024-09-25,1900-01-01 20:43:00,20,Sugar,1,167.43,Grains & Staples,268,9,20,25
1279,103,2024-09-25,1900-01-01 20:43:00,20,Mixer Grinder,2,264.38,Electronics,998,9,20,25
1280,15,2024-01-12,1900-01-01 08:34:00,8,Rice,1,47.45,Grains & Staples,163,1,8,12
1280,15,2024-01-12,1900-01-01 08:34:00,8,Face Wash,2,316.17,Personal Care,493,1,8,12
1280,15,2024-01-12,1900-01-01 08:34:00,8,Pain Reliever,1,127.49,Health & Wellness,271,1,8,12
1280,15,2024-01-12,1900-01-01 08:34:00,8,Sugar,2,134.62,Grains & Staples,596,1,8,12
1280,15,2024-01-12,1900-01-01 08:34:00,8,Tea,1,271.82,Beverages,571,1,8,12
1281,454,2024-06-10,1900-01-01 15:04:00,15,Wheat Flour,2,400.16,Grains & Staples,484,6,15,10
1281,454,2024-06-10,1900-01-01 15:04:00,15,Dress,1,272.95,Clothing,153,6,15,10
1281,454,2024-06-10,1900-01-01 15:04:00,15,Electric Kettle,2,413.81,Electronics,664,6,15,10
1281,454,2024-06-10,1900-01-01 15:04:00,15,Pain Reliever,2,45.16,Health & Wellness,417,6,15,10
1282,329,2024-01-09,1900-01-01 22:04:00,22,Charger,1,146.98,Electronics,109,1,22,9
1282,329,2024-01-09,1900-01-01 22:04:00,22,Chips,1,49.62,Snacks,373,1,22,9
1282,329,2024-01-09,1900-01-01 22:04:00,22,Tea,3,78.05,Beverages,482,1,22,9
1282,329,2024-01-09,1900-01-01 22:04:00,22,Saree,3,262.48,Clothing,321,1,22,9
1282,329,2024-01-09,1900-01-01 22:04:00,22,Carrot,1,369.65,Fruits & Vegetables,152,1,22,9
1283,428,2024-10-23,1900-01-01 12:41:00,12,Dishwashing Liquid,1,440.16,Household,794,10,12,23
1283,428,2024-10-23,1900-01-01 12:41:00,12,Biscuits,3,115.55,Snacks,728,10,12,23
1283,428,2024-10-23,1900-01-01 12:41:00,12,Floor Cleaner,3,272.0,Household,394,10,12,23
1283,428,2024-10-23,1900-01-01 12:41:00,12,Electric Kettle,2,192.9,Electronics,576,10,12,23
1283,428,2024-10-23,1900-01-01 12:41:00,12,Shirt,3,120.77,Clothing,137,10,12,23
1284,248,2024-10-11,1900-01-01 11:04:00,11,Popcorn,1,14.71,Snacks,783,10,11,11
1284,248,2024-10-11,1900-01-01 11:04:00,11,Croissant,3,291.32,Bakery,827,10,11,11
1284,248,2024-10-11,1900-01-01 11:04:00,11,Pen,3,101.47,Stationery,506,10,11,11
1284,248,2024-10-11,1900-01-01 11:04:00,11,Banana,2,154.38,Fruits & Vegetables,377,10,11,11
1284,248,2024-10-11,1900-01-01 11:04:00,11,Banana,1,209.25,Fruits & Vegetables,717,10,11,11
1285,73,2024-12-23,1900-01-01 09:14:00,9,Fiction Book,1,311.2,Books,501,12,9,23
1285,73,2024-12-23,1900-01-01 09:14:00,9,Energy Drink,3,292.9,Beverages,527,12,9,23
1285,73,2024-12-23,1900-01-01 09:14:00,9,Spinach,1,284.89,Fruits & Vegetables,644,12,9,23
1286,259,2024-08-08,1900-01-01 16:14:00,16,Dishwashing Liquid,3,255.01,Household,410,8,16,8
1286,259,2024-08-08,1900-01-01 16:14:00,16,Orange,3,432.12,Fruits & Vegetables,847,8,16,8
1286,259,2024-08-08,1900-01-01 16:14:00,16,Spinach,2,102.4,Fruits & Vegetables,602,8,16,8
1286,259,2024-08-08,1900-01-01 16:14:00,16,Eggs,2,366.36,Dairy & Eggs,994,8,16,8
1286,259,2024-08-08,1900-01-01 16:14:00,16,Bread,1,307.22,Bakery,813,8,16,8
1286,259,2024-08-08,1900-01-01 16:14:00,16,Chocolate,1,116.94,Snacks,606,8,16,8
1287,2,2024-12-19,1900-01-01 11:11:00,11,Coffee,2,416.94,Beverages,395,12,11,19
1287,2,2024-12-19,1900-01-01 11:11:00,11,Beef,1,299.64,Meat & Seafood,155,12,11,19
1287,2,2024-12-19,1900-01-01 11:11:00,11,Cheese,1,335.37,Dairy & Eggs,121,12,11,19
1288,246,2024-05-16,1900-01-01 13:25:00,13,Pain Reliever,2,320.59,Health & Wellness,343,5,13,16
1288,246,2024-05-16,1900-01-01 13:25:00,13,Cake,2,210.98,Bakery,269,5,13,16
1288,246,2024-05-16,1900-01-01 13:25:00,13,Face Wash,1,289.2,Personal Care,610,5,13,16
1289,61,2024-10-06,1900-01-01 15:05:00,15,Electric Kettle,1,348.76,Electronics,802,10,15,6
1289,61,2024-10-06,1900-01-01 15:05:00,15,Dress,2,97.12,Clothing,838,10,15,6
1289,61,2024-10-06,1900-01-01 15:05:00,15,Toothpaste,1,55.65,Personal Care,498,10,15,6
1289,61,2024-10-06,1900-01-01 15:05:00,15,Jeans,3,286.55,Clothing,903,10,15,6
1289,61,2024-10-06,1900-01-01 15:05:00,15,Shoes,3,475.15,Footwear,205,10,15,6
1289,61,2024-10-06,1900-01-01 15:05:00,15,Fiction Book,2,195.01,Books,712,10,15,6
1290,173,2024-09-07,1900-01-01 16:10:00,16,Chocolate,3,296.04,Snacks,506,9,16,7
1290,173,2024-09-07,1900-01-01 16:10:00,16,Shoes,2,413.22,Footwear,258,9,16,7
1290,173,2024-09-07,1900-01-01 16:10:00,16,Butter,3,466.5,Dairy & Eggs,933,9,16,7
1290,173,2024-09-07,1900-01-01 16:10:00,16,Floor Cleaner,2,466.49,Household,253,9,16,7
1290,173,2024-09-07,1900-01-01 16:10:00,16,Sugar,3,257.18,Grains & Staples,527,9,16,7
1291,77,2024-07-04,1900-01-01 22:32:00,22,Butter,3,332.08,Dairy & Eggs,177,7,22,4
1291,77,2024-07-04,1900-01-01 22:32:00,22,Wheat Flour,2,235.46,Grains & Staples,122,7,22,4
1291,77,2024-07-04,1900-01-01 22:32:00,22,Yogurt,1,360.93,Dairy & Eggs,271,7,22,4
1291,77,2024-07-04,1900-01-01 22:32:00,22,Onion,2,390.66,Fruits & Vegetables,820,7,22,4
1291,77,2024-07-04,1900-01-01 22:32:00,22,Cookies,1,87.29,Bakery,309,7,22,4
1291,77,2024-07-04,1900-01-01 22:32:00,22,Electric Kettle,1,496.12,Electronics,722,7,22,4
1292,9,2024-10-07,1900-01-01 22:11:00,22,Cooking Oil,1,447.21,Grains & Staples,554,10,22,7
1292,9,2024-10-07,1900-01-01 22:11:00,22,Coffee,1,44.4,Beverages,274,10,22,7
1292,9,2024-10-07,1900-01-01 22:11:00,22,Eggs,3,185.33,Dairy & Eggs,233,10,22,7
1292,9,2024-10-07,1900-01-01 22:11:00,22,Pen,3,212.47,Stationery,356,10,22,7
1293,31,2024-05-17,1900-01-01 15:21:00,15,Pain Reliever,2,464.45,Health & Wellness,269,5,15,17
1293,31,2024-05-17,1900-01-01 15:21:00,15,Toilet Paper,1,380.38,Household,589,5,15,17
1293,31,2024-05-17,1900-01-01 15:21:00,15,Jeans,2,30.76,Clothing,436,5,15,17
1294,84,2024-03-10,1900-01-01 12:33:00,12,Fish,3,127.06,Meat & Seafood,854,3,12,10
1294,84,2024-03-10,1900-01-01 12:33:00,12,Spinach,1,103.84,Fruits & Vegetables,918,3,12,10
1294,84,2024-03-10,1900-01-01 12:33:00,12,Pen,1,24.7,Stationery,913,3,12,10
1294,84,2024-03-10,1900-01-01 12:33:00,12,Fish,2,298.34,Meat & Seafood,818,3,12,10
1295,239,2024-12-21,1900-01-01 19:12:00,19,Tissue,2,426.48,Household,715,12,19,21
1295,239,2024-12-21,1900-01-01 19:12:00,19,Mixer Grinder,3,267.42,Electronics,403,12,19,21
1295,239,2024-12-21,1900-01-01 19:12:00,19,Shampoo,3,317.7,Personal Care,427,12,19,21
1296,465,2024-03-08,1900-01-01 09:31:00,9,Cake,2,66.48,Bakery,916,3,9,8
1296,465,2024-03-08,1900-01-01 09:31:00,9,Phone Cover,1,428.49,Electronics,504,3,9,8
1296,465,2024-03-08,1900-01-01 09:31:00,9,Tissue,1,148.46,Household,133,3,9,8
1297,372,2024-01-19,1900-01-01 06:19:00,6,Yogurt,3,480.04,Dairy & Eggs,325,1,6,19
1297,372,2024-01-19,1900-01-01 06:19:00,6,Face Wash,3,113.68,Personal Care,615,1,6,19
1297,372,2024-01-19,1900-01-01 06:19:00,6,Onion,1,387.05,Fruits & Vegetables,318,1,6,19
1297,372,2024-01-19,1900-01-01 06:19:00,6,Sugar,2,487.4,Grains & Staples,788,1,6,19
1297,372,2024-01-19,1900-01-01 06:19:00,6,Saree,1,133.14,Clothing,787,1,6,19
1297,372,2024-01-19,1900-01-01 06:19:00,6,Mixer Grinder,1,365.37,Electronics,246,1,6,19
1297,372,2024-01-19,1900-01-01 06:19:00,6,Toilet Paper,2,499.2,Household,271,1,6,19
1298,29,2024-02-09,1900-01-01 12:13:00,12,Chocolate,3,326.18,Snacks,475,2,12,9
1298,29,2024-02-09,1900-01-01 12:13:00,12,Earphones,1,381.67,Electronics,255,2,12,9
1298,29,2024-02-09,1900-01-01 12:13:00,12,Soda,3,182.32,Beverages,415,2,12,9
1299,365,2024-12-28,1900-01-01 18:33:00,18,Chicken Breast,2,335.49,Meat & Seafood,167,12,18,28
1299,365,2024-12-28,1900-01-01 18:33:00,18,Belt,3,53.66,Clothing Accessories,611,12,18,28
1299,365,2024-12-28,1900-01-01 18:33:00,18,Saree,3,155.6,Clothing,828,12,18,28
1299,365,2024-12-28,1900-01-01 18:33:00,18,Juice,1,11.84,Beverages,791,12,18,28
1300,441,2024-12-25,1900-01-01 06:50:00,6,Shampoo,2,301.68,Personal Care,453,12,6,25
1300,441,2024-12-25,1900-01-01 06:50:00,6,Apple,3,154.2,Fruits & Vegetables,661,12,6,25
1300,441,2024-12-25,1900-01-01 06:50:00,6,Eggs,3,326.42,Dairy & Eggs,163,12,6,25
1301,404,2024-10-27,1900-01-01 12:40:00,12,Fiction Book,2,34.2,Books,212,10,12,27
1301,404,2024-10-27,1900-01-01 12:40:00,12,Phone Cover,1,37.05,Electronics,997,10,12,27
1301,404,2024-10-27,1900-01-01 12:40:00,12,Marker,2,123.36,Stationery,138,10,12,27
1302,351,2024-09-14,1900-01-01 15:16:00,15,Tea,1,68.39,Beverages,214,9,15,14
1302,351,2024-09-14,1900-01-01 15:16:00,15,Detergent,3,222.68,Household,348,9,15,14
1302,351,2024-09-14,1900-01-01 15:16:00,15,Yogurt,1,14.56,Dairy & Eggs,776,9,15,14
1302,351,2024-09-14,1900-01-01 15:16:00,15,Tea,1,265.47,Beverages,240,9,15,14
1302,351,2024-09-14,1900-01-01 15:16:00,15,Chicken Breast,1,233.9,Meat & Seafood,758,9,15,14
1303,60,2024-05-26,1900-01-01 13:08:00,13,Fish,3,125.63,Meat & Seafood,153,5,13,26
1303,60,2024-05-26,1900-01-01 13:08:00,13,Toothpaste,2,89.69,Personal Care,294,5,13,26
1303,60,2024-05-26,1900-01-01 13:08:00,13,Bread,2,339.17,Bakery,148,5,13,26
1303,60,2024-05-26,1900-01-01 13:08:00,13,Pastry,3,336.32,Bakery,119,5,13,26
1303,60,2024-05-26,1900-01-01 13:08:00,13,Onion,2,63.28,Fruits & Vegetables,681,5,13,26
1304,236,2024-01-30,1900-01-01 21:18:00,21,Earphones,2,304.4,Electronics,968,1,21,30
1304,236,2024-01-30,1900-01-01 21:18:00,21,Fiction Book,1,51.2,Books,793,1,21,30
1304,236,2024-01-30,1900-01-01 21:18:00,21,Fiction Book,1,438.51,Books,306,1,21,30
1304,236,2024-01-30,1900-01-01 21:18:00,21,Potato,3,290.14,Fruits & Vegetables,737,1,21,30
1304,236,2024-01-30,1900-01-01 21:18:00,21,Pastry,3,493.42,Bakery,430,1,21,30
1304,236,2024-01-30,1900-01-01 21:18:00,21,Marker,3,272.98,Stationery,690,1,21,30
1305,367,2024-09-06,1900-01-01 18:26:00,18,Earphones,3,311.89,Electronics,991,9,18,6
1305,367,2024-09-06,1900-01-01 18:26:00,18,Yogurt,1,440.2,Dairy & Eggs,925,9,18,6
1305,367,2024-09-06,1900-01-01 18:26:00,18,Electric Kettle,3,275.94,Electronics,704,9,18,6
1305,367,2024-09-06,1900-01-01 18:26:00,18,Detergent,1,342.97,Household,407,9,18,6
1305,367,2024-09-06,1900-01-01 18:26:00,18,Biscuits,3,222.58,Snacks,549,9,18,6
1306,366,2024-05-23,1900-01-01 06:57:00,6,Onion,3,152.11,Fruits & Vegetables,998,5,6,23
1306,366,2024-05-23,1900-01-01 06:57:00,6,Baby Food,2,196.33,Baby Care,573,5,6,23
1306,366,2024-05-23,1900-01-01 06:57:00,6,Cookies,3,323.04,Bakery,746,5,6,23
1307,490,2024-08-01,1900-01-01 19:34:00,19,Chips,3,386.63,Snacks,595,8,19,1
1307,490,2024-08-01,1900-01-01 19:34:00,19,Saree,3,23.63,Clothing,702,8,19,1
1307,490,2024-08-01,1900-01-01 19:34:00,19,Diapers,1,408.05,Baby Care,673,8,19,1
1307,490,2024-08-01,1900-01-01 19:34:00,19,Baby Food,3,49.39,Baby Care,527,8,19,1
1307,490,2024-08-01,1900-01-01 19:34:00,19,Juice,1,463.35,Beverages,893,8,19,1
1307,490,2024-08-01,1900-01-01 19:34:00,19,Pasta,2,145.91,Grains & Staples,691,8,19,1
1308,169,2024-08-31,1900-01-01 11:01:00,11,Mixer Grinder,3,428.64,Electronics,743,8,11,31
1308,169,2024-08-31,1900-01-01 11:01:00,11,Dishwashing Liquid,3,118.73,Household,290,8,11,31
1308,169,2024-08-31,1900-01-01 11:01:00,11,Spices,2,89.03,Grains & Staples,588,8,11,31
1308,169,2024-08-31,1900-01-01 11:01:00,11,Phone Cover,3,160.61,Electronics,896,8,11,31
1308,169,2024-08-31,1900-01-01 11:01:00,11,Shampoo,2,143.67,Personal Care,905,8,11,31
1308,169,2024-08-31,1900-01-01 11:01:00,11,Detergent,2,463.9,Household,648,8,11,31
1308,169,2024-08-31,1900-01-01 11:01:00,11,Phone Cover,2,29.53,Electronics,183,8,11,31
1309,444,2024-11-16,1900-01-01 11:40:00,11,Face Wash,1,56.41,Personal Care,627,11,11,16
1309,444,2024-11-16,1900-01-01 11:40:00,11,Soda,3,467.58,Beverages,985,11,11,16
1309,444,2024-11-16,1900-01-01 11:40:00,11,Sugar,3,297.36,Grains & Staples,196,11,11,16
1309,444,2024-11-16,1900-01-01 11:40:00,11,Toilet Paper,3,83.92,Household,391,11,11,16
1309,444,2024-11-16,1900-01-01 11:40:00,11,Wheat Flour,1,155.61,Grains & Staples,831,11,11,16
1310,149,2024-02-20,1900-01-01 07:39:00,7,Soap,3,67.86,Personal Care,273,2,7,20
1310,149,2024-02-20,1900-01-01 07:39:00,7,Saree,3,159.16,Clothing,264,2,7,20
1310,149,2024-02-20,1900-01-01 07:39:00,7,Eggs,3,381.01,Dairy & Eggs,888,2,7,20
1310,149,2024-02-20,1900-01-01 07:39:00,7,Dress,3,105.07,Clothing,589,2,7,20
1310,149,2024-02-20,1900-01-01 07:39:00,7,Face Wash,1,365.01,Personal Care,514,2,7,20
1310,149,2024-02-20,1900-01-01 07:39:00,7,Floor Cleaner,2,128.37,Household,122,2,7,20
1311,58,2024-04-26,1900-01-01 19:24:00,19,Wheat Flour,3,46.44,Grains & Staples,129,4,19,26
1311,58,2024-04-26,1900-01-01 19:24:00,19,Marker,3,116.05,Stationery,879,4,19,26
1311,58,2024-04-26,1900-01-01 19:24:00,19,Biscuits,1,352.33,Snacks,868,4,19,26
1311,58,2024-04-26,1900-01-01 19:24:00,19,Biscuits,2,262.81,Snacks,202,4,19,26
1311,58,2024-04-26,1900-01-01 19:24:00,19,Spinach,3,206.63,Fruits & Vegetables,824,4,19,26
1311,58,2024-04-26,1900-01-01 19:24:00,19,Toilet Paper,2,36.84,Household,745,4,19,26
1312,153,2024-07-08,1900-01-01 10:14:00,10,Mixer Grinder,3,371.69,Electronics,832,7,10,8
1312,153,2024-07-08,1900-01-01 10:14:00,10,Pasta,1,497.26,Grains & Staples,573,7,10,8
1312,153,2024-07-08,1900-01-01 10:14:00,10,Dress,1,243.04,Clothing,379,7,10,8
1312,153,2024-07-08,1900-01-01 10:14:00,10,Phone Cover,2,317.32,Electronics,437,7,10,8
1312,153,2024-07-08,1900-01-01 10:14:00,10,Shampoo,3,450.8,Personal Care,616,7,10,8
1312,153,2024-07-08,1900-01-01 10:14:00,10,Apple,3,300.46,Fruits & Vegetables,626,7,10,8
1313,353,2024-02-23,1900-01-01 13:52:00,13,Potato,3,273.04,Fruits & Vegetables,253,2,13,23
1313,353,2024-02-23,1900-01-01 13:52:00,13,Notebook,2,386.34,Stationery,151,2,13,23
1313,353,2024-02-23,1900-01-01 13:52:00,13,Butter,3,214.85,Dairy & Eggs,865,2,13,23
1313,353,2024-02-23,1900-01-01 13:52:00,13,Milk,3,232.73,Dairy & Eggs,854,2,13,23
1313,353,2024-02-23,1900-01-01 13:52:00,13,Floor Cleaner,3,183.87,Household,417,2,13,23
1314,379,2024-03-08,1900-01-01 14:14:00,14,Shirt,3,76.42,Clothing,418,3,14,8
1314,379,2024-03-08,1900-01-01 14:14:00,14,Tissue,1,254.76,Household,322,3,14,8
1314,379,2024-03-08,1900-01-01 14:14:00,14,Bread,2,41.64,Bakery,261,3,14,8
1314,379,2024-03-08,1900-01-01 14:14:00,14,Croissant,1,242.77,Bakery,834,3,14,8
1314,379,2024-03-08,1900-01-01 14:14:00,14,Educational Book,3,254.47,Books,303,3,14,8
1315,208,2024-07-20,1900-01-01 13:09:00,13,Sugar,2,11.18,Grains & Staples,752,7,13,20
1315,208,2024-07-20,1900-01-01 13:09:00,13,Face Wash,1,120.9,Personal Care,937,7,13,20
1315,208,2024-07-20,1900-01-01 13:09:00,13,Energy Drink,2,193.86,Beverages,138,7,13,20
1315,208,2024-07-20,1900-01-01 13:09:00,13,Shirt,3,217.92,Clothing,558,7,13,20
1315,208,2024-07-20,1900-01-01 13:09:00,13,Apple,3,304.72,Fruits & Vegetables,756,7,13,20
1315,208,2024-07-20,1900-01-01 13:09:00,13,Milk,2,295.04,Dairy & Eggs,857,7,13,20
1316,326,2024-01-24,1900-01-01 13:46:00,13,Butter,1,430.07,Dairy & Eggs,392,1,13,24
1316,326,2024-01-24,1900-01-01 13:46:00,13,Lentils,3,400.34,Grains & Staples,392,1,13,24
1316,326,2024-01-24,1900-01-01 13:46:00,13,Potato,2,53.51,Fruits & Vegetables,903,1,13,24
1316,326,2024-01-24,1900-01-01 13:46:00,13,Pasta,1,377.32,Grains & Staples,152,1,13,24
1316,326,2024-01-24,1900-01-01 13:46:00,13,Carrot,3,145.88,Fruits & Vegetables,900,1,13,24
1316,326,2024-01-24,1900-01-01 13:46:00,13,Tomato,2,405.58,Fruits & Vegetables,544,1,13,24
1316,326,2024-01-24,1900-01-01 13:46:00,13,Shampoo,3,289.14,Personal Care,231,1,13,24
1317,78,2024-11-12,1900-01-01 08:04:00,8,Toilet Paper,2,157.18,Household,218,11,8,12
1317,78,2024-11-12,1900-01-01 08:04:00,8,Butter,1,440.25,Dairy & Eggs,656,11,8,12
1317,78,2024-11-12,1900-01-01 08:04:00,8,Diapers,1,274.62,Baby Care,954,11,8,12
1317,78,2024-11-12,1900-01-01 08:04:00,8,Orange,1,391.0,Fruits & Vegetables,219,11,8,12
1317,78,2024-11-12,1900-01-01 08:04:00,8,Coffee,3,222.65,Beverages,236,11,8,12
1317,78,2024-11-12,1900-01-01 08:04:00,8,Pasta,2,419.92,Grains & Staples,105,11,8,12
1317,78,2024-11-12,1900-01-01 08:04:00,8,Diapers,3,56.8,Baby Care,791,11,8,12
1318,408,2024-08-23,1900-01-01 06:42:00,6,Beef,1,60.42,Meat & Seafood,140,8,6,23
1318,408,2024-08-23,1900-01-01 06:42:00,6,Chicken Breast,3,62.59,Meat & Seafood,681,8,6,23
1318,408,2024-08-23,1900-01-01 06:42:00,6,Mixer Grinder,1,38.79,Electronics,838,8,6,23
1318,408,2024-08-23,1900-01-01 06:42:00,6,Prawns,1,239.56,Meat & Seafood,433,8,6,23
1318,408,2024-08-23,1900-01-01 06:42:00,6,Earphones,3,283.42,Electronics,155,8,6,23
1318,408,2024-08-23,1900-01-01 06:42:00,6,Electric Kettle,3,487.22,Electronics,775,8,6,23
1319,105,2024-09-07,1900-01-01 08:55:00,8,Butter,1,461.18,Dairy & Eggs,745,9,8,7
1319,105,2024-09-07,1900-01-01 08:55:00,8,Lentils,2,42.97,Grains & Staples,867,9,8,7
1319,105,2024-09-07,1900-01-01 08:55:00,8,Onion,1,37.26,Fruits & Vegetables,102,9,8,7
1319,105,2024-09-07,1900-01-01 08:55:00,8,Pain Reliever,3,412.03,Health & Wellness,846,9,8,7
1320,442,2024-12-22,1900-01-01 08:43:00,8,Toothpaste,3,127.56,Personal Care,807,12,8,22
1320,442,2024-12-22,1900-01-01 08:43:00,8,Salt,3,79.39,Grains & Staples,997,12,8,22
1320,442,2024-12-22,1900-01-01 08:43:00,8,Lentils,1,60.88,Grains & Staples,594,12,8,22
1320,442,2024-12-22,1900-01-01 08:43:00,8,Apple,3,243.55,Fruits & Vegetables,205,12,8,22
1320,442,2024-12-22,1900-01-01 08:43:00,8,Pain Reliever,3,404.77,Health & Wellness,550,12,8,22
1320,442,2024-12-22,1900-01-01 08:43:00,8,Eggs,3,345.03,Dairy & Eggs,358,12,8,22
1320,442,2024-12-22,1900-01-01 08:43:00,8,Shampoo,2,238.17,Personal Care,665,12,8,22
1321,244,2024-07-05,1900-01-01 16:17:00,16,Bread,1,191.33,Bakery,743,7,16,5
1321,244,2024-07-05,1900-01-01 16:17:00,16,Prawns,1,49.05,Meat & Seafood,151,7,16,5
1321,244,2024-07-05,1900-01-01 16:17:00,16,Biscuits,3,282.16,Snacks,502,7,16,5
1322,337,2024-01-07,1900-01-01 09:34:00,9,Tissue,3,139.27,Household,440,1,9,7
1322,337,2024-01-07,1900-01-01 09:34:00,9,Chips,1,54.47,Snacks,602,1,9,7
1322,337,2024-01-07,1900-01-01 09:34:00,9,Wheat Flour,1,335.22,Grains & Staples,500,1,9,7
1322,337,2024-01-07,1900-01-01 09:34:00,9,Wheat Flour,1,353.48,Grains & Staples,965,1,9,7
1323,232,2024-06-24,1900-01-01 06:33:00,6,Energy Drink,3,15.67,Beverages,220,6,6,24
1323,232,2024-06-24,1900-01-01 06:33:00,6,Earphones,2,162.39,Electronics,520,6,6,24
1323,232,2024-06-24,1900-01-01 06:33:00,6,Banana,3,158.82,Fruits & Vegetables,928,6,6,24
1324,222,2024-02-04,1900-01-01 09:03:00,9,Chicken Breast,3,411.18,Meat & Seafood,744,2,9,4
1324,222,2024-02-04,1900-01-01 09:03:00,9,Salt,2,94.4,Grains & Staples,791,2,9,4
1324,222,2024-02-04,1900-01-01 09:03:00,9,Banana,2,390.8,Fruits & Vegetables,576,2,9,4
1324,222,2024-02-04,1900-01-01 09:03:00,9,Floor Cleaner,3,367.82,Household,348,2,9,4
1324,222,2024-02-04,1900-01-01 09:03:00,9,Detergent,2,370.01,Household,939,2,9,4
1325,96,2024-02-12,1900-01-01 11:00:00,11,Cake,3,18.7,Bakery,825,2,11,12
1325,96,2024-02-12,1900-01-01 11:00:00,11,Shirt,2,407.12,Clothing,221,2,11,12
1325,96,2024-02-12,1900-01-01 11:00:00,11,Lentils,2,447.0,Grains & Staples,730,2,11,12
1325,96,2024-02-12,1900-01-01 11:00:00,11,Soda,2,468.63,Beverages,420,2,11,12
1325,96,2024-02-12,1900-01-01 11:00:00,11,Beef,3,293.5,Meat & Seafood,598,2,11,12
1325,96,2024-02-12,1900-01-01 11:00:00,11,Mixer Grinder,3,146.01,Electronics,590,2,11,12
1326,324,2024-09-08,1900-01-01 07:49:00,7,Juice,3,310.96,Beverages,988,9,7,8
1326,324,2024-09-08,1900-01-01 07:49:00,7,Pen,2,283.34,Stationery,864,9,7,8
1326,324,2024-09-08,1900-01-01 07:49:00,7,Milk,1,348.97,Dairy & Eggs,458,9,7,8
1326,324,2024-09-08,1900-01-01 07:49:00,7,Dishwashing Liquid,1,48.23,Household,287,9,7,8
1326,324,2024-09-08,1900-01-01 07:49:00,7,Phone Cover,3,121.12,Electronics,919,9,7,8
1326,324,2024-09-08,1900-01-01 07:49:00,7,Shoes,2,165.41,Footwear,348,9,7,8
1327,236,2024-03-20,1900-01-01 10:19:00,10,Soda,2,181.88,Beverages,545,3,10,20
1327,236,2024-03-20,1900-01-01 10:19:00,10,Pasta,2,486.76,Grains & Staples,453,3,10,20
1327,236,2024-03-20,1900-01-01 10:19:00,10,Croissant,1,33.89,Bakery,236,3,10,20
1327,236,2024-03-20,1900-01-01 10:19:00,10,Banana,2,106.83,Fruits & Vegetables,629,3,10,20
1327,236,2024-03-20,1900-01-01 10:19:00,10,Onion,3,224.16,Fruits & Vegetables,312,3,10,20
1327,236,2024-03-20,1900-01-01 10:19:00,10,Croissant,1,194.81,Bakery,347,3,10,20
1328,54,2024-09-22,1900-01-01 15:39:00,15,Chocolate,3,481.79,Snacks,638,9,15,22
1328,54,2024-09-22,1900-01-01 15:39:00,15,Tissue,1,409.97,Household,240,9,15,22
1328,54,2024-09-22,1900-01-01 15:39:00,15,Tissue,3,52.86,Household,106,9,15,22
1328,54,2024-09-22,1900-01-01 15:39:00,15,Soda,1,417.13,Beverages,950,9,15,22
1329,3,2024-06-10,1900-01-01 13:43:00,13,Chocolate,1,377.2,Snacks,439,6,13,10
1329,3,2024-06-10,1900-01-01 13:43:00,13,Earphones,3,296.82,Electronics,549,6,13,10
1329,3,2024-06-10,1900-01-01 13:43:00,13,Tomato,1,178.46,Fruits & Vegetables,750,6,13,10
1329,3,2024-06-10,1900-01-01 13:43:00,13,Fiction Book,1,55.82,Books,734,6,13,10
1329,3,2024-06-10,1900-01-01 13:43:00,13,Sugar,3,481.12,Grains & Staples,222,6,13,10
1329,3,2024-06-10,1900-01-01 13:43:00,13,Prawns,3,180.47,Meat & Seafood,886,6,13,10
1329,3,2024-06-10,1900-01-01 13:43:00,13,Phone Cover,2,235.48,Electronics,107,6,13,10
1330,360,2024-05-10,1900-01-01 07:25:00,7,Educational Book,2,384.42,Books,620,5,7,10
1330,360,2024-05-10,1900-01-01 07:25:00,7,Cheese,1,276.08,Dairy & Eggs,200,5,7,10
1330,360,2024-05-10,1900-01-01 07:25:00,7,Spinach,1,212.38,Fruits & Vegetables,671,5,7,10
1330,360,2024-05-10,1900-01-01 07:25:00,7,Soap,1,116.14,Personal Care,446,5,7,10
1330,360,2024-05-10,1900-01-01 07:25:00,7,Juice,3,35.63,Beverages,143,5,7,10
1330,360,2024-05-10,1900-01-01 07:25:00,7,Chicken Breast,3,251.71,Meat & Seafood,345,5,7,10
1331,45,2024-03-09,1900-01-01 17:03:00,17,Soda,2,32.14,Beverages,588,3,17,9
1331,45,2024-03-09,1900-01-01 17:03:00,17,Earphones,1,58.1,Electronics,625,3,17,9
1331,45,2024-03-09,1900-01-01 17:03:00,17,Banana,3,119.26,Fruits & Vegetables,831,3,17,9
1331,45,2024-03-09,1900-01-01 17:03:00,17,Jeans,3,64.59,Clothing,929,3,17,9
1332,181,2024-11-23,1900-01-01 15:15:00,15,Chocolate,2,56.0,Snacks,383,11,15,23
1332,181,2024-11-23,1900-01-01 15:15:00,15,Bread,2,35.56,Bakery,446,11,15,23
1332,181,2024-11-23,1900-01-01 15:15:00,15,Baby Food,3,214.85,Baby Care,518,11,15,23
1332,181,2024-11-23,1900-01-01 15:15:00,15,Cake,3,55.35,Bakery,327,11,15,23
1332,181,2024-11-23,1900-01-01 15:15:00,15,Electric Kettle,2,156.89,Electronics,320,11,15,23
1333,192,2024-07-27,1900-01-01 20:27:00,20,Salt,1,188.26,Grains & Staples,945,7,20,27
1333,192,2024-07-27,1900-01-01 20:27:00,20,Toothpaste,3,477.49,Personal Care,106,7,20,27
1333,192,2024-07-27,1900-01-01 20:27:00,20,Yogurt,3,281.69,Dairy & Eggs,211,7,20,27
1333,192,2024-07-27,1900-01-01 20:27:00,20,Pastry,3,43.5,Bakery,749,7,20,27
1333,192,2024-07-27,1900-01-01 20:27:00,20,Cake,3,256.05,Bakery,252,7,20,27
1334,248,2024-08-22,1900-01-01 09:34:00,9,Spinach,2,20.44,Fruits & Vegetables,507,8,9,22
1334,248,2024-08-22,1900-01-01 09:34:00,9,Toilet Paper,3,215.6,Household,175,8,9,22
1334,248,2024-08-22,1900-01-01 09:34:00,9,Apple,2,228.72,Fruits & Vegetables,723,8,9,22
1335,283,2024-08-12,1900-01-01 15:01:00,15,Carrot,3,378.67,Fruits & Vegetables,494,8,15,12
1335,283,2024-08-12,1900-01-01 15:01:00,15,Soda,1,16.52,Beverages,905,8,15,12
1335,283,2024-08-12,1900-01-01 15:01:00,15,Prawns,3,272.64,Meat & Seafood,554,8,15,12
1336,375,2024-12-16,1900-01-01 13:56:00,13,Lentils,1,85.26,Grains & Staples,722,12,13,16
1336,375,2024-12-16,1900-01-01 13:56:00,13,Pasta,2,13.06,Grains & Staples,732,12,13,16
1336,375,2024-12-16,1900-01-01 13:56:00,13,Chips,3,257.76,Snacks,146,12,13,16
1336,375,2024-12-16,1900-01-01 13:56:00,13,Dress,3,414.65,Clothing,717,12,13,16
1336,375,2024-12-16,1900-01-01 13:56:00,13,Apple,1,192.64,Fruits & Vegetables,758,12,13,16
1336,375,2024-12-16,1900-01-01 13:56:00,13,Prawns,1,36.43,Meat & Seafood,608,12,13,16
1336,375,2024-12-16,1900-01-01 13:56:00,13,Fish,1,224.34,Meat & Seafood,994,12,13,16
1337,453,2024-01-07,1900-01-01 16:30:00,16,Bread,2,64.21,Bakery,523,1,16,7
1337,453,2024-01-07,1900-01-01 16:30:00,16,Yogurt,2,313.39,Dairy & Eggs,817,1,16,7
1337,453,2024-01-07,1900-01-01 16:30:00,16,Cooking Oil,3,387.1,Grains & Staples,590,1,16,7
1337,453,2024-01-07,1900-01-01 16:30:00,16,Banana,3,116.37,Fruits & Vegetables,867,1,16,7
1337,453,2024-01-07,1900-01-01 16:30:00,16,Tea,1,332.65,Beverages,536,1,16,7
1338,249,2024-11-19,1900-01-01 09:44:00,9,Belt,3,256.97,Clothing Accessories,328,11,9,19
1338,249,2024-11-19,1900-01-01 09:44:00,9,Carrot,2,280.3,Fruits & Vegetables,770,11,9,19
1338,249,2024-11-19,1900-01-01 09:44:00,9,Educational Book,3,424.15,Books,776,11,9,19
1338,249,2024-11-19,1900-01-01 09:44:00,9,Onion,1,141.24,Fruits & Vegetables,762,11,9,19
1339,370,2024-08-15,1900-01-01 10:07:00,10,Face Wash,2,156.14,Personal Care,923,8,10,15
1339,370,2024-08-15,1900-01-01 10:07:00,10,Pen,2,390.73,Stationery,593,8,10,15
1339,370,2024-08-15,1900-01-01 10:07:00,10,Phone Cover,2,272.74,Electronics,226,8,10,15
1339,370,2024-08-15,1900-01-01 10:07:00,10,Carrot,3,319.1,Fruits & Vegetables,462,8,10,15
1340,215,2024-07-11,1900-01-01 10:58:00,10,Tomato,2,250.57,Fruits & Vegetables,329,7,10,11
1340,215,2024-07-11,1900-01-01 10:58:00,10,Fish,3,230.68,Meat & Seafood,475,7,10,11
1340,215,2024-07-11,1900-01-01 10:58:00,10,Chicken Breast,3,376.73,Meat & Seafood,353,7,10,11
1340,215,2024-07-11,1900-01-01 10:58:00,10,Baby Food,2,419.3,Baby Care,938,7,10,11
1340,215,2024-07-11,1900-01-01 10:58:00,10,Pain Reliever,2,189.03,Health & Wellness,603,7,10,11
1341,264,2024-06-05,1900-01-01 14:24:00,14,Spinach,1,402.8,Fruits & Vegetables,508,6,14,5
1341,264,2024-06-05,1900-01-01 14:24:00,14,Salt,3,132.28,Grains & Staples,308,6,14,5
1341,264,2024-06-05,1900-01-01 14:24:00,14,Energy Drink,1,85.78,Beverages,709,6,14,5
1342,361,2024-07-04,1900-01-01 15:20:00,15,Educational Book,2,301.19,Books,349,7,15,4
1342,361,2024-07-04,1900-01-01 15:20:00,15,Coffee,1,420.56,Beverages,699,7,15,4
1342,361,2024-07-04,1900-01-01 15:20:00,15,Milk,3,48.23,Dairy & Eggs,827,7,15,4
1342,361,2024-07-04,1900-01-01 15:20:00,15,Salt,1,458.06,Grains & Staples,541,7,15,4
1342,361,2024-07-04,1900-01-01 15:20:00,15,Pasta,3,198.39,Grains & Staples,641,7,15,4
1342,361,2024-07-04,1900-01-01 15:20:00,15,Marker,2,221.75,Stationery,955,7,15,4
1343,372,2024-08-06,1900-01-01 06:48:00,6,Chips,2,335.11,Snacks,586,8,6,6
1343,372,2024-08-06,1900-01-01 06:48:00,6,Apple,3,388.44,Fruits & Vegetables,393,8,6,6
1343,372,2024-08-06,1900-01-01 06:48:00,6,Biscuits,3,311.77,Snacks,956,8,6,6
1344,302,2024-01-12,1900-01-01 22:11:00,22,Prawns,3,317.89,Meat & Seafood,812,1,22,12
1344,302,2024-01-12,1900-01-01 22:11:00,22,Cheese,3,291.91,Dairy & Eggs,810,1,22,12
1344,302,2024-01-12,1900-01-01 22:11:00,22,Shoes,2,52.73,Footwear,752,1,22,12
1344,302,2024-01-12,1900-01-01 22:11:00,22,Sugar,1,292.2,Grains & Staples,604,1,22,12
1345,130,2024-06-30,1900-01-01 16:38:00,16,Cake,2,190.25,Bakery,417,6,16,30
1345,130,2024-06-30,1900-01-01 16:38:00,16,Charger,1,314.76,Electronics,584,6,16,30
1345,130,2024-06-30,1900-01-01 16:38:00,16,Lentils,1,60.42,Grains & Staples,215,6,16,30
1345,130,2024-06-30,1900-01-01 16:38:00,16,Mixer Grinder,1,193.45,Electronics,555,6,16,30
1345,130,2024-06-30,1900-01-01 16:38:00,16,Cheese,3,340.93,Dairy & Eggs,811,6,16,30
1345,130,2024-06-30,1900-01-01 16:38:00,16,Milk,3,238.89,Dairy & Eggs,805,6,16,30
1346,412,2024-03-29,1900-01-01 19:56:00,19,Pasta,1,410.3,Grains & Staples,762,3,19,29
1346,412,2024-03-29,1900-01-01 19:56:00,19,Floor Cleaner,2,272.74,Household,637,3,19,29
1346,412,2024-03-29,1900-01-01 19:56:00,19,Diapers,1,115.15,Baby Care,399,3,19,29
1346,412,2024-03-29,1900-01-01 19:56:00,19,Mixer Grinder,3,264.81,Electronics,550,3,19,29
1346,412,2024-03-29,1900-01-01 19:56:00,19,Notebook,2,370.86,Stationery,400,3,19,29
1347,53,2024-11-28,1900-01-01 22:53:00,22,Bread,3,449.04,Bakery,446,11,22,28
1347,53,2024-11-28,1900-01-01 22:53:00,22,Detergent,1,76.49,Household,736,11,22,28
1347,53,2024-11-28,1900-01-01 22:53:00,22,Energy Drink,1,368.43,Beverages,393,11,22,28
1347,53,2024-11-28,1900-01-01 22:53:00,22,Pain Reliever,3,463.23,Health & Wellness,749,11,22,28
1347,53,2024-11-28,1900-01-01 22:53:00,22,Phone Cover,2,87.95,Electronics,745,11,22,28
1347,53,2024-11-28,1900-01-01 22:53:00,22,Pastry,3,167.98,Bakery,902,11,22,28
1348,161,2024-11-01,1900-01-01 14:00:00,14,Pen,2,238.18,Stationery,266,11,14,1
1348,161,2024-11-01,1900-01-01 14:00:00,14,Energy Drink,3,447.69,Beverages,254,11,14,1
1348,161,2024-11-01,1900-01-01 14:00:00,14,Onion,1,473.52,Fruits & Vegetables,750,11,14,1
1348,161,2024-11-01,1900-01-01 14:00:00,14,Popcorn,3,479.25,Snacks,847,11,14,1
1348,161,2024-11-01,1900-01-01 14:00:00,14,Earphones,3,470.03,Electronics,689,11,14,1
1349,43,2024-07-03,1900-01-01 22:28:00,22,Soda,1,247.67,Beverages,940,7,22,3
1349,43,2024-07-03,1900-01-01 22:28:00,22,Pastry,1,453.26,Bakery,264,7,22,3
1349,43,2024-07-03,1900-01-01 22:28:00,22,Shampoo,1,396.12,Personal Care,500,7,22,3
1349,43,2024-07-03,1900-01-01 22:28:00,22,Bread,2,484.1,Bakery,225,7,22,3
1349,43,2024-07-03,1900-01-01 22:28:00,22,Marker,1,11.51,Stationery,600,7,22,3
1350,95,2024-04-05,1900-01-01 22:50:00,22,Fiction Book,1,465.9,Books,464,4,22,5
1350,95,2024-04-05,1900-01-01 22:50:00,22,Cheese,1,375.14,Dairy & Eggs,912,4,22,5
1350,95,2024-04-05,1900-01-01 22:50:00,22,Dress,2,12.58,Clothing,200,4,22,5
1350,95,2024-04-05,1900-01-01 22:50:00,22,Educational Book,3,202.39,Books,641,4,22,5
1350,95,2024-04-05,1900-01-01 22:50:00,22,Popcorn,1,462.72,Snacks,733,4,22,5
1351,340,2024-06-02,1900-01-01 14:28:00,14,Marker,3,250.38,Stationery,770,6,14,2
1351,340,2024-06-02,1900-01-01 14:28:00,14,Floor Cleaner,2,204.21,Household,764,6,14,2
1351,340,2024-06-02,1900-01-01 14:28:00,14,Chocolate,1,379.03,Snacks,718,6,14,2
1351,340,2024-06-02,1900-01-01 14:28:00,14,Cake,1,194.36,Bakery,315,6,14,2
1352,300,2024-09-03,1900-01-01 07:52:00,7,Prawns,1,364.88,Meat & Seafood,411,9,7,3
1352,300,2024-09-03,1900-01-01 07:52:00,7,Tissue,1,406.47,Household,862,9,7,3
1352,300,2024-09-03,1900-01-01 07:52:00,7,Educational Book,2,282.17,Books,586,9,7,3
1352,300,2024-09-03,1900-01-01 07:52:00,7,Spices,2,492.85,Grains & Staples,659,9,7,3
1352,300,2024-09-03,1900-01-01 07:52:00,7,Diapers,1,169.44,Baby Care,435,9,7,3
1352,300,2024-09-03,1900-01-01 07:52:00,7,Phone Cover,2,352.52,Electronics,513,9,7,3
1352,300,2024-09-03,1900-01-01 07:52:00,7,Apple,2,451.89,Fruits & Vegetables,238,9,7,3
1353,117,2024-10-04,1900-01-01 11:37:00,11,Pain Reliever,1,431.95,Health & Wellness,626,10,11,4
1353,117,2024-10-04,1900-01-01 11:37:00,11,Beef,3,393.31,Meat & Seafood,112,10,11,4
1353,117,2024-10-04,1900-01-01 11:37:00,11,Orange,3,148.42,Fruits & Vegetables,654,10,11,4
1353,117,2024-10-04,1900-01-01 11:37:00,11,Jeans,1,378.92,Clothing,654,10,11,4
1353,117,2024-10-04,1900-01-01 11:37:00,11,Wheat Flour,1,76.86,Grains & Staples,697,10,11,4
1354,461,2024-04-16,1900-01-01 16:00:00,16,Bread,2,397.52,Bakery,263,4,16,16
1354,461,2024-04-16,1900-01-01 16:00:00,16,Sugar,1,291.8,Grains & Staples,801,4,16,16
1354,461,2024-04-16,1900-01-01 16:00:00,16,Onion,1,445.61,Fruits & Vegetables,856,4,16,16
1354,461,2024-04-16,1900-01-01 16:00:00,16,Tomato,1,382.89,Fruits & Vegetables,227,4,16,16
1354,461,2024-04-16,1900-01-01 16:00:00,16,Saree,1,72.91,Clothing,899,4,16,16
1354,461,2024-04-16,1900-01-01 16:00:00,16,Detergent,2,285.79,Household,589,4,16,16
1354,461,2024-04-16,1900-01-01 16:00:00,16,Mixer Grinder,1,309.08,Electronics,184,4,16,16
1355,27,2024-02-16,1900-01-01 06:38:00,6,Cookies,1,254.09,Bakery,242,2,6,16
1355,27,2024-02-16,1900-01-01 06:38:00,6,Apple,1,227.08,Fruits & Vegetables,518,2,6,16
1355,27,2024-02-16,1900-01-01 06:38:00,6,Fish,1,58.36,Meat & Seafood,171,2,6,16
1356,430,2024-07-07,1900-01-01 21:19:00,21,Pen,2,161.7,Stationery,430,7,21,7
1356,430,2024-07-07,1900-01-01 21:19:00,21,Charger,2,281.46,Electronics,260,7,21,7
1356,430,2024-07-07,1900-01-01 21:19:00,21,Rice,1,137.41,Grains & Staples,488,7,21,7
1356,430,2024-07-07,1900-01-01 21:19:00,21,Detergent,1,300.81,Household,879,7,21,7
1356,430,2024-07-07,1900-01-01 21:19:00,21,Shirt,3,464.48,Clothing,904,7,21,7
1356,430,2024-07-07,1900-01-01 21:19:00,21,Soda,1,338.32,Beverages,332,7,21,7
1356,430,2024-07-07,1900-01-01 21:19:00,21,Pastry,3,292.67,Bakery,139,7,21,7
1357,44,2024-11-08,1900-01-01 16:54:00,16,Charger,1,446.4,Electronics,463,11,16,8
1357,44,2024-11-08,1900-01-01 16:54:00,16,Toothpaste,3,370.64,Personal Care,111,11,16,8
1357,44,2024-11-08,1900-01-01 16:54:00,16,Mixer Grinder,1,126.73,Electronics,989,11,16,8
1357,44,2024-11-08,1900-01-01 16:54:00,16,Baby Food,3,195.96,Baby Care,883,11,16,8
1357,44,2024-11-08,1900-01-01 16:54:00,16,Pen,2,373.86,Stationery,316,11,16,8
1357,44,2024-11-08,1900-01-01 16:54:00,16,Pasta,1,192.69,Grains & Staples,639,11,16,8
1357,44,2024-11-08,1900-01-01 16:54:00,16,Earphones,1,192.09,Electronics,719,11,16,8
1358,320,2024-08-20,1900-01-01 09:49:00,9,Belt,2,258.7,Clothing Accessories,412,8,9,20
1358,320,2024-08-20,1900-01-01 09:49:00,9,Chips,2,315.89,Snacks,661,8,9,20
1358,320,2024-08-20,1900-01-01 09:49:00,9,Prawns,3,116.39,Meat & Seafood,999,8,9,20
1358,320,2024-08-20,1900-01-01 09:49:00,9,Vitamins,2,59.25,Health & Wellness,591,8,9,20
1358,320,2024-08-20,1900-01-01 09:49:00,9,Cake,2,360.42,Bakery,657,8,9,20
1358,320,2024-08-20,1900-01-01 09:49:00,9,Educational Book,2,95.91,Books,747,8,9,20
1358,320,2024-08-20,1900-01-01 09:49:00,9,Lentils,3,230.51,Grains & Staples,456,8,9,20
1359,3,2024-01-21,1900-01-01 14:14:00,14,Phone Cover,3,309.9,Electronics,138,1,14,21
1359,3,2024-01-21,1900-01-01 14:14:00,14,Mixer Grinder,3,378.34,Electronics,888,1,14,21
1359,3,2024-01-21,1900-01-01 14:14:00,14,Pasta,3,28.15,Grains & Staples,892,1,14,21
1359,3,2024-01-21,1900-01-01 14:14:00,14,Chocolate,1,339.91,Snacks,359,1,14,21
1359,3,2024-01-21,1900-01-01 14:14:00,14,Earphones,1,92.46,Electronics,852,1,14,21
1360,279,2024-08-09,1900-01-01 06:46:00,6,Cooking Oil,3,479.12,Grains & Staples,428,8,6,9
1360,279,2024-08-09,1900-01-01 06:46:00,6,Apple,2,92.97,Fruits & Vegetables,256,8,6,9
1360,279,2024-08-09,1900-01-01 06:46:00,6,Chocolate,3,94.99,Snacks,109,8,6,9
1360,279,2024-08-09,1900-01-01 06:46:00,6,Electric Kettle,3,468.79,Electronics,622,8,6,9
1360,279,2024-08-09,1900-01-01 06:46:00,6,Charger,2,362.79,Electronics,163,8,6,9
1361,23,2024-07-16,1900-01-01 10:20:00,10,Butter,2,41.3,Dairy & Eggs,157,7,10,16
1361,23,2024-07-16,1900-01-01 10:20:00,10,Shampoo,3,144.16,Personal Care,589,7,10,16
1361,23,2024-07-16,1900-01-01 10:20:00,10,Cake,3,425.96,Bakery,140,7,10,16
1361,23,2024-07-16,1900-01-01 10:20:00,10,Baby Food,1,103.17,Baby Care,149,7,10,16
1361,23,2024-07-16,1900-01-01 10:20:00,10,Phone Cover,3,134.15,Electronics,887,7,10,16
1362,394,2024-02-28,1900-01-01 09:13:00,9,Notebook,1,455.39,Stationery,722,2,9,28
1362,394,2024-02-28,1900-01-01 09:13:00,9,Fish,3,299.72,Meat & Seafood,257,2,9,28
1362,394,2024-02-28,1900-01-01 09:13:00,9,Saree,1,77.13,Clothing,479,2,9,28
1362,394,2024-02-28,1900-01-01 09:13:00,9,Spinach,1,65.56,Fruits & Vegetables,569,2,9,28
1363,270,2024-01-23,1900-01-01 06:38:00,6,Beef,1,482.53,Meat & Seafood,101,1,6,23
1363,270,2024-01-23,1900-01-01 06:38:00,6,Shirt,1,152.61,Clothing,859,1,6,23
1363,270,2024-01-23,1900-01-01 06:38:00,6,Detergent,3,312.13,Household,495,1,6,23
1363,270,2024-01-23,1900-01-01 06:38:00,6,Baby Food,2,209.63,Baby Care,342,1,6,23
1363,270,2024-01-23,1900-01-01 06:38:00,6,Jeans,3,407.5,Clothing,535,1,6,23
1364,456,2024-05-05,1900-01-01 22:57:00,22,Tomato,2,279.63,Fruits & Vegetables,489,5,22,5
1364,456,2024-05-05,1900-01-01 22:57:00,22,Lentils,1,310.11,Grains & Staples,340,5,22,5
1364,456,2024-05-05,1900-01-01 22:57:00,22,Wheat Flour,3,368.52,Grains & Staples,764,5,22,5
1365,270,2024-04-26,1900-01-01 14:59:00,14,Fish,3,14.24,Meat & Seafood,326,4,14,26
1365,270,2024-04-26,1900-01-01 14:59:00,14,Carrot,3,137.26,Fruits & Vegetables,290,4,14,26
1365,270,2024-04-26,1900-01-01 14:59:00,14,Butter,2,43.99,Dairy & Eggs,145,4,14,26
1365,270,2024-04-26,1900-01-01 14:59:00,14,Carrot,1,457.1,Fruits & Vegetables,220,4,14,26
1365,270,2024-04-26,1900-01-01 14:59:00,14,Saree,3,234.62,Clothing,626,4,14,26
1365,270,2024-04-26,1900-01-01 14:59:00,14,Popcorn,1,384.46,Snacks,730,4,14,26
1366,292,2024-07-01,1900-01-01 19:47:00,19,Coffee,2,341.01,Beverages,778,7,19,1
1366,292,2024-07-01,1900-01-01 19:47:00,19,Notebook,3,68.2,Stationery,740,7,19,1
1366,292,2024-07-01,1900-01-01 19:47:00,19,Yogurt,1,121.86,Dairy & Eggs,863,7,19,1
1366,292,2024-07-01,1900-01-01 19:47:00,19,Soap,1,429.49,Personal Care,658,7,19,1
1366,292,2024-07-01,1900-01-01 19:47:00,19,Croissant,1,44.11,Bakery,521,7,19,1
1366,292,2024-07-01,1900-01-01 19:47:00,19,Onion,2,489.14,Fruits & Vegetables,178,7,19,1
1366,292,2024-07-01,1900-01-01 19:47:00,19,Wheat Flour,3,173.05,Grains & Staples,666,7,19,1
1367,311,2024-06-14,1900-01-01 20:41:00,20,Juice,2,369.14,Beverages,826,6,20,14
1367,311,2024-06-14,1900-01-01 20:41:00,20,Spices,1,182.8,Grains & Staples,234,6,20,14
1367,311,2024-06-14,1900-01-01 20:41:00,20,Educational Book,1,13.29,Books,975,6,20,14
1368,152,2024-03-04,1900-01-01 06:32:00,6,Fiction Book,2,385.92,Books,992,3,6,4
1368,152,2024-03-04,1900-01-01 06:32:00,6,Soda,2,347.38,Beverages,285,3,6,4
1368,152,2024-03-04,1900-01-01 06:32:00,6,Butter,1,342.79,Dairy & Eggs,208,3,6,4
1368,152,2024-03-04,1900-01-01 06:32:00,6,Pastry,3,270.29,Bakery,927,3,6,4
1369,234,2024-11-09,1900-01-01 16:16:00,16,Shampoo,3,342.57,Personal Care,408,11,16,9
1369,234,2024-11-09,1900-01-01 16:16:00,16,Dress,3,149.04,Clothing,588,11,16,9
1369,234,2024-11-09,1900-01-01 16:16:00,16,Cheese,1,342.81,Dairy & Eggs,679,11,16,9
1369,234,2024-11-09,1900-01-01 16:16:00,16,Eggs,2,352.15,Dairy & Eggs,792,11,16,9
1369,234,2024-11-09,1900-01-01 16:16:00,16,Phone Cover,2,196.24,Electronics,229,11,16,9
1370,351,2024-02-01,1900-01-01 10:55:00,10,Tea,1,410.92,Beverages,342,2,10,1
1370,351,2024-02-01,1900-01-01 10:55:00,10,Beef,3,79.92,Meat & Seafood,739,2,10,1
1370,351,2024-02-01,1900-01-01 10:55:00,10,Belt,3,211.33,Clothing Accessories,778,2,10,1
1370,351,2024-02-01,1900-01-01 10:55:00,10,Yogurt,3,348.03,Dairy & Eggs,646,2,10,1
1370,351,2024-02-01,1900-01-01 10:55:00,10,Lentils,3,183.47,Grains & Staples,506,2,10,1
1370,351,2024-02-01,1900-01-01 10:55:00,10,Electric Kettle,2,119.01,Electronics,762,2,10,1
1370,351,2024-02-01,1900-01-01 10:55:00,10,Earphones,2,340.53,Electronics,827,2,10,1
1371,69,2024-06-26,1900-01-01 09:51:00,9,Charger,1,443.54,Electronics,965,6,9,26
1371,69,2024-06-26,1900-01-01 09:51:00,9,Chips,2,59.28,Snacks,868,6,9,26
1371,69,2024-06-26,1900-01-01 09:51:00,9,Banana,2,196.91,Fruits & Vegetables,100,6,9,26
1371,69,2024-06-26,1900-01-01 09:51:00,9,Soap,3,305.32,Personal Care,800,6,9,26
1371,69,2024-06-26,1900-01-01 09:51:00,9,Spinach,1,54.38,Fruits & Vegetables,627,6,9,26
1372,212,2024-09-03,1900-01-01 11:43:00,11,Pain Reliever,1,347.22,Health & Wellness,174,9,11,3
1372,212,2024-09-03,1900-01-01 11:43:00,11,Mixer Grinder,2,398.21,Electronics,439,9,11,3
1372,212,2024-09-03,1900-01-01 11:43:00,11,Sugar,3,264.27,Grains & Staples,842,9,11,3
1372,212,2024-09-03,1900-01-01 11:43:00,11,Onion,1,276.21,Fruits & Vegetables,946,9,11,3
1372,212,2024-09-03,1900-01-01 11:43:00,11,Shirt,3,140.79,Clothing,700,9,11,3
1372,212,2024-09-03,1900-01-01 11:43:00,11,Phone Cover,2,449.3,Electronics,313,9,11,3
1372,212,2024-09-03,1900-01-01 11:43:00,11,Shirt,2,482.52,Clothing,605,9,11,3
1373,468,2024-07-27,1900-01-01 20:49:00,20,Beef,1,125.02,Meat & Seafood,555,7,20,27
1373,468,2024-07-27,1900-01-01 20:49:00,20,Biscuits,3,183.09,Snacks,957,7,20,27
1373,468,2024-07-27,1900-01-01 20:49:00,20,Wheat Flour,3,417.41,Grains & Staples,460,7,20,27
1373,468,2024-07-27,1900-01-01 20:49:00,20,Cheese,2,19.12,Dairy & Eggs,656,7,20,27
1373,468,2024-07-27,1900-01-01 20:49:00,20,Eggs,1,196.29,Dairy & Eggs,382,7,20,27
1373,468,2024-07-27,1900-01-01 20:49:00,20,Vitamins,2,261.49,Health & Wellness,286,7,20,27
1374,435,2024-07-31,1900-01-01 07:06:00,7,Earphones,2,273.11,Electronics,393,7,7,31
1374,435,2024-07-31,1900-01-01 07:06:00,7,Baby Food,3,487.72,Baby Care,239,7,7,31
1374,435,2024-07-31,1900-01-01 07:06:00,7,Rice,1,315.27,Grains & Staples,291,7,7,31
1374,435,2024-07-31,1900-01-01 07:06:00,7,Energy Drink,1,358.23,Beverages,616,7,7,31
1375,410,2024-06-24,1900-01-01 21:19:00,21,Banana,2,455.78,Fruits & Vegetables,138,6,21,24
1375,410,2024-06-24,1900-01-01 21:19:00,21,Cookies,3,424.4,Bakery,949,6,21,24
1375,410,2024-06-24,1900-01-01 21:19:00,21,Spices,2,184.21,Grains & Staples,143,6,21,24
1375,410,2024-06-24,1900-01-01 21:19:00,21,Dishwashing Liquid,3,43.98,Household,652,6,21,24
1375,410,2024-06-24,1900-01-01 21:19:00,21,Energy Drink,3,246.84,Beverages,403,6,21,24
1376,142,2024-05-22,1900-01-01 13:20:00,13,Jeans,3,411.8,Clothing,906,5,13,22
1376,142,2024-05-22,1900-01-01 13:20:00,13,Toilet Paper,2,438.01,Household,955,5,13,22
1376,142,2024-05-22,1900-01-01 13:20:00,13,Soap,3,374.67,Personal Care,900,5,13,22
1376,142,2024-05-22,1900-01-01 13:20:00,13,Vitamins,3,59.59,Health & Wellness,602,5,13,22
1376,142,2024-05-22,1900-01-01 13:20:00,13,Pastry,1,494.03,Bakery,252,5,13,22
1377,100,2024-02-27,1900-01-01 08:11:00,8,Biscuits,1,39.4,Snacks,490,2,8,27
1377,100,2024-02-27,1900-01-01 08:11:00,8,Carrot,2,38.67,Fruits & Vegetables,801,2,8,27
1377,100,2024-02-27,1900-01-01 08:11:00,8,Face Wash,1,55.37,Personal Care,378,2,8,27
1377,100,2024-02-27,1900-01-01 08:11:00,8,Tissue,1,280.84,Household,924,2,8,27
1377,100,2024-02-27,1900-01-01 08:11:00,8,Chicken Breast,1,409.32,Meat & Seafood,701,2,8,27
1378,195,2024-06-15,1900-01-01 21:59:00,21,Vitamins,3,162.07,Health & Wellness,182,6,21,15
1378,195,2024-06-15,1900-01-01 21:59:00,21,Milk,2,418.84,Dairy & Eggs,801,6,21,15
1378,195,2024-06-15,1900-01-01 21:59:00,21,Eggs,1,188.0,Dairy & Eggs,641,6,21,15
1378,195,2024-06-15,1900-01-01 21:59:00,21,Carrot,2,357.65,Fruits & Vegetables,380,6,21,15
1378,195,2024-06-15,1900-01-01 21:59:00,21,Notebook,3,428.52,Stationery,797,6,21,15
1378,195,2024-06-15,1900-01-01 21:59:00,21,Pasta,2,43.34,Grains & Staples,472,6,21,15
1379,2,2024-05-27,1900-01-01 19:25:00,19,Marker,2,308.31,Stationery,779,5,19,27
1379,2,2024-05-27,1900-01-01 19:25:00,19,Spinach,1,105.66,Fruits & Vegetables,731,5,19,27
1379,2,2024-05-27,1900-01-01 19:25:00,19,Diapers,3,497.65,Baby Care,604,5,19,27
1379,2,2024-05-27,1900-01-01 19:25:00,19,Tomato,1,441.87,Fruits & Vegetables,220,5,19,27
1379,2,2024-05-27,1900-01-01 19:25:00,19,Spices,3,493.6,Grains & Staples,679,5,19,27
1379,2,2024-05-27,1900-01-01 19:25:00,19,Earphones,3,465.93,Electronics,683,5,19,27
1379,2,2024-05-27,1900-01-01 19:25:00,19,Fish,2,485.56,Meat & Seafood,193,5,19,27
1380,382,2024-09-10,1900-01-01 06:25:00,6,Potato,2,226.67,Fruits & Vegetables,943,9,6,10
1380,382,2024-09-10,1900-01-01 06:25:00,6,Chocolate,1,456.41,Snacks,291,9,6,10
1380,382,2024-09-10,1900-01-01 06:25:00,6,Vitamins,2,117.37,Health & Wellness,961,9,6,10
1381,320,2024-04-15,1900-01-01 19:54:00,19,Pain Reliever,2,296.86,Health & Wellness,244,4,19,15
1381,320,2024-04-15,1900-01-01 19:54:00,19,Dress,3,101.11,Clothing,566,4,19,15
1381,320,2024-04-15,1900-01-01 19:54:00,19,Earphones,3,151.62,Electronics,265,4,19,15
1382,51,2024-11-17,1900-01-01 07:44:00,7,Dress,3,415.7,Clothing,609,11,7,17
1382,51,2024-11-17,1900-01-01 07:44:00,7,Cooking Oil,1,178.75,Grains & Staples,928,11,7,17
1382,51,2024-11-17,1900-01-01 07:44:00,7,Phone Cover,2,10.79,Electronics,249,11,7,17
1383,102,2024-09-13,1900-01-01 15:04:00,15,Tissue,3,23.76,Household,721,9,15,13
1383,102,2024-09-13,1900-01-01 15:04:00,15,Chicken Breast,1,118.16,Meat & Seafood,547,9,15,13
1383,102,2024-09-13,1900-01-01 15:04:00,15,Soda,3,188.58,Beverages,810,9,15,13
1384,179,2024-06-09,1900-01-01 16:25:00,16,Potato,3,236.16,Fruits & Vegetables,347,6,16,9
1384,179,2024-06-09,1900-01-01 16:25:00,16,Orange,3,361.85,Fruits & Vegetables,202,6,16,9
1384,179,2024-06-09,1900-01-01 16:25:00,16,Banana,2,169.63,Fruits & Vegetables,734,6,16,9
1384,179,2024-06-09,1900-01-01 16:25:00,16,Chicken Breast,1,320.12,Meat & Seafood,766,6,16,9
1385,342,2024-08-17,1900-01-01 12:28:00,12,Apple,1,23.67,Fruits & Vegetables,767,8,12,17
1385,342,2024-08-17,1900-01-01 12:28:00,12,Spinach,3,227.04,Fruits & Vegetables,683,8,12,17
1385,342,2024-08-17,1900-01-01 12:28:00,12,Phone Cover,1,373.43,Electronics,837,8,12,17
1385,342,2024-08-17,1900-01-01 12:28:00,12,Wheat Flour,1,227.57,Grains & Staples,149,8,12,17
1386,282,2024-01-18,1900-01-01 13:42:00,13,Soda,1,147.58,Beverages,444,1,13,18
1386,282,2024-01-18,1900-01-01 13:42:00,13,Shoes,3,42.68,Footwear,401,1,13,18
1386,282,2024-01-18,1900-01-01 13:42:00,13,Detergent,1,20.04,Household,924,1,13,18
1386,282,2024-01-18,1900-01-01 13:42:00,13,Mixer Grinder,1,462.12,Electronics,133,1,13,18
1386,282,2024-01-18,1900-01-01 13:42:00,13,Chocolate,3,396.98,Snacks,496,1,13,18
1387,226,2024-11-28,1900-01-01 21:08:00,21,Cookies,2,496.14,Bakery,904,11,21,28
1387,226,2024-11-28,1900-01-01 21:08:00,21,Orange,1,431.15,Fruits & Vegetables,292,11,21,28
1387,226,2024-11-28,1900-01-01 21:08:00,21,Pain Reliever,2,176.53,Health & Wellness,934,11,21,28
1387,226,2024-11-28,1900-01-01 21:08:00,21,Potato,1,55.36,Fruits & Vegetables,604,11,21,28
1387,226,2024-11-28,1900-01-01 21:08:00,21,Spinach,2,43.36,Fruits & Vegetables,603,11,21,28
1387,226,2024-11-28,1900-01-01 21:08:00,21,Cake,2,372.53,Bakery,525,11,21,28
1387,226,2024-11-28,1900-01-01 21:08:00,21,Butter,2,335.0,Dairy & Eggs,318,11,21,28
1388,215,2024-12-25,1900-01-01 12:18:00,12,Baby Food,2,131.36,Baby Care,796,12,12,25
1388,215,2024-12-25,1900-01-01 12:18:00,12,Eggs,2,484.52,Dairy & Eggs,974,12,12,25
1388,215,2024-12-25,1900-01-01 12:18:00,12,Pen,1,168.84,Stationery,171,12,12,25
1388,215,2024-12-25,1900-01-01 12:18:00,12,Dishwashing Liquid,2,215.25,Household,959,12,12,25
1389,420,2024-05-22,1900-01-01 21:47:00,21,Salt,1,154.91,Grains & Staples,377,5,21,22
1389,420,2024-05-22,1900-01-01 21:47:00,21,Chips,2,464.74,Snacks,771,5,21,22
1389,420,2024-05-22,1900-01-01 21:47:00,21,Bread,1,185.63,Bakery,138,5,21,22
1389,420,2024-05-22,1900-01-01 21:47:00,21,Mixer Grinder,2,89.72,Electronics,135,5,21,22
1389,420,2024-05-22,1900-01-01 21:47:00,21,Cooking Oil,1,499.17,Grains & Staples,533,5,21,22
1389,420,2024-05-22,1900-01-01 21:47:00,21,Marker,3,309.32,Stationery,180,5,21,22
1390,485,2024-10-05,1900-01-01 22:13:00,22,Electric Kettle,3,394.5,Electronics,933,10,22,5
1390,485,2024-10-05,1900-01-01 22:13:00,22,Wheat Flour,1,479.99,Grains & Staples,768,10,22,5
1390,485,2024-10-05,1900-01-01 22:13:00,22,Floor Cleaner,3,191.32,Household,984,10,22,5
1391,443,2024-08-03,1900-01-01 16:00:00,16,Shampoo,2,325.68,Personal Care,821,8,16,3
1391,443,2024-08-03,1900-01-01 16:00:00,16,Pen,3,124.31,Stationery,119,8,16,3
1391,443,2024-08-03,1900-01-01 16:00:00,16,Spices,3,287.26,Grains & Staples,705,8,16,3
1392,30,2024-04-14,1900-01-01 17:50:00,17,Juice,3,58.86,Beverages,902,4,17,14
1392,30,2024-04-14,1900-01-01 17:50:00,17,Chocolate,3,320.58,Snacks,324,4,17,14
1392,30,2024-04-14,1900-01-01 17:50:00,17,Notebook,3,294.8,Stationery,476,4,17,14
1392,30,2024-04-14,1900-01-01 17:50:00,17,Toothpaste,1,214.72,Personal Care,655,4,17,14
1392,30,2024-04-14,1900-01-01 17:50:00,17,Tissue,3,187.99,Household,888,4,17,14
1392,30,2024-04-14,1900-01-01 17:50:00,17,Eggs,3,212.97,Dairy & Eggs,817,4,17,14
1392,30,2024-04-14,1900-01-01 17:50:00,17,Toothpaste,1,376.27,Personal Care,857,4,17,14
1393,256,2024-06-03,1900-01-01 13:37:00,13,Tea,2,323.84,Beverages,862,6,13,3
1393,256,2024-06-03,1900-01-01 13:37:00,13,Coffee,1,54.01,Beverages,182,6,13,3
1393,256,2024-06-03,1900-01-01 13:37:00,13,Coffee,1,481.61,Beverages,454,6,13,3
1393,256,2024-06-03,1900-01-01 13:37:00,13,Orange,3,23.24,Fruits & Vegetables,180,6,13,3
1393,256,2024-06-03,1900-01-01 13:37:00,13,Juice,2,234.04,Beverages,705,6,13,3
1394,156,2024-07-30,1900-01-01 12:29:00,12,Milk,2,72.15,Dairy & Eggs,471,7,12,30
1394,156,2024-07-30,1900-01-01 12:29:00,12,Juice,3,467.32,Beverages,752,7,12,30
1394,156,2024-07-30,1900-01-01 12:29:00,12,Yogurt,2,272.67,Dairy & Eggs,562,7,12,30
1394,156,2024-07-30,1900-01-01 12:29:00,12,Vitamins,2,334.01,Health & Wellness,187,7,12,30
1394,156,2024-07-30,1900-01-01 12:29:00,12,Marker,2,218.4,Stationery,231,7,12,30
1394,156,2024-07-30,1900-01-01 12:29:00,12,Diapers,1,371.26,Baby Care,587,7,12,30
1394,156,2024-07-30,1900-01-01 12:29:00,12,Notebook,3,20.57,Stationery,938,7,12,30
1395,246,2024-03-31,1900-01-01 09:45:00,9,Prawns,1,346.64,Meat & Seafood,659,3,9,31
1395,246,2024-03-31,1900-01-01 09:45:00,9,Baby Food,1,191.29,Baby Care,597,3,9,31
1395,246,2024-03-31,1900-01-01 09:45:00,9,Chocolate,3,131.81,Snacks,232,3,9,31
1395,246,2024-03-31,1900-01-01 09:45:00,9,Cheese,1,294.13,Dairy & Eggs,226,3,9,31
1395,246,2024-03-31,1900-01-01 09:45:00,9,Spices,1,168.33,Grains & Staples,437,3,9,31
1396,107,2024-09-04,1900-01-01 09:48:00,9,Shoes,1,90.97,Footwear,103,9,9,4
1396,107,2024-09-04,1900-01-01 09:48:00,9,Pain Reliever,2,488.04,Health & Wellness,908,9,9,4
1396,107,2024-09-04,1900-01-01 09:48:00,9,Prawns,3,395.23,Meat & Seafood,836,9,9,4
1396,107,2024-09-04,1900-01-01 09:48:00,9,Shoes,3,161.33,Footwear,177,9,9,4
1397,160,2024-06-24,1900-01-01 12:14:00,12,Spices,2,384.38,Grains & Staples,213,6,12,24
1397,160,2024-06-24,1900-01-01 12:14:00,12,Banana,3,193.59,Fruits & Vegetables,570,6,12,24
1397,160,2024-06-24,1900-01-01 12:14:00,12,Onion,3,461.54,Fruits & Vegetables,764,6,12,24
1398,306,2024-04-30,1900-01-01 16:34:00,16,Pasta,1,335.65,Grains & Staples,584,4,16,30
1398,306,2024-04-30,1900-01-01 16:34:00,16,Popcorn,2,297.4,Snacks,169,4,16,30
1398,306,2024-04-30,1900-01-01 16:34:00,16,Bread,1,471.73,Bakery,952,4,16,30
1398,306,2024-04-30,1900-01-01 16:34:00,16,Belt,1,459.88,Clothing Accessories,562,4,16,30
1398,306,2024-04-30,1900-01-01 16:34:00,16,Sugar,2,108.49,Grains & Staples,885,4,16,30
1398,306,2024-04-30,1900-01-01 16:34:00,16,Fiction Book,3,348.36,Books,599,4,16,30
1399,132,2024-04-17,1900-01-01 17:44:00,17,Spices,2,276.95,Grains & Staples,888,4,17,17
1399,132,2024-04-17,1900-01-01 17:44:00,17,Shoes,3,179.57,Footwear,928,4,17,17
1399,132,2024-04-17,1900-01-01 17:44:00,17,Cookies,2,366.54,Bakery,460,4,17,17
1400,425,2024-04-29,1900-01-01 12:55:00,12,Chocolate,1,444.61,Snacks,102,4,12,29
1400,425,2024-04-29,1900-01-01 12:55:00,12,Chips,1,197.77,Snacks,547,4,12,29
1400,425,2024-04-29,1900-01-01 12:55:00,12,Sugar,1,293.94,Grains & Staples,214,4,12,29
1401,152,2024-08-26,1900-01-01 21:09:00,21,Saree,3,141.18,Clothing,408,8,21,26
1401,152,2024-08-26,1900-01-01 21:09:00,21,Marker,2,117.52,Stationery,828,8,21,26
1401,152,2024-08-26,1900-01-01 21:09:00,21,Rice,1,115.89,Grains & Staples,222,8,21,26
1402,25,2024-07-26,1900-01-01 22:10:00,22,Energy Drink,2,43.57,Beverages,809,7,22,26
1402,25,2024-07-26,1900-01-01 22:10:00,22,Chocolate,3,278.06,Snacks,997,7,22,26
1402,25,2024-07-26,1900-01-01 22:10:00,22,Potato,1,247.22,Fruits & Vegetables,170,7,22,26
1402,25,2024-07-26,1900-01-01 22:10:00,22,Biscuits,2,88.89,Snacks,644,7,22,26
1402,25,2024-07-26,1900-01-01 22:10:00,22,Shampoo,2,119.44,Personal Care,314,7,22,26
1403,340,2024-08-13,1900-01-01 22:54:00,22,Orange,3,427.71,Fruits & Vegetables,610,8,22,13
1403,340,2024-08-13,1900-01-01 22:54:00,22,Jeans,2,365.05,Clothing,554,8,22,13
1403,340,2024-08-13,1900-01-01 22:54:00,22,Electric Kettle,2,293.62,Electronics,914,8,22,13
1403,340,2024-08-13,1900-01-01 22:54:00,22,Pen,2,401.96,Stationery,104,8,22,13
1403,340,2024-08-13,1900-01-01 22:54:00,22,Milk,1,437.99,Dairy & Eggs,855,8,22,13
1403,340,2024-08-13,1900-01-01 22:54:00,22,Butter,1,408.03,Dairy & Eggs,417,8,22,13
1404,383,2024-11-14,1900-01-01 19:49:00,19,Chips,2,102.7,Snacks,974,11,19,14
1404,383,2024-11-14,1900-01-01 19:49:00,19,Apple,3,256.18,Fruits & Vegetables,475,11,19,14
1404,383,2024-11-14,1900-01-01 19:49:00,19,Cheese,1,370.61,Dairy & Eggs,992,11,19,14
1404,383,2024-11-14,1900-01-01 19:49:00,19,Rice,3,337.41,Grains & Staples,344,11,19,14
1404,383,2024-11-14,1900-01-01 19:49:00,19,Face Wash,2,97.74,Personal Care,650,11,19,14
1404,383,2024-11-14,1900-01-01 19:49:00,19,Tomato,3,346.88,Fruits & Vegetables,207,11,19,14
1405,31,2024-01-11,1900-01-01 12:20:00,12,Spices,2,379.81,Grains & Staples,818,1,12,11
1405,31,2024-01-11,1900-01-01 12:20:00,12,Toilet Paper,2,182.44,Household,291,1,12,11
1405,31,2024-01-11,1900-01-01 12:20:00,12,Floor Cleaner,1,418.06,Household,587,1,12,11
1405,31,2024-01-11,1900-01-01 12:20:00,12,Butter,1,402.4,Dairy & Eggs,389,1,12,11
1405,31,2024-01-11,1900-01-01 12:20:00,12,Shampoo,3,94.08,Personal Care,632,1,12,11
1405,31,2024-01-11,1900-01-01 12:20:00,12,Shoes,3,410.99,Footwear,592,1,12,11
1406,313,2024-04-25,1900-01-01 14:55:00,14,Rice,3,303.75,Grains & Staples,164,4,14,25
1406,313,2024-04-25,1900-01-01 14:55:00,14,Spinach,2,161.14,Fruits & Vegetables,971,4,14,25
1406,313,2024-04-25,1900-01-01 14:55:00,14,Educational Book,2,485.84,Books,732,4,14,25
1406,313,2024-04-25,1900-01-01 14:55:00,14,Apple,2,69.0,Fruits & Vegetables,646,4,14,25
1407,132,2024-09-13,1900-01-01 07:57:00,7,Wheat Flour,3,108.67,Grains & Staples,611,9,7,13
1407,132,2024-09-13,1900-01-01 07:57:00,7,Face Wash,2,222.51,Personal Care,897,9,7,13
1407,132,2024-09-13,1900-01-01 07:57:00,7,Tissue,1,131.31,Household,497,9,7,13
1407,132,2024-09-13,1900-01-01 07:57:00,7,Apple,1,18.4,Fruits & Vegetables,576,9,7,13
1407,132,2024-09-13,1900-01-01 07:57:00,7,Tomato,2,232.25,Fruits & Vegetables,466,9,7,13
1407,132,2024-09-13,1900-01-01 07:57:00,7,Saree,2,309.88,Clothing,324,9,7,13
1407,132,2024-09-13,1900-01-01 07:57:00,7,Potato,3,460.45,Fruits & Vegetables,325,9,7,13
1408,354,2024-08-28,1900-01-01 18:12:00,18,Pastry,1,475.41,Bakery,259,8,18,28
1408,354,2024-08-28,1900-01-01 18:12:00,18,Phone Cover,2,448.34,Electronics,502,8,18,28
1408,354,2024-08-28,1900-01-01 18:12:00,18,Spinach,3,445.46,Fruits & Vegetables,636,8,18,28
1408,354,2024-08-28,1900-01-01 18:12:00,18,Cooking Oil,1,14.99,Grains & Staples,191,8,18,28
1408,354,2024-08-28,1900-01-01 18:12:00,18,Orange,1,443.4,Fruits & Vegetables,667,8,18,28
1408,354,2024-08-28,1900-01-01 18:12:00,18,Beef,3,167.2,Meat & Seafood,552,8,18,28
1409,457,2024-12-23,1900-01-01 22:49:00,22,Pasta,2,169.4,Grains & Staples,114,12,22,23
1409,457,2024-12-23,1900-01-01 22:49:00,22,Dress,2,321.94,Clothing,208,12,22,23
1409,457,2024-12-23,1900-01-01 22:49:00,22,Onion,2,242.62,Fruits & Vegetables,616,12,22,23
1409,457,2024-12-23,1900-01-01 22:49:00,22,Pen,1,152.57,Stationery,254,12,22,23
1409,457,2024-12-23,1900-01-01 22:49:00,22,Detergent,2,409.61,Household,270,12,22,23
1410,335,2024-05-08,1900-01-01 18:52:00,18,Marker,1,161.04,Stationery,418,5,18,8
1410,335,2024-05-08,1900-01-01 18:52:00,18,Cookies,1,292.84,Bakery,442,5,18,8
1410,335,2024-05-08,1900-01-01 18:52:00,18,Vitamins,2,33.09,Health & Wellness,704,5,18,8
1411,107,2024-07-27,1900-01-01 08:21:00,8,Pasta,1,22.9,Grains & Staples,249,7,8,27
1411,107,2024-07-27,1900-01-01 08:21:00,8,Apple,3,149.19,Fruits & Vegetables,154,7,8,27
1411,107,2024-07-27,1900-01-01 08:21:00,8,Saree,3,103.92,Clothing,262,7,8,27
1411,107,2024-07-27,1900-01-01 08:21:00,8,Spices,3,252.68,Grains & Staples,384,7,8,27
1411,107,2024-07-27,1900-01-01 08:21:00,8,Shirt,1,404.18,Clothing,233,7,8,27
1411,107,2024-07-27,1900-01-01 08:21:00,8,Marker,3,365.58,Stationery,483,7,8,27
1412,302,2024-01-20,1900-01-01 20:51:00,20,Earphones,1,324.0,Electronics,164,1,20,20
1412,302,2024-01-20,1900-01-01 20:51:00,20,Fish,1,271.2,Meat & Seafood,532,1,20,20
1412,302,2024-01-20,1900-01-01 20:51:00,20,Prawns,2,249.85,Meat & Seafood,760,1,20,20
1412,302,2024-01-20,1900-01-01 20:51:00,20,Milk,2,345.7,Dairy & Eggs,250,1,20,20
1412,302,2024-01-20,1900-01-01 20:51:00,20,Pasta,3,58.41,Grains & Staples,136,1,20,20
1412,302,2024-01-20,1900-01-01 20:51:00,20,Fiction Book,3,150.38,Books,608,1,20,20
1412,302,2024-01-20,1900-01-01 20:51:00,20,Cookies,2,366.18,Bakery,909,1,20,20
1413,188,2024-04-13,1900-01-01 11:10:00,11,Potato,2,73.02,Fruits & Vegetables,998,4,11,13
1413,188,2024-04-13,1900-01-01 11:10:00,11,Bread,2,119.63,Bakery,396,4,11,13
1413,188,2024-04-13,1900-01-01 11:10:00,11,Rice,1,178.2,Grains & Staples,869,4,11,13
1414,383,2024-04-28,1900-01-01 11:31:00,11,Phone Cover,3,291.95,Electronics,869,4,11,28
1414,383,2024-04-28,1900-01-01 11:31:00,11,Detergent,1,353.8,Household,968,4,11,28
1414,383,2024-04-28,1900-01-01 11:31:00,11,Pastry,3,369.05,Bakery,457,4,11,28
1414,383,2024-04-28,1900-01-01 11:31:00,11,Beef,3,491.15,Meat & Seafood,823,4,11,28
1414,383,2024-04-28,1900-01-01 11:31:00,11,Chips,2,30.93,Snacks,960,4,11,28
1415,425,2024-05-02,1900-01-01 06:53:00,6,Charger,2,469.99,Electronics,675,5,6,2
1415,425,2024-05-02,1900-01-01 06:53:00,6,Fish,1,408.27,Meat & Seafood,114,5,6,2
1415,425,2024-05-02,1900-01-01 06:53:00,6,Toilet Paper,3,31.12,Household,528,5,6,2
1415,425,2024-05-02,1900-01-01 06:53:00,6,Charger,2,40.76,Electronics,778,5,6,2
1415,425,2024-05-02,1900-01-01 06:53:00,6,Eggs,2,340.23,Dairy & Eggs,349,5,6,2
1415,425,2024-05-02,1900-01-01 06:53:00,6,Apple,1,69.59,Fruits & Vegetables,791,5,6,2
1416,113,2024-07-19,1900-01-01 21:37:00,21,Salt,2,413.32,Grains & Staples,129,7,21,19
1416,113,2024-07-19,1900-01-01 21:37:00,21,Butter,3,406.42,Dairy & Eggs,118,7,21,19
1416,113,2024-07-19,1900-01-01 21:37:00,21,Prawns,2,255.92,Meat & Seafood,160,7,21,19
1416,113,2024-07-19,1900-01-01 21:37:00,21,Tissue,2,290.98,Household,177,7,21,19
1416,113,2024-07-19,1900-01-01 21:37:00,21,Toilet Paper,2,185.41,Household,833,7,21,19
1417,381,2024-01-24,1900-01-01 14:01:00,14,Bread,3,90.3,Bakery,150,1,14,24
1417,381,2024-01-24,1900-01-01 14:01:00,14,Shirt,3,301.09,Clothing,378,1,14,24
1417,381,2024-01-24,1900-01-01 14:01:00,14,Notebook,3,382.53,Stationery,735,1,14,24
1417,381,2024-01-24,1900-01-01 14:01:00,14,Cooking Oil,1,91.79,Grains & Staples,403,1,14,24
1418,432,2024-10-06,1900-01-01 14:18:00,14,Carrot,1,439.82,Fruits & Vegetables,929,10,14,6
1418,432,2024-10-06,1900-01-01 14:18:00,14,Butter,3,15.9,Dairy & Eggs,343,10,14,6
1418,432,2024-10-06,1900-01-01 14:18:00,14,Pasta,3,327.34,Grains & Staples,378,10,14,6
1418,432,2024-10-06,1900-01-01 14:18:00,14,Toilet Paper,2,390.28,Household,893,10,14,6
1418,432,2024-10-06,1900-01-01 14:18:00,14,Mixer Grinder,2,120.28,Electronics,120,10,14,6
1418,432,2024-10-06,1900-01-01 14:18:00,14,Cake,1,15.88,Bakery,128,10,14,6
1419,332,2024-07-04,1900-01-01 22:28:00,22,Chips,2,378.47,Snacks,536,7,22,4
1419,332,2024-07-04,1900-01-01 22:28:00,22,Floor Cleaner,2,446.53,Household,169,7,22,4
1419,332,2024-07-04,1900-01-01 22:28:00,22,Carrot,2,197.67,Fruits & Vegetables,315,7,22,4
1419,332,2024-07-04,1900-01-01 22:28:00,22,Earphones,1,322.43,Electronics,537,7,22,4
1419,332,2024-07-04,1900-01-01 22:28:00,22,Pasta,1,476.83,Grains & Staples,854,7,22,4
1419,332,2024-07-04,1900-01-01 22:28:00,22,Belt,1,91.97,Clothing Accessories,697,7,22,4
1419,332,2024-07-04,1900-01-01 22:28:00,22,Coffee,3,69.15,Beverages,520,7,22,4
1420,424,2024-07-25,1900-01-01 13:11:00,13,Croissant,2,45.2,Bakery,541,7,13,25
1420,424,2024-07-25,1900-01-01 13:11:00,13,Banana,3,475.68,Fruits & Vegetables,714,7,13,25
1420,424,2024-07-25,1900-01-01 13:11:00,13,Bread,1,101.87,Bakery,565,7,13,25
1420,424,2024-07-25,1900-01-01 13:11:00,13,Shampoo,1,494.17,Personal Care,692,7,13,25
1421,287,2024-03-06,1900-01-01 08:04:00,8,Energy Drink,2,325.6,Beverages,488,3,8,6
1421,287,2024-03-06,1900-01-01 08:04:00,8,Energy Drink,3,61.8,Beverages,373,3,8,6
1421,287,2024-03-06,1900-01-01 08:04:00,8,Soap,2,381.0,Personal Care,210,3,8,6
1422,390,2024-02-08,1900-01-01 20:02:00,20,Shampoo,2,164.12,Personal Care,613,2,20,8
1422,390,2024-02-08,1900-01-01 20:02:00,20,Salt,2,224.44,Grains & Staples,371,2,20,8
1422,390,2024-02-08,1900-01-01 20:02:00,20,Notebook,1,342.14,Stationery,529,2,20,8
1423,48,2024-05-16,1900-01-01 12:39:00,12,Soap,3,457.05,Personal Care,391,5,12,16
1423,48,2024-05-16,1900-01-01 12:39:00,12,Beef,2,144.58,Meat & Seafood,308,5,12,16
1423,48,2024-05-16,1900-01-01 12:39:00,12,Orange,2,50.55,Fruits & Vegetables,108,5,12,16
1423,48,2024-05-16,1900-01-01 12:39:00,12,Biscuits,1,130.97,Snacks,566,5,12,16
1423,48,2024-05-16,1900-01-01 12:39:00,12,Fish,3,342.93,Meat & Seafood,943,5,12,16
1423,48,2024-05-16,1900-01-01 12:39:00,12,Soda,3,272.15,Beverages,283,5,12,16
1423,48,2024-05-16,1900-01-01 12:39:00,12,Face Wash,2,16.0,Personal Care,765,5,12,16
1424,89,2024-02-15,1900-01-01 17:58:00,17,Apple,2,362.12,Fruits & Vegetables,605,2,17,15
1424,89,2024-02-15,1900-01-01 17:58:00,17,Marker,2,94.69,Stationery,754,2,17,15
1424,89,2024-02-15,1900-01-01 17:58:00,17,Yogurt,1,64.05,Dairy & Eggs,692,2,17,15
1425,486,2024-08-26,1900-01-01 19:55:00,19,Pen,2,252.44,Stationery,456,8,19,26
1425,486,2024-08-26,1900-01-01 19:55:00,19,Soap,1,312.97,Personal Care,167,8,19,26
1425,486,2024-08-26,1900-01-01 19:55:00,19,Biscuits,1,299.18,Snacks,363,8,19,26
1426,142,2024-10-25,1900-01-01 15:40:00,15,Popcorn,2,193.15,Snacks,410,10,15,25
1426,142,2024-10-25,1900-01-01 15:40:00,15,Cookies,1,266.32,Bakery,848,10,15,25
1426,142,2024-10-25,1900-01-01 15:40:00,15,Pasta,3,121.36,Grains & Staples,199,10,15,25
1426,142,2024-10-25,1900-01-01 15:40:00,15,Juice,1,469.7,Beverages,849,10,15,25
1426,142,2024-10-25,1900-01-01 15:40:00,15,Orange,1,424.95,Fruits & Vegetables,519,10,15,25
1427,306,2024-03-29,1900-01-01 07:32:00,7,Tissue,3,87.54,Household,532,3,7,29
1427,306,2024-03-29,1900-01-01 07:32:00,7,Dress,2,183.58,Clothing,327,3,7,29
1427,306,2024-03-29,1900-01-01 07:32:00,7,Coffee,1,62.76,Beverages,301,3,7,29
1427,306,2024-03-29,1900-01-01 07:32:00,7,Lentils,1,435.52,Grains & Staples,325,3,7,29
1427,306,2024-03-29,1900-01-01 07:32:00,7,Chips,1,408.33,Snacks,854,3,7,29
1428,89,2024-08-21,1900-01-01 06:13:00,6,Sugar,2,264.93,Grains & Staples,935,8,6,21
1428,89,2024-08-21,1900-01-01 06:13:00,6,Energy Drink,3,60.31,Beverages,499,8,6,21
1428,89,2024-08-21,1900-01-01 06:13:00,6,Prawns,1,409.97,Meat & Seafood,128,8,6,21
1429,266,2024-08-14,1900-01-01 14:01:00,14,Dress,2,31.81,Clothing,205,8,14,14
1429,266,2024-08-14,1900-01-01 14:01:00,14,Spices,2,395.01,Grains & Staples,635,8,14,14
1429,266,2024-08-14,1900-01-01 14:01:00,14,Toothpaste,2,375.21,Personal Care,363,8,14,14
1429,266,2024-08-14,1900-01-01 14:01:00,14,Fiction Book,2,471.97,Books,646,8,14,14
1430,484,2024-07-04,1900-01-01 21:59:00,21,Beef,2,147.77,Meat & Seafood,565,7,21,4
1430,484,2024-07-04,1900-01-01 21:59:00,21,Electric Kettle,3,149.46,Electronics,812,7,21,4
1430,484,2024-07-04,1900-01-01 21:59:00,21,Wheat Flour,3,218.9,Grains & Staples,530,7,21,4
1430,484,2024-07-04,1900-01-01 21:59:00,21,Banana,2,431.17,Fruits & Vegetables,958,7,21,4
1430,484,2024-07-04,1900-01-01 21:59:00,21,Shoes,2,325.37,Footwear,690,7,21,4
1431,281,2024-06-22,1900-01-01 11:49:00,11,Bread,1,347.82,Bakery,756,6,11,22
1431,281,2024-06-22,1900-01-01 11:49:00,11,Pasta,3,355.3,Grains & Staples,706,6,11,22
1431,281,2024-06-22,1900-01-01 11:49:00,11,Fiction Book,2,450.04,Books,120,6,11,22
1431,281,2024-06-22,1900-01-01 11:49:00,11,Dress,3,372.88,Clothing,207,6,11,22
1431,281,2024-06-22,1900-01-01 11:49:00,11,Cookies,1,265.77,Bakery,445,6,11,22
1431,281,2024-06-22,1900-01-01 11:49:00,11,Banana,2,125.38,Fruits & Vegetables,753,6,11,22
1432,456,2024-06-14,1900-01-01 10:14:00,10,Cake,1,335.12,Bakery,481,6,10,14
1432,456,2024-06-14,1900-01-01 10:14:00,10,Orange,3,358.78,Fruits & Vegetables,157,6,10,14
1432,456,2024-06-14,1900-01-01 10:14:00,10,Milk,3,148.42,Dairy & Eggs,637,6,10,14
1432,456,2024-06-14,1900-01-01 10:14:00,10,Popcorn,2,301.03,Snacks,198,6,10,14
1433,364,2024-06-06,1900-01-01 10:15:00,10,Energy Drink,2,424.47,Beverages,951,6,10,6
1433,364,2024-06-06,1900-01-01 10:15:00,10,Croissant,1,454.68,Bakery,939,6,10,6
1433,364,2024-06-06,1900-01-01 10:15:00,10,Diapers,3,430.87,Baby Care,250,6,10,6
1433,364,2024-06-06,1900-01-01 10:15:00,10,Shoes,2,247.89,Footwear,577,6,10,6
1433,364,2024-06-06,1900-01-01 10:15:00,10,Fiction Book,1,182.44,Books,462,6,10,6
1433,364,2024-06-06,1900-01-01 10:15:00,10,Cheese,1,392.03,Dairy & Eggs,216,6,10,6
1434,59,2024-01-16,1900-01-01 08:43:00,8,Detergent,1,380.02,Household,851,1,8,16
1434,59,2024-01-16,1900-01-01 08:43:00,8,Notebook,3,148.37,Stationery,856,1,8,16
1434,59,2024-01-16,1900-01-01 08:43:00,8,Milk,1,45.23,Dairy & Eggs,905,1,8,16
1434,59,2024-01-16,1900-01-01 08:43:00,8,Lentils,2,117.68,Grains & Staples,274,1,8,16
1434,59,2024-01-16,1900-01-01 08:43:00,8,Salt,1,225.31,Grains & Staples,571,1,8,16
1434,59,2024-01-16,1900-01-01 08:43:00,8,Orange,1,64.6,Fruits & Vegetables,628,1,8,16
1434,59,2024-01-16,1900-01-01 08:43:00,8,Tea,3,114.65,Beverages,104,1,8,16
1435,304,2024-03-12,1900-01-01 18:49:00,18,Spices,3,245.36,Grains & Staples,737,3,18,12
1435,304,2024-03-12,1900-01-01 18:49:00,18,Juice,3,483.54,Beverages,274,3,18,12
1435,304,2024-03-12,1900-01-01 18:49:00,18,Coffee,1,324.27,Beverages,736,3,18,12
1435,304,2024-03-12,1900-01-01 18:49:00,18,Orange,1,304.42,Fruits & Vegetables,108,3,18,12
1435,304,2024-03-12,1900-01-01 18:49:00,18,Floor Cleaner,1,51.71,Household,350,3,18,12
1435,304,2024-03-12,1900-01-01 18:49:00,18,Pastry,3,164.93,Bakery,933,3,18,12
1435,304,2024-03-12,1900-01-01 18:49:00,18,Energy Drink,1,186.01,Beverages,387,3,18,12
1436,23,2024-07-15,1900-01-01 06:32:00,6,Pasta,2,240.7,Grains & Staples,939,7,6,15
1436,23,2024-07-15,1900-01-01 06:32:00,6,Pastry,2,301.39,Bakery,461,7,6,15
1436,23,2024-07-15,1900-01-01 06:32:00,6,Cooking Oil,2,38.72,Grains & Staples,866,7,6,15
1436,23,2024-07-15,1900-01-01 06:32:00,6,Tomato,2,14.63,Fruits & Vegetables,452,7,6,15
1436,23,2024-07-15,1900-01-01 06:32:00,6,Saree,3,147.67,Clothing,142,7,6,15
1437,473,2024-07-04,1900-01-01 18:27:00,18,Chips,3,129.32,Snacks,574,7,18,4
1437,473,2024-07-04,1900-01-01 18:27:00,18,Spices,3,42.94,Grains & Staples,109,7,18,4
1437,473,2024-07-04,1900-01-01 18:27:00,18,Coffee,1,401.27,Beverages,762,7,18,4
1437,473,2024-07-04,1900-01-01 18:27:00,18,Banana,1,25.43,Fruits & Vegetables,525,7,18,4
1437,473,2024-07-04,1900-01-01 18:27:00,18,Saree,3,430.06,Clothing,377,7,18,4
1437,473,2024-07-04,1900-01-01 18:27:00,18,Pastry,1,478.27,Bakery,307,7,18,4
1438,475,2024-01-01,1900-01-01 10:11:00,10,Spinach,1,495.19,Fruits & Vegetables,104,1,10,1
1438,475,2024-01-01,1900-01-01 10:11:00,10,Dress,1,182.9,Clothing,366,1,10,1
1438,475,2024-01-01,1900-01-01 10:11:00,10,Carrot,1,103.86,Fruits & Vegetables,216,1,10,1
1438,475,2024-01-01,1900-01-01 10:11:00,10,Energy Drink,1,285.76,Beverages,493,1,10,1
1438,475,2024-01-01,1900-01-01 10:11:00,10,Jeans,1,361.94,Clothing,361,1,10,1
1438,475,2024-01-01,1900-01-01 10:11:00,10,Shirt,1,39.59,Clothing,819,1,10,1
1438,475,2024-01-01,1900-01-01 10:11:00,10,Diapers,3,95.12,Baby Care,210,1,10,1
1439,499,2024-06-14,1900-01-01 15:59:00,15,Energy Drink,1,220.94,Beverages,509,6,15,14
1439,499,2024-06-14,1900-01-01 15:59:00,15,Pen,3,212.72,Stationery,156,6,15,14
1439,499,2024-06-14,1900-01-01 15:59:00,15,Saree,2,47.0,Clothing,661,6,15,14
1439,499,2024-06-14,1900-01-01 15:59:00,15,Tomato,3,365.92,Fruits & Vegetables,657,6,15,14
1439,499,2024-06-14,1900-01-01 15:59:00,15,Spinach,2,413.55,Fruits & Vegetables,923,6,15,14
1440,174,2024-04-20,1900-01-01 13:59:00,13,Milk,1,444.78,Dairy & Eggs,337,4,13,20
1440,174,2024-04-20,1900-01-01 13:59:00,13,Energy Drink,2,100.32,Beverages,735,4,13,20
1440,174,2024-04-20,1900-01-01 13:59:00,13,Butter,1,386.44,Dairy & Eggs,603,4,13,20
1440,174,2024-04-20,1900-01-01 13:59:00,13,Toilet Paper,3,444.58,Household,128,4,13,20
1441,204,2024-04-23,1900-01-01 10:04:00,10,Bread,2,101.4,Bakery,922,4,10,23
1441,204,2024-04-23,1900-01-01 10:04:00,10,Dishwashing Liquid,2,176.95,Household,733,4,10,23
1441,204,2024-04-23,1900-01-01 10:04:00,10,Face Wash,1,131.18,Personal Care,251,4,10,23
1442,453,2024-07-28,1900-01-01 14:54:00,14,Popcorn,3,189.21,Snacks,213,7,14,28
1442,453,2024-07-28,1900-01-01 14:54:00,14,Tomato,2,11.72,Fruits & Vegetables,849,7,14,28
1442,453,2024-07-28,1900-01-01 14:54:00,14,Wheat Flour,2,365.79,Grains & Staples,634,7,14,28
1443,159,2024-02-06,1900-01-01 21:02:00,21,Earphones,2,372.85,Electronics,326,2,21,6
1443,159,2024-02-06,1900-01-01 21:02:00,21,Charger,1,426.07,Electronics,510,2,21,6
1443,159,2024-02-06,1900-01-01 21:02:00,21,Shoes,2,234.27,Footwear,273,2,21,6
1443,159,2024-02-06,1900-01-01 21:02:00,21,Popcorn,3,110.75,Snacks,458,2,21,6
1443,159,2024-02-06,1900-01-01 21:02:00,21,Potato,3,131.21,Fruits & Vegetables,159,2,21,6
1443,159,2024-02-06,1900-01-01 21:02:00,21,Saree,1,473.6,Clothing,950,2,21,6
1444,435,2024-02-18,1900-01-01 16:32:00,16,Dress,3,355.88,Clothing,102,2,16,18
1444,435,2024-02-18,1900-01-01 16:32:00,16,Pasta,1,218.04,Grains & Staples,417,2,16,18
1444,435,2024-02-18,1900-01-01 16:32:00,16,Shirt,1,230.37,Clothing,476,2,16,18
1444,435,2024-02-18,1900-01-01 16:32:00,16,Bread,3,189.17,Bakery,476,2,16,18
1444,435,2024-02-18,1900-01-01 16:32:00,16,Pastry,3,81.78,Bakery,513,2,16,18
1445,55,2024-08-22,1900-01-01 09:46:00,9,Dishwashing Liquid,1,443.32,Household,728,8,9,22
1445,55,2024-08-22,1900-01-01 09:46:00,9,Vitamins,2,22.63,Health & Wellness,377,8,9,22
1445,55,2024-08-22,1900-01-01 09:46:00,9,Croissant,2,275.39,Bakery,685,8,9,22
1445,55,2024-08-22,1900-01-01 09:46:00,9,Earphones,3,325.47,Electronics,631,8,9,22
1445,55,2024-08-22,1900-01-01 09:46:00,9,Rice,2,438.82,Grains & Staples,553,8,9,22
1446,314,2024-02-19,1900-01-01 09:30:00,9,Energy Drink,2,235.83,Beverages,621,2,9,19
1446,314,2024-02-19,1900-01-01 09:30:00,9,Saree,3,391.71,Clothing,381,2,9,19
1446,314,2024-02-19,1900-01-01 09:30:00,9,Soda,2,144.69,Beverages,867,2,9,19
1446,314,2024-02-19,1900-01-01 09:30:00,9,Tomato,2,407.78,Fruits & Vegetables,235,2,9,19
1446,314,2024-02-19,1900-01-01 09:30:00,9,Shoes,2,235.12,Footwear,103,2,9,19
1446,314,2024-02-19,1900-01-01 09:30:00,9,Cooking Oil,1,113.25,Grains & Staples,146,2,9,19
1446,314,2024-02-19,1900-01-01 09:30:00,9,Energy Drink,1,398.15,Beverages,867,2,9,19
1447,218,2024-01-21,1900-01-01 08:37:00,8,Face Wash,1,66.93,Personal Care,341,1,8,21
1447,218,2024-01-21,1900-01-01 08:37:00,8,Chocolate,1,156.01,Snacks,687,1,8,21
1447,218,2024-01-21,1900-01-01 08:37:00,8,Educational Book,1,157.27,Books,571,1,8,21
1447,218,2024-01-21,1900-01-01 08:37:00,8,Spinach,2,114.16,Fruits & Vegetables,390,1,8,21
1447,218,2024-01-21,1900-01-01 08:37:00,8,Bread,1,483.55,Bakery,218,1,8,21
1448,365,2024-09-23,1900-01-01 22:10:00,22,Diapers,3,383.43,Baby Care,427,9,22,23
1448,365,2024-09-23,1900-01-01 22:10:00,22,Marker,2,224.81,Stationery,830,9,22,23
1448,365,2024-09-23,1900-01-01 22:10:00,22,Soda,1,219.62,Beverages,583,9,22,23
1448,365,2024-09-23,1900-01-01 22:10:00,22,Carrot,3,210.34,Fruits & Vegetables,439,9,22,23
1448,365,2024-09-23,1900-01-01 22:10:00,22,Dress,2,325.67,Clothing,736,9,22,23
1449,203,2024-09-10,1900-01-01 08:10:00,8,Coffee,2,344.26,Beverages,557,9,8,10
1449,203,2024-09-10,1900-01-01 08:10:00,8,Wheat Flour,1,484.92,Grains & Staples,874,9,8,10
1449,203,2024-09-10,1900-01-01 08:10:00,8,Fiction Book,2,208.97,Books,112,9,8,10
1449,203,2024-09-10,1900-01-01 08:10:00,8,Dishwashing Liquid,1,185.67,Household,872,9,8,10
1450,291,2024-03-23,1900-01-01 19:20:00,19,Pasta,2,340.8,Grains & Staples,627,3,19,23
1450,291,2024-03-23,1900-01-01 19:20:00,19,Carrot,3,279.3,Fruits & Vegetables,625,3,19,23
1450,291,2024-03-23,1900-01-01 19:20:00,19,Fiction Book,2,396.66,Books,431,3,19,23
1451,288,2024-10-28,1900-01-01 15:00:00,15,Notebook,1,375.85,Stationery,656,10,15,28
1451,288,2024-10-28,1900-01-01 15:00:00,15,Mixer Grinder,1,471.18,Electronics,856,10,15,28
1451,288,2024-10-28,1900-01-01 15:00:00,15,Croissant,2,61.52,Bakery,270,10,15,28
1452,179,2024-08-01,1900-01-01 16:27:00,16,Rice,1,230.35,Grains & Staples,716,8,16,1
1452,179,2024-08-01,1900-01-01 16:27:00,16,Earphones,1,171.02,Electronics,373,8,16,1
1452,179,2024-08-01,1900-01-01 16:27:00,16,Banana,2,491.01,Fruits & Vegetables,558,8,16,1
1453,237,2024-03-01,1900-01-01 09:20:00,9,Pain Reliever,2,45.56,Health & Wellness,561,3,9,1
1453,237,2024-03-01,1900-01-01 09:20:00,9,Saree,1,92.86,Clothing,824,3,9,1
1453,237,2024-03-01,1900-01-01 09:20:00,9,Mixer Grinder,1,495.7,Electronics,701,3,9,1
1453,237,2024-03-01,1900-01-01 09:20:00,9,Soap,1,311.85,Personal Care,865,3,9,1
1454,30,2024-11-15,1900-01-01 18:19:00,18,Shoes,1,414.46,Footwear,482,11,18,15
1454,30,2024-11-15,1900-01-01 18:19:00,18,Marker,1,128.88,Stationery,454,11,18,15
1454,30,2024-11-15,1900-01-01 18:19:00,18,Earphones,2,225.68,Electronics,548,11,18,15
1454,30,2024-11-15,1900-01-01 18:19:00,18,Eggs,3,473.38,Dairy & Eggs,791,11,18,15
1454,30,2024-11-15,1900-01-01 18:19:00,18,Shoes,1,408.89,Footwear,187,11,18,15
1455,133,2024-11-03,1900-01-01 12:29:00,12,Detergent,1,181.16,Household,705,11,12,3
1455,133,2024-11-03,1900-01-01 12:29:00,12,Notebook,1,175.59,Stationery,161,11,12,3
1455,133,2024-11-03,1900-01-01 12:29:00,12,Milk,3,456.69,Dairy & Eggs,137,11,12,3
1456,69,2024-08-16,1900-01-01 07:14:00,7,Educational Book,2,66.98,Books,583,8,7,16
1456,69,2024-08-16,1900-01-01 07:14:00,7,Tomato,2,98.54,Fruits & Vegetables,187,8,7,16
1456,69,2024-08-16,1900-01-01 07:14:00,7,Rice,1,153.67,Grains & Staples,494,8,7,16
1456,69,2024-08-16,1900-01-01 07:14:00,7,Spices,3,162.74,Grains & Staples,325,8,7,16
1457,412,2024-05-07,1900-01-01 21:19:00,21,Charger,2,269.15,Electronics,634,5,21,7
1457,412,2024-05-07,1900-01-01 21:19:00,21,Saree,2,405.74,Clothing,116,5,21,7
1457,412,2024-05-07,1900-01-01 21:19:00,21,Face Wash,2,181.64,Personal Care,293,5,21,7
1458,240,2024-09-25,1900-01-01 22:54:00,22,Toilet Paper,3,446.2,Household,291,9,22,25
1458,240,2024-09-25,1900-01-01 22:54:00,22,Popcorn,3,417.29,Snacks,763,9,22,25
1458,240,2024-09-25,1900-01-01 22:54:00,22,Carrot,2,74.92,Fruits & Vegetables,250,9,22,25
1458,240,2024-09-25,1900-01-01 22:54:00,22,Orange,3,262.8,Fruits & Vegetables,824,9,22,25
1459,249,2024-12-15,1900-01-01 18:58:00,18,Tissue,3,190.58,Household,866,12,18,15
1459,249,2024-12-15,1900-01-01 18:58:00,18,Toothpaste,2,346.19,Personal Care,929,12,18,15
1459,249,2024-12-15,1900-01-01 18:58:00,18,Butter,2,275.0,Dairy & Eggs,418,12,18,15
1459,249,2024-12-15,1900-01-01 18:58:00,18,Floor Cleaner,3,466.06,Household,979,12,18,15
1459,249,2024-12-15,1900-01-01 18:58:00,18,Pasta,2,362.22,Grains & Staples,961,12,18,15
1459,249,2024-12-15,1900-01-01 18:58:00,18,Potato,1,189.41,Fruits & Vegetables,480,12,18,15
1460,467,2024-09-07,1900-01-01 22:37:00,22,Spices,1,390.69,Grains & Staples,133,9,22,7
1460,467,2024-09-07,1900-01-01 22:37:00,22,Cooking Oil,1,113.2,Grains & Staples,312,9,22,7
1460,467,2024-09-07,1900-01-01 22:37:00,22,Bread,2,60.15,Bakery,828,9,22,7
1460,467,2024-09-07,1900-01-01 22:37:00,22,Yogurt,2,303.74,Dairy & Eggs,185,9,22,7
1460,467,2024-09-07,1900-01-01 22:37:00,22,Cookies,2,169.54,Bakery,948,9,22,7
1461,29,2024-11-14,1900-01-01 08:29:00,8,Diapers,2,213.77,Baby Care,273,11,8,14
1461,29,2024-11-14,1900-01-01 08:29:00,8,Potato,2,371.14,Fruits & Vegetables,840,11,8,14
1461,29,2024-11-14,1900-01-01 08:29:00,8,Saree,2,408.78,Clothing,285,11,8,14
1461,29,2024-11-14,1900-01-01 08:29:00,8,Saree,1,84.81,Clothing,979,11,8,14
1461,29,2024-11-14,1900-01-01 08:29:00,8,Toothpaste,3,486.39,Personal Care,590,11,8,14
1461,29,2024-11-14,1900-01-01 08:29:00,8,Biscuits,2,408.14,Snacks,838,11,8,14
1462,424,2024-07-22,1900-01-01 17:15:00,17,Coffee,2,340.68,Beverages,697,7,17,22
1462,424,2024-07-22,1900-01-01 17:15:00,17,Toothpaste,2,404.29,Personal Care,704,7,17,22
1462,424,2024-07-22,1900-01-01 17:15:00,17,Earphones,2,409.95,Electronics,300,7,17,22
1462,424,2024-07-22,1900-01-01 17:15:00,17,Butter,3,209.75,Dairy & Eggs,108,7,17,22
1462,424,2024-07-22,1900-01-01 17:15:00,17,Potato,2,162.99,Fruits & Vegetables,481,7,17,22
1463,426,2024-10-09,1900-01-01 19:03:00,19,Vitamins,2,371.81,Health & Wellness,736,10,19,9
1463,426,2024-10-09,1900-01-01 19:03:00,19,Dress,2,294.81,Clothing,548,10,19,9
1463,426,2024-10-09,1900-01-01 19:03:00,19,Butter,1,365.82,Dairy & Eggs,455,10,19,9
1463,426,2024-10-09,1900-01-01 19:03:00,19,Jeans,2,354.08,Clothing,822,10,19,9
1463,426,2024-10-09,1900-01-01 19:03:00,19,Energy Drink,1,306.1,Beverages,400,10,19,9
1464,369,2024-04-12,1900-01-01 18:04:00,18,Chocolate,2,140.46,Snacks,159,4,18,12
1464,369,2024-04-12,1900-01-01 18:04:00,18,Biscuits,3,105.11,Snacks,792,4,18,12
1464,369,2024-04-12,1900-01-01 18:04:00,18,Eggs,2,258.33,Dairy & Eggs,598,4,18,12
1465,83,2024-05-04,1900-01-01 21:20:00,21,Spinach,1,317.39,Fruits & Vegetables,785,5,21,4
1465,83,2024-05-04,1900-01-01 21:20:00,21,Detergent,1,470.71,Household,642,5,21,4
1465,83,2024-05-04,1900-01-01 21:20:00,21,Rice,3,70.91,Grains & Staples,182,5,21,4
1465,83,2024-05-04,1900-01-01 21:20:00,21,Educational Book,1,135.54,Books,668,5,21,4
1466,424,2024-08-27,1900-01-01 12:56:00,12,Spices,2,311.88,Grains & Staples,500,8,12,27
1466,424,2024-08-27,1900-01-01 12:56:00,12,Prawns,1,101.19,Meat & Seafood,660,8,12,27
1466,424,2024-08-27,1900-01-01 12:56:00,12,Saree,2,48.2,Clothing,869,8,12,27
1466,424,2024-08-27,1900-01-01 12:56:00,12,Shoes,3,440.99,Footwear,276,8,12,27
1466,424,2024-08-27,1900-01-01 12:56:00,12,Coffee,1,472.28,Beverages,845,8,12,27
1466,424,2024-08-27,1900-01-01 12:56:00,12,Vitamins,2,480.75,Health & Wellness,656,8,12,27
1466,424,2024-08-27,1900-01-01 12:56:00,12,Orange,1,68.22,Fruits & Vegetables,970,8,12,27
1467,131,2024-01-16,1900-01-01 18:05:00,18,Carrot,2,152.49,Fruits & Vegetables,427,1,18,16
1467,131,2024-01-16,1900-01-01 18:05:00,18,Shampoo,3,114.5,Personal Care,761,1,18,16
1467,131,2024-01-16,1900-01-01 18:05:00,18,Fish,3,469.87,Meat & Seafood,474,1,18,16
1468,13,2024-01-06,1900-01-01 07:04:00,7,Bread,3,256.65,Bakery,104,1,7,6
1468,13,2024-01-06,1900-01-01 07:04:00,7,Beef,3,18.95,Meat & Seafood,328,1,7,6
1468,13,2024-01-06,1900-01-01 07:04:00,7,Coffee,3,52.7,Beverages,388,1,7,6
1468,13,2024-01-06,1900-01-01 07:04:00,7,Salt,1,35.49,Grains & Staples,383,1,7,6
1469,403,2024-01-30,1900-01-01 08:07:00,8,Soda,3,55.53,Beverages,624,1,8,30
1469,403,2024-01-30,1900-01-01 08:07:00,8,Vitamins,3,330.21,Health & Wellness,252,1,8,30
1469,403,2024-01-30,1900-01-01 08:07:00,8,Educational Book,1,156.33,Books,595,1,8,30
1469,403,2024-01-30,1900-01-01 08:07:00,8,Popcorn,1,294.16,Snacks,106,1,8,30
1469,403,2024-01-30,1900-01-01 08:07:00,8,Phone Cover,2,478.96,Electronics,980,1,8,30
1469,403,2024-01-30,1900-01-01 08:07:00,8,Phone Cover,1,384.25,Electronics,395,1,8,30
1470,62,2024-04-07,1900-01-01 08:43:00,8,Wheat Flour,1,461.68,Grains & Staples,876,4,8,7
1470,62,2024-04-07,1900-01-01 08:43:00,8,Toilet Paper,3,52.03,Household,989,4,8,7
1470,62,2024-04-07,1900-01-01 08:43:00,8,Educational Book,2,155.57,Books,187,4,8,7
1470,62,2024-04-07,1900-01-01 08:43:00,8,Jeans,3,478.49,Clothing,622,4,8,7
1470,62,2024-04-07,1900-01-01 08:43:00,8,Chocolate,3,455.98,Snacks,415,4,8,7
1470,62,2024-04-07,1900-01-01 08:43:00,8,Notebook,3,143.3,Stationery,417,4,8,7
1471,158,2024-02-26,1900-01-01 06:20:00,6,Shampoo,1,403.88,Personal Care,515,2,6,26
1471,158,2024-02-26,1900-01-01 06:20:00,6,Spices,2,337.05,Grains & Staples,114,2,6,26
1471,158,2024-02-26,1900-01-01 06:20:00,6,Apple,3,216.35,Fruits & Vegetables,754,2,6,26
1471,158,2024-02-26,1900-01-01 06:20:00,6,Banana,1,188.82,Fruits & Vegetables,489,2,6,26
1471,158,2024-02-26,1900-01-01 06:20:00,6,Tea,3,148.96,Beverages,416,2,6,26
1472,445,2024-02-26,1900-01-01 09:31:00,9,Pain Reliever,2,424.7,Health & Wellness,112,2,9,26
1472,445,2024-02-26,1900-01-01 09:31:00,9,Floor Cleaner,3,373.79,Household,482,2,9,26
1472,445,2024-02-26,1900-01-01 09:31:00,9,Biscuits,1,17.16,Snacks,618,2,9,26
1472,445,2024-02-26,1900-01-01 09:31:00,9,Apple,3,235.21,Fruits & Vegetables,557,2,9,26
1472,445,2024-02-26,1900-01-01 09:31:00,9,Energy Drink,2,123.69,Beverages,649,2,9,26
1473,192,2024-07-19,1900-01-01 10:01:00,10,Shampoo,3,48.13,Personal Care,986,7,10,19
1473,192,2024-07-19,1900-01-01 10:01:00,10,Charger,3,257.26,Electronics,178,7,10,19
1473,192,2024-07-19,1900-01-01 10:01:00,10,Croissant,3,149.03,Bakery,270,7,10,19
1473,192,2024-07-19,1900-01-01 10:01:00,10,Vitamins,2,73.99,Health & Wellness,551,7,10,19
1473,192,2024-07-19,1900-01-01 10:01:00,10,Chicken Breast,3,465.53,Meat & Seafood,790,7,10,19
1473,192,2024-07-19,1900-01-01 10:01:00,10,Sugar,2,348.74,Grains & Staples,908,7,10,19
1474,49,2024-08-06,1900-01-01 11:36:00,11,Floor Cleaner,2,109.12,Household,244,8,11,6
1474,49,2024-08-06,1900-01-01 11:36:00,11,Cake,1,143.17,Bakery,685,8,11,6
1474,49,2024-08-06,1900-01-01 11:36:00,11,Butter,1,405.66,Dairy & Eggs,870,8,11,6
1474,49,2024-08-06,1900-01-01 11:36:00,11,Cooking Oil,1,48.75,Grains & Staples,301,8,11,6
1474,49,2024-08-06,1900-01-01 11:36:00,11,Spices,3,299.2,Grains & Staples,888,8,11,6
1474,49,2024-08-06,1900-01-01 11:36:00,11,Belt,3,345.76,Clothing Accessories,848,8,11,6
1474,49,2024-08-06,1900-01-01 11:36:00,11,Carrot,3,138.22,Fruits & Vegetables,414,8,11,6
1475,197,2024-12-02,1900-01-01 07:43:00,7,Vitamins,1,147.31,Health & Wellness,192,12,7,2
1475,197,2024-12-02,1900-01-01 07:43:00,7,Diapers,1,24.71,Baby Care,133,12,7,2
1475,197,2024-12-02,1900-01-01 07:43:00,7,Jeans,3,397.42,Clothing,879,12,7,2
1475,197,2024-12-02,1900-01-01 07:43:00,7,Pasta,2,191.18,Grains & Staples,458,12,7,2
1475,197,2024-12-02,1900-01-01 07:43:00,7,Shoes,1,491.9,Footwear,619,12,7,2
1475,197,2024-12-02,1900-01-01 07:43:00,7,Fiction Book,2,472.62,Books,488,12,7,2
1476,300,2024-08-11,1900-01-01 06:27:00,6,Jeans,2,103.46,Clothing,850,8,6,11
1476,300,2024-08-11,1900-01-01 06:27:00,6,Baby Food,1,188.59,Baby Care,542,8,6,11
1476,300,2024-08-11,1900-01-01 06:27:00,6,Prawns,3,105.92,Meat & Seafood,510,8,6,11
1476,300,2024-08-11,1900-01-01 06:27:00,6,Floor Cleaner,2,79.45,Household,584,8,6,11
1476,300,2024-08-11,1900-01-01 06:27:00,6,Tomato,1,404.1,Fruits & Vegetables,593,8,6,11
1476,300,2024-08-11,1900-01-01 06:27:00,6,Cooking Oil,3,366.48,Grains & Staples,923,8,6,11
1477,284,2024-01-31,1900-01-01 21:18:00,21,Notebook,1,66.27,Stationery,423,1,21,31
1477,284,2024-01-31,1900-01-01 21:18:00,21,Cake,2,80.58,Bakery,764,1,21,31
1477,284,2024-01-31,1900-01-01 21:18:00,21,Dress,1,299.54,Clothing,976,1,21,31
1477,284,2024-01-31,1900-01-01 21:18:00,21,Cooking Oil,3,122.64,Grains & Staples,197,1,21,31
1477,284,2024-01-31,1900-01-01 21:18:00,21,Shampoo,1,163.33,Personal Care,100,1,21,31
1477,284,2024-01-31,1900-01-01 21:18:00,21,Orange,1,499.15,Fruits & Vegetables,594,1,21,31
1477,284,2024-01-31,1900-01-01 21:18:00,21,Belt,3,410.63,Clothing Accessories,442,1,21,31
1478,25,2024-12-10,1900-01-01 17:11:00,17,Detergent,3,295.24,Household,492,12,17,10
1478,25,2024-12-10,1900-01-01 17:11:00,17,Eggs,3,21.5,Dairy & Eggs,483,12,17,10
1478,25,2024-12-10,1900-01-01 17:11:00,17,Milk,2,23.95,Dairy & Eggs,449,12,17,10
1478,25,2024-12-10,1900-01-01 17:11:00,17,Rice,2,76.76,Grains & Staples,846,12,17,10
1478,25,2024-12-10,1900-01-01 17:11:00,17,Potato,1,346.71,Fruits & Vegetables,262,12,17,10
1479,288,2024-05-05,1900-01-01 11:58:00,11,Cookies,1,21.89,Bakery,567,5,11,5
1479,288,2024-05-05,1900-01-01 11:58:00,11,Banana,2,149.63,Fruits & Vegetables,517,5,11,5
1479,288,2024-05-05,1900-01-01 11:58:00,11,Detergent,2,249.63,Household,476,5,11,5
1479,288,2024-05-05,1900-01-01 11:58:00,11,Carrot,3,302.13,Fruits & Vegetables,723,5,11,5
1479,288,2024-05-05,1900-01-01 11:58:00,11,Vitamins,1,388.07,Health & Wellness,118,5,11,5
1480,360,2024-04-03,1900-01-01 12:18:00,12,Banana,3,144.58,Fruits & Vegetables,460,4,12,3
1480,360,2024-04-03,1900-01-01 12:18:00,12,Soda,1,38.12,Beverages,791,4,12,3
1480,360,2024-04-03,1900-01-01 12:18:00,12,Soda,3,312.51,Beverages,833,4,12,3
1481,20,2024-10-19,1900-01-01 12:31:00,12,Shampoo,1,66.63,Personal Care,277,10,12,19
1481,20,2024-10-19,1900-01-01 12:31:00,12,Cookies,3,151.35,Bakery,305,10,12,19
1481,20,2024-10-19,1900-01-01 12:31:00,12,Saree,3,165.22,Clothing,278,10,12,19
1481,20,2024-10-19,1900-01-01 12:31:00,12,Mixer Grinder,1,284.01,Electronics,651,10,12,19
1481,20,2024-10-19,1900-01-01 12:31:00,12,Chicken Breast,3,229.36,Meat & Seafood,171,10,12,19
1482,272,2024-05-21,1900-01-01 12:24:00,12,Cooking Oil,1,236.55,Grains & Staples,374,5,12,21
1482,272,2024-05-21,1900-01-01 12:24:00,12,Chicken Breast,1,95.15,Meat & Seafood,776,5,12,21
1482,272,2024-05-21,1900-01-01 12:24:00,12,Mixer Grinder,2,69.73,Electronics,643,5,12,21
1482,272,2024-05-21,1900-01-01 12:24:00,12,Dress,2,312.36,Clothing,134,5,12,21
1482,272,2024-05-21,1900-01-01 12:24:00,12,Chips,1,109.87,Snacks,442,5,12,21
1482,272,2024-05-21,1900-01-01 12:24:00,12,Pastry,1,284.85,Bakery,216,5,12,21
1482,272,2024-05-21,1900-01-01 12:24:00,12,Croissant,3,319.61,Bakery,227,5,12,21
1483,249,2024-09-22,1900-01-01 07:34:00,7,Shirt,2,468.48,Clothing,497,9,7,22
1483,249,2024-09-22,1900-01-01 07:34:00,7,Coffee,2,447.2,Beverages,681,9,7,22
1483,249,2024-09-22,1900-01-01 07:34:00,7,Floor Cleaner,1,409.57,Household,104,9,7,22
1483,249,2024-09-22,1900-01-01 07:34:00,7,Pain Reliever,1,359.08,Health & Wellness,792,9,7,22
1483,249,2024-09-22,1900-01-01 07:34:00,7,Popcorn,2,212.4,Snacks,735,9,7,22
1483,249,2024-09-22,1900-01-01 07:34:00,7,Chicken Breast,2,396.44,Meat & Seafood,212,9,7,22
1483,249,2024-09-22,1900-01-01 07:34:00,7,Cooking Oil,1,485.19,Grains & Staples,232,9,7,22
1484,257,2024-05-22,1900-01-01 07:05:00,7,Cheese,3,132.33,Dairy & Eggs,494,5,7,22
1484,257,2024-05-22,1900-01-01 07:05:00,7,Tomato,3,120.9,Fruits & Vegetables,251,5,7,22
1484,257,2024-05-22,1900-01-01 07:05:00,7,Pain Reliever,3,281.13,Health & Wellness,904,5,7,22
1484,257,2024-05-22,1900-01-01 07:05:00,7,Chicken Breast,1,325.76,Meat & Seafood,879,5,7,22
1485,336,2024-01-04,1900-01-01 16:53:00,16,Cake,2,470.21,Bakery,305,1,16,4
1485,336,2024-01-04,1900-01-01 16:53:00,16,Croissant,3,236.11,Bakery,915,1,16,4
1485,336,2024-01-04,1900-01-01 16:53:00,16,Orange,2,207.99,Fruits & Vegetables,178,1,16,4
1485,336,2024-01-04,1900-01-01 16:53:00,16,Juice,1,81.83,Beverages,735,1,16,4
1485,336,2024-01-04,1900-01-01 16:53:00,16,Chocolate,1,469.77,Snacks,564,1,16,4
1486,216,2024-11-12,1900-01-01 21:58:00,21,Shoes,2,383.63,Footwear,938,11,21,12
1486,216,2024-11-12,1900-01-01 21:58:00,21,Yogurt,3,141.33,Dairy & Eggs,529,11,21,12
1486,216,2024-11-12,1900-01-01 21:58:00,21,Onion,1,452.73,Fruits & Vegetables,299,11,21,12
1487,6,2024-06-07,1900-01-01 18:16:00,18,Croissant,3,148.5,Bakery,852,6,18,7
1487,6,2024-06-07,1900-01-01 18:16:00,18,Toothpaste,3,364.56,Personal Care,400,6,18,7
1487,6,2024-06-07,1900-01-01 18:16:00,18,Earphones,1,340.26,Electronics,292,6,18,7
1487,6,2024-06-07,1900-01-01 18:16:00,18,Potato,3,303.24,Fruits & Vegetables,396,6,18,7
1488,171,2024-10-15,1900-01-01 20:47:00,20,Shoes,3,402.87,Footwear,149,10,20,15
1488,171,2024-10-15,1900-01-01 20:47:00,20,Shirt,1,405.62,Clothing,492,10,20,15
1488,171,2024-10-15,1900-01-01 20:47:00,20,Cheese,1,435.18,Dairy & Eggs,703,10,20,15
1488,171,2024-10-15,1900-01-01 20:47:00,20,Juice,1,335.22,Beverages,823,10,20,15
1488,171,2024-10-15,1900-01-01 20:47:00,20,Cookies,1,215.78,Bakery,513,10,20,15
1488,171,2024-10-15,1900-01-01 20:47:00,20,Spices,2,145.93,Grains & Staples,497,10,20,15
1489,13,2024-02-24,1900-01-01 16:00:00,16,Spices,2,218.67,Grains & Staples,958,2,16,24
1489,13,2024-02-24,1900-01-01 16:00:00,16,Carrot,1,263.0,Fruits & Vegetables,348,2,16,24
1489,13,2024-02-24,1900-01-01 16:00:00,16,Mixer Grinder,1,46.76,Electronics,222,2,16,24
1490,172,2024-02-23,1900-01-01 20:30:00,20,Carrot,1,488.5,Fruits & Vegetables,603,2,20,23
1490,172,2024-02-23,1900-01-01 20:30:00,20,Coffee,1,307.51,Beverages,760,2,20,23
1490,172,2024-02-23,1900-01-01 20:30:00,20,Cookies,3,54.95,Bakery,627,2,20,23
1490,172,2024-02-23,1900-01-01 20:30:00,20,Shirt,1,463.88,Clothing,717,2,20,23
1490,172,2024-02-23,1900-01-01 20:30:00,20,Soap,2,265.18,Personal Care,916,2,20,23
1490,172,2024-02-23,1900-01-01 20:30:00,20,Tissue,1,271.9,Household,949,2,20,23
1490,172,2024-02-23,1900-01-01 20:30:00,20,Chicken Breast,2,217.46,Meat & Seafood,345,2,20,23
1491,486,2024-10-09,1900-01-01 09:35:00,9,Notebook,1,437.06,Stationery,387,10,9,9
1491,486,2024-10-09,1900-01-01 09:35:00,9,Detergent,3,72.4,Household,678,10,9,9
1491,486,2024-10-09,1900-01-01 09:35:00,9,Soda,3,350.71,Beverages,949,10,9,9
1491,486,2024-10-09,1900-01-01 09:35:00,9,Rice,1,293.71,Grains & Staples,475,10,9,9
1491,486,2024-10-09,1900-01-01 09:35:00,9,Tea,2,345.48,Beverages,850,10,9,9
1491,486,2024-10-09,1900-01-01 09:35:00,9,Detergent,1,354.22,Household,814,10,9,9
1491,486,2024-10-09,1900-01-01 09:35:00,9,Lentils,3,292.7,Grains & Staples,399,10,9,9
1492,240,2024-06-24,1900-01-01 15:22:00,15,Fish,1,157.6,Meat & Seafood,644,6,15,24
1492,240,2024-06-24,1900-01-01 15:22:00,15,Potato,3,208.03,Fruits & Vegetables,140,6,15,24
1492,240,2024-06-24,1900-01-01 15:22:00,15,Spinach,1,346.71,Fruits & Vegetables,162,6,15,24
1492,240,2024-06-24,1900-01-01 15:22:00,15,Notebook,1,303.54,Stationery,650,6,15,24
1492,240,2024-06-24,1900-01-01 15:22:00,15,Salt,2,94.76,Grains & Staples,757,6,15,24
1492,240,2024-06-24,1900-01-01 15:22:00,15,Prawns,3,221.49,Meat & Seafood,263,6,15,24
1492,240,2024-06-24,1900-01-01 15:22:00,15,Toilet Paper,2,66.99,Household,224,6,15,24
1493,396,2024-07-01,1900-01-01 16:05:00,16,Milk,1,467.53,Dairy & Eggs,351,7,16,1
1493,396,2024-07-01,1900-01-01 16:05:00,16,Shampoo,1,71.9,Personal Care,621,7,16,1
1493,396,2024-07-01,1900-01-01 16:05:00,16,Chips,2,485.28,Snacks,225,7,16,1
1493,396,2024-07-01,1900-01-01 16:05:00,16,Toothpaste,2,239.95,Personal Care,754,7,16,1
1494,486,2024-01-23,1900-01-01 13:48:00,13,Orange,1,295.29,Fruits & Vegetables,529,1,13,23
1494,486,2024-01-23,1900-01-01 13:48:00,13,Potato,2,376.13,Fruits & Vegetables,779,1,13,23
1494,486,2024-01-23,1900-01-01 13:48:00,13,Cake,2,129.46,Bakery,715,1,13,23
1494,486,2024-01-23,1900-01-01 13:48:00,13,Dishwashing Liquid,1,189.57,Household,439,1,13,23
1494,486,2024-01-23,1900-01-01 13:48:00,13,Bread,3,328.61,Bakery,183,1,13,23
1494,486,2024-01-23,1900-01-01 13:48:00,13,Floor Cleaner,2,393.46,Household,141,1,13,23
1494,486,2024-01-23,1900-01-01 13:48:00,13,Banana,1,485.8,Fruits & Vegetables,288,1,13,23
1495,417,2024-03-08,1900-01-01 18:39:00,18,Mixer Grinder,2,253.97,Electronics,604,3,18,8
1495,417,2024-03-08,1900-01-01 18:39:00,18,Pasta,3,412.48,Grains & Staples,788,3,18,8
1495,417,2024-03-08,1900-01-01 18:39:00,18,Chocolate,2,44.57,Snacks,694,3,18,8
1495,417,2024-03-08,1900-01-01 18:39:00,18,Sugar,2,365.05,Grains & Staples,583,3,18,8
1495,417,2024-03-08,1900-01-01 18:39:00,18,Floor Cleaner,1,118.14,Household,375,3,18,8
1496,336,2024-08-25,1900-01-01 14:55:00,14,Coffee,1,265.44,Beverages,685,8,14,25
1496,336,2024-08-25,1900-01-01 14:55:00,14,Fish,1,115.31,Meat & Seafood,683,8,14,25
1496,336,2024-08-25,1900-01-01 14:55:00,14,Biscuits,3,166.43,Snacks,772,8,14,25
1496,336,2024-08-25,1900-01-01 14:55:00,14,Shirt,3,340.91,Clothing,802,8,14,25
1496,336,2024-08-25,1900-01-01 14:55:00,14,Charger,2,179.87,Electronics,695,8,14,25
1497,91,2024-11-23,1900-01-01 13:40:00,13,Shirt,2,62.59,Clothing,634,11,13,23
1497,91,2024-11-23,1900-01-01 13:40:00,13,Salt,2,73.04,Grains & Staples,593,11,13,23
1497,91,2024-11-23,1900-01-01 13:40:00,13,Belt,1,376.77,Clothing Accessories,871,11,13,23
1498,382,2024-12-01,1900-01-01 06:34:00,6,Notebook,1,193.57,Stationery,567,12,6,1
1498,382,2024-12-01,1900-01-01 06:34:00,6,Sugar,1,385.42,Grains & Staples,828,12,6,1
1498,382,2024-12-01,1900-01-01 06:34:00,6,Cake,2,404.56,Bakery,791,12,6,1
1498,382,2024-12-01,1900-01-01 06:34:00,6,Energy Drink,3,401.03,Beverages,203,12,6,1
1499,52,2024-03-30,1900-01-01 06:26:00,6,Cookies,3,131.45,Bakery,721,3,6,30
1499,52,2024-03-30,1900-01-01 06:26:00,6,Tissue,2,254.54,Household,331,3,6,30
1499,52,2024-03-30,1900-01-01 06:26:00,6,Milk,1,73.82,Dairy & Eggs,160,3,6,30
1499,52,2024-03-30,1900-01-01 06:26:00,6,Yogurt,1,47.45,Dairy & Eggs,164,3,6,30
1500,360,2024-08-30,1900-01-01 12:48:00,12,Electric Kettle,3,491.28,Electronics,278,8,12,30
1500,360,2024-08-30,1900-01-01 12:48:00,12,Coffee,3,190.47,Beverages,243,8,12,30
1500,360,2024-08-30,1900-01-01 12:48:00,12,Shampoo,3,43.68,Personal Care,668,8,12,30
1500,360,2024-08-30,1900-01-01 12:48:00,12,Pain Reliever,3,320.76,Health & Wellness,399,8,12,30
1500,360,2024-08-30,1900-01-01 12:48:00,12,Apple,2,277.72,Fruits & Vegetables,293,8,12,30
1501,169,2024-04-22,1900-01-01 13:46:00,13,Fiction Book,1,371.74,Books,105,4,13,22
1501,169,2024-04-22,1900-01-01 13:46:00,13,Mixer Grinder,2,32.91,Electronics,135,4,13,22
1501,169,2024-04-22,1900-01-01 13:46:00,13,Baby Food,1,58.11,Baby Care,889,4,13,22
1501,169,2024-04-22,1900-01-01 13:46:00,13,Chocolate,3,450.28,Snacks,548,4,13,22
1501,169,2024-04-22,1900-01-01 13:46:00,13,Notebook,3,303.36,Stationery,536,4,13,22
1502,194,2024-04-30,1900-01-01 07:37:00,7,Toilet Paper,3,45.69,Household,463,4,7,30
1502,194,2024-04-30,1900-01-01 07:37:00,7,Floor Cleaner,2,131.74,Household,504,4,7,30
1502,194,2024-04-30,1900-01-01 07:37:00,7,Energy Drink,3,439.49,Beverages,559,4,7,30
1502,194,2024-04-30,1900-01-01 07:37:00,7,Popcorn,3,336.49,Snacks,786,4,7,30
1502,194,2024-04-30,1900-01-01 07:37:00,7,Prawns,3,373.37,Meat & Seafood,867,4,7,30
1503,122,2024-04-25,1900-01-01 11:12:00,11,Chocolate,3,305.13,Snacks,167,4,11,25
1503,122,2024-04-25,1900-01-01 11:12:00,11,Soda,3,418.67,Beverages,660,4,11,25
1503,122,2024-04-25,1900-01-01 11:12:00,11,Cookies,2,83.86,Bakery,676,4,11,25
1503,122,2024-04-25,1900-01-01 11:12:00,11,Fiction Book,1,155.54,Books,387,4,11,25
1504,82,2024-09-02,1900-01-01 12:17:00,12,Apple,3,405.17,Fruits & Vegetables,828,9,12,2
1504,82,2024-09-02,1900-01-01 12:17:00,12,Fish,1,198.21,Meat & Seafood,803,9,12,2
1504,82,2024-09-02,1900-01-01 12:17:00,12,Jeans,1,265.78,Clothing,747,9,12,2
1504,82,2024-09-02,1900-01-01 12:17:00,12,Beef,2,186.12,Meat & Seafood,428,9,12,2
1505,329,2024-06-07,1900-01-01 20:20:00,20,Biscuits,2,313.86,Snacks,203,6,20,7
1505,329,2024-06-07,1900-01-01 20:20:00,20,Croissant,3,441.8,Bakery,717,6,20,7
1505,329,2024-06-07,1900-01-01 20:20:00,20,Charger,3,181.23,Electronics,324,6,20,7
1506,111,2024-12-10,1900-01-01 10:51:00,10,Fish,1,305.34,Meat & Seafood,609,12,10,10
1506,111,2024-12-10,1900-01-01 10:51:00,10,Biscuits,3,192.22,Snacks,897,12,10,10
1506,111,2024-12-10,1900-01-01 10:51:00,10,Dress,3,358.5,Clothing,803,12,10,10
1506,111,2024-12-10,1900-01-01 10:51:00,10,Electric Kettle,1,195.32,Electronics,558,12,10,10
1507,360,2024-07-15,1900-01-01 13:28:00,13,Biscuits,1,363.45,Snacks,394,7,13,15
1507,360,2024-07-15,1900-01-01 13:28:00,13,Chocolate,2,371.55,Snacks,400,7,13,15
1507,360,2024-07-15,1900-01-01 13:28:00,13,Mixer Grinder,3,186.26,Electronics,172,7,13,15
1507,360,2024-07-15,1900-01-01 13:28:00,13,Tea,3,219.08,Beverages,468,7,13,15
1507,360,2024-07-15,1900-01-01 13:28:00,13,Belt,2,270.97,Clothing Accessories,485,7,13,15
1507,360,2024-07-15,1900-01-01 13:28:00,13,Fish,1,85.71,Meat & Seafood,562,7,13,15
1507,360,2024-07-15,1900-01-01 13:28:00,13,Fish,1,231.95,Meat & Seafood,410,7,13,15
1508,228,2024-07-08,1900-01-01 20:34:00,20,Educational Book,2,252.44,Books,801,7,20,8
1508,228,2024-07-08,1900-01-01 20:34:00,20,Carrot,3,232.5,Fruits & Vegetables,253,7,20,8
1508,228,2024-07-08,1900-01-01 20:34:00,20,Diapers,1,132.81,Baby Care,398,7,20,8
1508,228,2024-07-08,1900-01-01 20:34:00,20,Toothpaste,3,192.17,Personal Care,346,7,20,8
1509,86,2024-02-05,1900-01-01 06:53:00,6,Tissue,1,441.29,Household,765,2,6,5
1509,86,2024-02-05,1900-01-01 06:53:00,6,Charger,3,358.82,Electronics,639,2,6,5
1509,86,2024-02-05,1900-01-01 06:53:00,6,Cheese,2,465.39,Dairy & Eggs,783,2,6,5
1509,86,2024-02-05,1900-01-01 06:53:00,6,Chips,1,265.79,Snacks,938,2,6,5
1509,86,2024-02-05,1900-01-01 06:53:00,6,Fish,3,189.67,Meat & Seafood,395,2,6,5
1509,86,2024-02-05,1900-01-01 06:53:00,6,Prawns,1,313.94,Meat & Seafood,988,2,6,5
1509,86,2024-02-05,1900-01-01 06:53:00,6,Earphones,1,42.01,Electronics,783,2,6,5
1510,300,2024-08-20,1900-01-01 16:29:00,16,Shampoo,2,263.4,Personal Care,909,8,16,20
1510,300,2024-08-20,1900-01-01 16:29:00,16,Electric Kettle,3,175.66,Electronics,637,8,16,20
1510,300,2024-08-20,1900-01-01 16:29:00,16,Fish,1,257.91,Meat & Seafood,153,8,16,20
1510,300,2024-08-20,1900-01-01 16:29:00,16,Yogurt,1,153.68,Dairy & Eggs,310,8,16,20
1510,300,2024-08-20,1900-01-01 16:29:00,16,Carrot,1,491.07,Fruits & Vegetables,185,8,16,20
1511,309,2024-12-19,1900-01-01 19:25:00,19,Pasta,1,475.61,Grains & Staples,690,12,19,19
1511,309,2024-12-19,1900-01-01 19:25:00,19,Sugar,1,223.09,Grains & Staples,617,12,19,19
1511,309,2024-12-19,1900-01-01 19:25:00,19,Face Wash,3,120.5,Personal Care,662,12,19,19
1511,309,2024-12-19,1900-01-01 19:25:00,19,Vitamins,1,13.22,Health & Wellness,842,12,19,19
1511,309,2024-12-19,1900-01-01 19:25:00,19,Electric Kettle,2,456.11,Electronics,630,12,19,19
1512,205,2024-05-23,1900-01-01 15:49:00,15,Prawns,2,212.54,Meat & Seafood,307,5,15,23
1512,205,2024-05-23,1900-01-01 15:49:00,15,Energy Drink,2,118.31,Beverages,765,5,15,23
1512,205,2024-05-23,1900-01-01 15:49:00,15,Educational Book,1,74.55,Books,735,5,15,23
1513,264,2024-10-25,1900-01-01 22:43:00,22,Popcorn,3,345.25,Snacks,846,10,22,25
1513,264,2024-10-25,1900-01-01 22:43:00,22,Croissant,3,357.87,Bakery,758,10,22,25
1513,264,2024-10-25,1900-01-01 22:43:00,22,Soap,1,332.19,Personal Care,195,10,22,25
1513,264,2024-10-25,1900-01-01 22:43:00,22,Cookies,2,147.66,Bakery,759,10,22,25
1513,264,2024-10-25,1900-01-01 22:43:00,22,Jeans,3,70.26,Clothing,396,10,22,25
1513,264,2024-10-25,1900-01-01 22:43:00,22,Electric Kettle,3,436.61,Electronics,250,10,22,25
1513,264,2024-10-25,1900-01-01 22:43:00,22,Popcorn,3,244.54,Snacks,629,10,22,25
1514,161,2024-01-24,1900-01-01 14:17:00,14,Milk,3,439.12,Dairy & Eggs,389,1,14,24
1514,161,2024-01-24,1900-01-01 14:17:00,14,Saree,2,362.26,Clothing,949,1,14,24
1514,161,2024-01-24,1900-01-01 14:17:00,14,Spinach,1,414.52,Fruits & Vegetables,275,1,14,24
1515,497,2024-04-04,1900-01-01 17:23:00,17,Soda,2,299.85,Beverages,525,4,17,4
1515,497,2024-04-04,1900-01-01 17:23:00,17,Rice,1,129.12,Grains & Staples,328,4,17,4
1515,497,2024-04-04,1900-01-01 17:23:00,17,Prawns,1,250.65,Meat & Seafood,947,4,17,4
1515,497,2024-04-04,1900-01-01 17:23:00,17,Apple,3,171.24,Fruits & Vegetables,492,4,17,4
1515,497,2024-04-04,1900-01-01 17:23:00,17,Biscuits,3,186.47,Snacks,990,4,17,4
1515,497,2024-04-04,1900-01-01 17:23:00,17,Cookies,3,204.26,Bakery,150,4,17,4
1515,497,2024-04-04,1900-01-01 17:23:00,17,Beef,1,264.52,Meat & Seafood,225,4,17,4
1516,289,2024-01-30,1900-01-01 21:38:00,21,Face Wash,3,165.3,Personal Care,463,1,21,30
1516,289,2024-01-30,1900-01-01 21:38:00,21,Soda,2,19.77,Beverages,783,1,21,30
1516,289,2024-01-30,1900-01-01 21:38:00,21,Chips,1,204.36,Snacks,644,1,21,30
1516,289,2024-01-30,1900-01-01 21:38:00,21,Popcorn,2,50.98,Snacks,110,1,21,30
1516,289,2024-01-30,1900-01-01 21:38:00,21,Bread,3,191.47,Bakery,500,1,21,30
1517,468,2024-06-09,1900-01-01 12:50:00,12,Beef,3,479.94,Meat & Seafood,237,6,12,9
1517,468,2024-06-09,1900-01-01 12:50:00,12,Bread,3,297.59,Bakery,443,6,12,9
1517,468,2024-06-09,1900-01-01 12:50:00,12,Cheese,3,462.94,Dairy & Eggs,242,6,12,9
1517,468,2024-06-09,1900-01-01 12:50:00,12,Yogurt,1,240.17,Dairy & Eggs,331,6,12,9
1517,468,2024-06-09,1900-01-01 12:50:00,12,Chips,3,37.38,Snacks,151,6,12,9
1517,468,2024-06-09,1900-01-01 12:50:00,12,Pastry,3,247.6,Bakery,445,6,12,9
1518,218,2024-05-16,1900-01-01 08:06:00,8,Fish,3,227.21,Meat & Seafood,380,5,8,16
1518,218,2024-05-16,1900-01-01 08:06:00,8,Shampoo,3,97.14,Personal Care,783,5,8,16
1518,218,2024-05-16,1900-01-01 08:06:00,8,Educational Book,1,390.88,Books,404,5,8,16
1519,270,2024-09-10,1900-01-01 13:21:00,13,Shoes,3,240.82,Footwear,214,9,13,10
1519,270,2024-09-10,1900-01-01 13:21:00,13,Banana,1,45.62,Fruits & Vegetables,426,9,13,10
1519,270,2024-09-10,1900-01-01 13:21:00,13,Earphones,3,66.15,Electronics,835,9,13,10
1519,270,2024-09-10,1900-01-01 13:21:00,13,Soap,3,217.34,Personal Care,737,9,13,10
1519,270,2024-09-10,1900-01-01 13:21:00,13,Baby Food,2,67.55,Baby Care,378,9,13,10
1519,270,2024-09-10,1900-01-01 13:21:00,13,Tomato,1,409.44,Fruits & Vegetables,234,9,13,10
1520,472,2024-11-23,1900-01-01 12:57:00,12,Vitamins,3,384.78,Health & Wellness,944,11,12,23
1520,472,2024-11-23,1900-01-01 12:57:00,12,Shoes,3,246.44,Footwear,975,11,12,23
1520,472,2024-11-23,1900-01-01 12:57:00,12,Beef,1,102.81,Meat & Seafood,464,11,12,23
1520,472,2024-11-23,1900-01-01 12:57:00,12,Shoes,1,43.28,Footwear,368,11,12,23
1520,472,2024-11-23,1900-01-01 12:57:00,12,Soda,3,468.03,Beverages,962,11,12,23
1520,472,2024-11-23,1900-01-01 12:57:00,12,Dress,3,199.31,Clothing,164,11,12,23
1520,472,2024-11-23,1900-01-01 12:57:00,12,Detergent,2,61.29,Household,406,11,12,23
1521,258,2024-02-03,1900-01-01 18:25:00,18,Tea,1,36.57,Beverages,356,2,18,3
1521,258,2024-02-03,1900-01-01 18:25:00,18,Tissue,2,237.78,Household,998,2,18,3
1521,258,2024-02-03,1900-01-01 18:25:00,18,Croissant,1,390.61,Bakery,965,2,18,3
1521,258,2024-02-03,1900-01-01 18:25:00,18,Wheat Flour,1,377.51,Grains & Staples,137,2,18,3
1521,258,2024-02-03,1900-01-01 18:25:00,18,Carrot,2,121.38,Fruits & Vegetables,720,2,18,3
1521,258,2024-02-03,1900-01-01 18:25:00,18,Lentils,3,478.12,Grains & Staples,626,2,18,3
1521,258,2024-02-03,1900-01-01 18:25:00,18,Beef,3,189.46,Meat & Seafood,433,2,18,3
1522,4,2024-07-16,1900-01-01 18:38:00,18,Toothpaste,2,326.97,Personal Care,595,7,18,16
1522,4,2024-07-16,1900-01-01 18:38:00,18,Popcorn,2,322.95,Snacks,787,7,18,16
1522,4,2024-07-16,1900-01-01 18:38:00,18,Jeans,2,67.26,Clothing,103,7,18,16
1522,4,2024-07-16,1900-01-01 18:38:00,18,Saree,3,183.17,Clothing,718,7,18,16
1522,4,2024-07-16,1900-01-01 18:38:00,18,Carrot,3,426.65,Fruits & Vegetables,274,7,18,16
1523,258,2024-08-12,1900-01-01 19:39:00,19,Milk,3,460.38,Dairy & Eggs,248,8,19,12
1523,258,2024-08-12,1900-01-01 19:39:00,19,Biscuits,3,160.38,Snacks,183,8,19,12
1523,258,2024-08-12,1900-01-01 19:39:00,19,Bread,2,258.35,Bakery,366,8,19,12
1523,258,2024-08-12,1900-01-01 19:39:00,19,Orange,3,377.92,Fruits & Vegetables,269,8,19,12
1523,258,2024-08-12,1900-01-01 19:39:00,19,Baby Food,2,184.35,Baby Care,156,8,19,12
1523,258,2024-08-12,1900-01-01 19:39:00,19,Chips,1,383.78,Snacks,207,8,19,12
1523,258,2024-08-12,1900-01-01 19:39:00,19,Prawns,1,390.03,Meat & Seafood,621,8,19,12
1524,435,2024-05-12,1900-01-01 15:06:00,15,Earphones,3,164.31,Electronics,164,5,15,12
1524,435,2024-05-12,1900-01-01 15:06:00,15,Cake,1,317.51,Bakery,450,5,15,12
1524,435,2024-05-12,1900-01-01 15:06:00,15,Electric Kettle,1,215.31,Electronics,370,5,15,12
1524,435,2024-05-12,1900-01-01 15:06:00,15,Cookies,2,228.43,Bakery,178,5,15,12
1524,435,2024-05-12,1900-01-01 15:06:00,15,Orange,1,367.71,Fruits & Vegetables,475,5,15,12
1525,95,2024-01-17,1900-01-01 08:59:00,8,Shoes,3,279.94,Footwear,677,1,8,17
1525,95,2024-01-17,1900-01-01 08:59:00,8,Fiction Book,1,187.83,Books,631,1,8,17
1525,95,2024-01-17,1900-01-01 08:59:00,8,Dishwashing Liquid,3,320.78,Household,137,1,8,17
1525,95,2024-01-17,1900-01-01 08:59:00,8,Sugar,1,153.33,Grains & Staples,953,1,8,17
1526,438,2024-05-17,1900-01-01 20:58:00,20,Pastry,2,408.96,Bakery,763,5,20,17
1526,438,2024-05-17,1900-01-01 20:58:00,20,Mixer Grinder,3,150.02,Electronics,514,5,20,17
1526,438,2024-05-17,1900-01-01 20:58:00,20,Tomato,3,125.26,Fruits & Vegetables,373,5,20,17
1526,438,2024-05-17,1900-01-01 20:58:00,20,Belt,3,323.37,Clothing Accessories,701,5,20,17
1526,438,2024-05-17,1900-01-01 20:58:00,20,Apple,3,449.51,Fruits & Vegetables,775,5,20,17
1527,319,2024-07-02,1900-01-01 15:09:00,15,Croissant,1,21.05,Bakery,613,7,15,2
1527,319,2024-07-02,1900-01-01 15:09:00,15,Sugar,2,17.68,Grains & Staples,401,7,15,2
1527,319,2024-07-02,1900-01-01 15:09:00,15,Pastry,3,318.56,Bakery,857,7,15,2
1527,319,2024-07-02,1900-01-01 15:09:00,15,Carrot,1,90.48,Fruits & Vegetables,134,7,15,2
1527,319,2024-07-02,1900-01-01 15:09:00,15,Banana,3,130.9,Fruits & Vegetables,994,7,15,2
1528,263,2024-08-06,1900-01-01 14:58:00,14,Coffee,2,233.73,Beverages,262,8,14,6
1528,263,2024-08-06,1900-01-01 14:58:00,14,Detergent,3,431.32,Household,428,8,14,6
1528,263,2024-08-06,1900-01-01 14:58:00,14,Prawns,1,256.2,Meat & Seafood,890,8,14,6
1528,263,2024-08-06,1900-01-01 14:58:00,14,Phone Cover,1,469.99,Electronics,511,8,14,6
1528,263,2024-08-06,1900-01-01 14:58:00,14,Pastry,1,334.38,Bakery,441,8,14,6
1528,263,2024-08-06,1900-01-01 14:58:00,14,Pen,1,431.27,Stationery,234,8,14,6
1528,263,2024-08-06,1900-01-01 14:58:00,14,Vitamins,2,121.04,Health & Wellness,523,8,14,6
1529,358,2024-12-08,1900-01-01 16:09:00,16,Phone Cover,3,250.73,Electronics,110,12,16,8
1529,358,2024-12-08,1900-01-01 16:09:00,16,Cheese,2,280.1,Dairy & Eggs,190,12,16,8
1529,358,2024-12-08,1900-01-01 16:09:00,16,Tomato,2,298.22,Fruits & Vegetables,234,12,16,8
1530,136,2024-07-06,1900-01-01 08:55:00,8,Pasta,3,321.91,Grains & Staples,910,7,8,6
1530,136,2024-07-06,1900-01-01 08:55:00,8,Face Wash,1,450.68,Personal Care,808,7,8,6
1530,136,2024-07-06,1900-01-01 08:55:00,8,Banana,2,448.43,Fruits & Vegetables,167,7,8,6
1530,136,2024-07-06,1900-01-01 08:55:00,8,Chicken Breast,1,151.98,Meat & Seafood,923,7,8,6
1530,136,2024-07-06,1900-01-01 08:55:00,8,Yogurt,1,459.32,Dairy & Eggs,754,7,8,6
1530,136,2024-07-06,1900-01-01 08:55:00,8,Shirt,2,49.14,Clothing,647,7,8,6
1530,136,2024-07-06,1900-01-01 08:55:00,8,Pain Reliever,3,87.94,Health & Wellness,467,7,8,6
1531,295,2024-07-07,1900-01-01 14:06:00,14,Fiction Book,2,357.35,Books,412,7,14,7
1531,295,2024-07-07,1900-01-01 14:06:00,14,Cake,3,380.21,Bakery,713,7,14,7
1531,295,2024-07-07,1900-01-01 14:06:00,14,Cake,2,133.0,Bakery,110,7,14,7
1531,295,2024-07-07,1900-01-01 14:06:00,14,Chicken Breast,2,108.63,Meat & Seafood,799,7,14,7
1531,295,2024-07-07,1900-01-01 14:06:00,14,Lentils,3,305.47,Grains & Staples,625,7,14,7
1531,295,2024-07-07,1900-01-01 14:06:00,14,Biscuits,2,65.85,Snacks,597,7,14,7
1531,295,2024-07-07,1900-01-01 14:06:00,14,Soap,3,260.34,Personal Care,399,7,14,7
1532,276,2024-05-25,1900-01-01 12:20:00,12,Dress,1,403.87,Clothing,849,5,12,25
1532,276,2024-05-25,1900-01-01 12:20:00,12,Wheat Flour,2,100.72,Grains & Staples,751,5,12,25
1532,276,2024-05-25,1900-01-01 12:20:00,12,Orange,3,134.02,Fruits & Vegetables,565,5,12,25
1532,276,2024-05-25,1900-01-01 12:20:00,12,Coffee,2,125.6,Beverages,559,5,12,25
1532,276,2024-05-25,1900-01-01 12:20:00,12,Pain Reliever,1,220.61,Health & Wellness,101,5,12,25
1533,378,2024-06-30,1900-01-01 21:04:00,21,Belt,2,357.61,Clothing Accessories,470,6,21,30
1533,378,2024-06-30,1900-01-01 21:04:00,21,Yogurt,2,203.34,Dairy & Eggs,858,6,21,30
1533,378,2024-06-30,1900-01-01 21:04:00,21,Electric Kettle,1,343.52,Electronics,394,6,21,30
1533,378,2024-06-30,1900-01-01 21:04:00,21,Potato,1,366.38,Fruits & Vegetables,738,6,21,30
1534,51,2024-07-09,1900-01-01 06:37:00,6,Belt,2,234.46,Clothing Accessories,194,7,6,9
1534,51,2024-07-09,1900-01-01 06:37:00,6,Educational Book,3,464.09,Books,200,7,6,9
1534,51,2024-07-09,1900-01-01 06:37:00,6,Cooking Oil,1,349.49,Grains & Staples,943,7,6,9
1535,323,2024-08-24,1900-01-01 10:55:00,10,Wheat Flour,1,463.88,Grains & Staples,863,8,10,24
1535,323,2024-08-24,1900-01-01 10:55:00,10,Dishwashing Liquid,3,455.68,Household,294,8,10,24
1535,323,2024-08-24,1900-01-01 10:55:00,10,Bread,2,324.39,Bakery,645,8,10,24
1535,323,2024-08-24,1900-01-01 10:55:00,10,Dress,3,128.59,Clothing,799,8,10,24
1535,323,2024-08-24,1900-01-01 10:55:00,10,Tea,3,16.52,Beverages,722,8,10,24
1535,323,2024-08-24,1900-01-01 10:55:00,10,Pain Reliever,3,142.16,Health & Wellness,447,8,10,24
1535,323,2024-08-24,1900-01-01 10:55:00,10,Detergent,1,203.33,Household,670,8,10,24
1536,396,2024-06-06,1900-01-01 13:10:00,13,Toilet Paper,2,189.41,Household,578,6,13,6
1536,396,2024-06-06,1900-01-01 13:10:00,13,Pain Reliever,3,426.96,Health & Wellness,828,6,13,6
1536,396,2024-06-06,1900-01-01 13:10:00,13,Wheat Flour,3,329.07,Grains & Staples,609,6,13,6
1537,478,2024-06-28,1900-01-01 11:57:00,11,Dishwashing Liquid,1,55.84,Household,181,6,11,28
1537,478,2024-06-28,1900-01-01 11:57:00,11,Baby Food,1,261.86,Baby Care,104,6,11,28
1537,478,2024-06-28,1900-01-01 11:57:00,11,Dress,1,318.11,Clothing,643,6,11,28
1537,478,2024-06-28,1900-01-01 11:57:00,11,Shampoo,1,374.79,Personal Care,345,6,11,28
1537,478,2024-06-28,1900-01-01 11:57:00,11,Pastry,2,149.55,Bakery,363,6,11,28
1537,478,2024-06-28,1900-01-01 11:57:00,11,Chicken Breast,2,474.02,Meat & Seafood,103,6,11,28
1537,478,2024-06-28,1900-01-01 11:57:00,11,Marker,3,221.47,Stationery,221,6,11,28
1538,36,2024-07-24,1900-01-01 14:40:00,14,Face Wash,2,443.38,Personal Care,375,7,14,24
1538,36,2024-07-24,1900-01-01 14:40:00,14,Educational Book,1,112.29,Books,189,7,14,24
1538,36,2024-07-24,1900-01-01 14:40:00,14,Dress,3,94.25,Clothing,911,7,14,24
1538,36,2024-07-24,1900-01-01 14:40:00,14,Vitamins,3,101.32,Health & Wellness,396,7,14,24
1538,36,2024-07-24,1900-01-01 14:40:00,14,Onion,3,62.14,Fruits & Vegetables,153,7,14,24
1538,36,2024-07-24,1900-01-01 14:40:00,14,Coffee,2,155.43,Beverages,831,7,14,24
1538,36,2024-07-24,1900-01-01 14:40:00,14,Cake,2,474.96,Bakery,838,7,14,24
1539,458,2024-08-27,1900-01-01 06:56:00,6,Face Wash,2,146.96,Personal Care,961,8,6,27
1539,458,2024-08-27,1900-01-01 06:56:00,6,Fish,2,37.96,Meat & Seafood,409,8,6,27
1539,458,2024-08-27,1900-01-01 06:56:00,6,Floor Cleaner,3,277.27,Household,794,8,6,27
1540,13,2024-04-02,1900-01-01 18:11:00,18,Eggs,2,258.42,Dairy & Eggs,760,4,18,2
1540,13,2024-04-02,1900-01-01 18:11:00,18,Toilet Paper,3,350.65,Household,305,4,18,2
1540,13,2024-04-02,1900-01-01 18:11:00,18,Bread,1,418.47,Bakery,975,4,18,2
1541,43,2024-04-14,1900-01-01 08:12:00,8,Detergent,2,99.12,Household,325,4,8,14
1541,43,2024-04-14,1900-01-01 08:12:00,8,Phone Cover,3,301.3,Electronics,298,4,8,14
1541,43,2024-04-14,1900-01-01 08:12:00,8,Detergent,3,297.49,Household,348,4,8,14
1541,43,2024-04-14,1900-01-01 08:12:00,8,Soap,3,499.07,Personal Care,990,4,8,14
1542,478,2024-11-06,1900-01-01 07:11:00,7,Pastry,1,334.09,Bakery,170,11,7,6
1542,478,2024-11-06,1900-01-01 07:11:00,7,Spices,3,142.25,Grains & Staples,401,11,7,6
1542,478,2024-11-06,1900-01-01 07:11:00,7,Jeans,3,130.3,Clothing,590,11,7,6
1542,478,2024-11-06,1900-01-01 07:11:00,7,Educational Book,1,399.13,Books,110,11,7,6
1542,478,2024-11-06,1900-01-01 07:11:00,7,Toothpaste,3,260.79,Personal Care,178,11,7,6
1543,83,2024-08-11,1900-01-01 12:32:00,12,Spinach,1,72.45,Fruits & Vegetables,293,8,12,11
1543,83,2024-08-11,1900-01-01 12:32:00,12,Milk,3,457.78,Dairy & Eggs,648,8,12,11
1543,83,2024-08-11,1900-01-01 12:32:00,12,Biscuits,2,95.17,Snacks,376,8,12,11
1543,83,2024-08-11,1900-01-01 12:32:00,12,Beef,2,170.0,Meat & Seafood,401,8,12,11
1543,83,2024-08-11,1900-01-01 12:32:00,12,Saree,1,206.56,Clothing,976,8,12,11
1543,83,2024-08-11,1900-01-01 12:32:00,12,Toilet Paper,3,374.98,Household,675,8,12,11
1543,83,2024-08-11,1900-01-01 12:32:00,12,Pastry,2,16.12,Bakery,422,8,12,11
1544,311,2024-01-25,1900-01-01 21:31:00,21,Beef,3,139.18,Meat & Seafood,898,1,21,25
1544,311,2024-01-25,1900-01-01 21:31:00,21,Wheat Flour,1,292.43,Grains & Staples,166,1,21,25
1544,311,2024-01-25,1900-01-01 21:31:00,21,Prawns,2,409.91,Meat & Seafood,844,1,21,25
1544,311,2024-01-25,1900-01-01 21:31:00,21,Prawns,1,16.9,Meat & Seafood,288,1,21,25
1545,305,2024-12-17,1900-01-01 13:18:00,13,Banana,3,498.86,Fruits & Vegetables,359,12,13,17
1545,305,2024-12-17,1900-01-01 13:18:00,13,Baby Food,2,380.12,Baby Care,692,12,13,17
1545,305,2024-12-17,1900-01-01 13:18:00,13,Face Wash,1,63.11,Personal Care,321,12,13,17
1546,250,2024-11-02,1900-01-01 12:17:00,12,Baby Food,1,264.15,Baby Care,645,11,12,2
1546,250,2024-11-02,1900-01-01 12:17:00,12,Cooking Oil,3,101.97,Grains & Staples,519,11,12,2
1546,250,2024-11-02,1900-01-01 12:17:00,12,Fiction Book,2,240.32,Books,487,11,12,2
1546,250,2024-11-02,1900-01-01 12:17:00,12,Belt,2,49.3,Clothing Accessories,108,11,12,2
1546,250,2024-11-02,1900-01-01 12:17:00,12,Baby Food,1,453.23,Baby Care,870,11,12,2
1546,250,2024-11-02,1900-01-01 12:17:00,12,Popcorn,2,447.52,Snacks,516,11,12,2
1546,250,2024-11-02,1900-01-01 12:17:00,12,Face Wash,2,217.01,Personal Care,106,11,12,2
1547,436,2024-09-14,1900-01-01 20:22:00,20,Marker,3,61.37,Stationery,791,9,20,14
1547,436,2024-09-14,1900-01-01 20:22:00,20,Wheat Flour,2,64.24,Grains & Staples,172,9,20,14
1547,436,2024-09-14,1900-01-01 20:22:00,20,Lentils,2,436.65,Grains & Staples,328,9,20,14
1547,436,2024-09-14,1900-01-01 20:22:00,20,Belt,1,410.85,Clothing Accessories,322,9,20,14
1547,436,2024-09-14,1900-01-01 20:22:00,20,Rice,2,274.97,Grains & Staples,373,9,20,14
1548,259,2024-07-10,1900-01-01 14:09:00,14,Pen,3,103.49,Stationery,464,7,14,10
1548,259,2024-07-10,1900-01-01 14:09:00,14,Eggs,3,345.2,Dairy & Eggs,582,7,14,10
1548,259,2024-07-10,1900-01-01 14:09:00,14,Toothpaste,2,211.24,Personal Care,496,7,14,10
1548,259,2024-07-10,1900-01-01 14:09:00,14,Vitamins,1,100.24,Health & Wellness,970,7,14,10
1548,259,2024-07-10,1900-01-01 14:09:00,14,Marker,1,344.04,Stationery,449,7,14,10
1549,106,2024-11-03,1900-01-01 18:52:00,18,Phone Cover,1,106.17,Electronics,915,11,18,3
1549,106,2024-11-03,1900-01-01 18:52:00,18,Marker,3,394.83,Stationery,288,11,18,3
1549,106,2024-11-03,1900-01-01 18:52:00,18,Cheese,2,210.01,Dairy & Eggs,998,11,18,3
1549,106,2024-11-03,1900-01-01 18:52:00,18,Earphones,1,228.27,Electronics,136,11,18,3
1550,384,2024-03-03,1900-01-01 09:35:00,9,Phone Cover,2,253.66,Electronics,301,3,9,3
1550,384,2024-03-03,1900-01-01 09:35:00,9,Cooking Oil,1,418.76,Grains & Staples,171,3,9,3
1550,384,2024-03-03,1900-01-01 09:35:00,9,Orange,3,50.26,Fruits & Vegetables,437,3,9,3
1550,384,2024-03-03,1900-01-01 09:35:00,9,Vitamins,1,45.6,Health & Wellness,976,3,9,3
1550,384,2024-03-03,1900-01-01 09:35:00,9,Biscuits,3,372.83,Snacks,467,3,9,3
1551,179,2024-05-31,1900-01-01 11:27:00,11,Carrot,3,86.58,Fruits & Vegetables,356,5,11,31
1551,179,2024-05-31,1900-01-01 11:27:00,11,Banana,3,157.19,Fruits & Vegetables,810,5,11,31
1551,179,2024-05-31,1900-01-01 11:27:00,11,Biscuits,3,477.32,Snacks,476,5,11,31
1551,179,2024-05-31,1900-01-01 11:27:00,11,Soap,2,74.04,Personal Care,475,5,11,31
1551,179,2024-05-31,1900-01-01 11:27:00,11,Spinach,1,350.41,Fruits & Vegetables,666,5,11,31
1551,179,2024-05-31,1900-01-01 11:27:00,11,Phone Cover,3,143.36,Electronics,519,5,11,31
1552,73,2024-10-31,1900-01-01 14:05:00,14,Notebook,3,438.74,Stationery,585,10,14,31
1552,73,2024-10-31,1900-01-01 14:05:00,14,Cheese,3,165.14,Dairy & Eggs,829,10,14,31
1552,73,2024-10-31,1900-01-01 14:05:00,14,Shirt,3,388.92,Clothing,291,10,14,31
1552,73,2024-10-31,1900-01-01 14:05:00,14,Phone Cover,1,169.5,Electronics,252,10,14,31
1552,73,2024-10-31,1900-01-01 14:05:00,14,Rice,2,312.7,Grains & Staples,968,10,14,31
1552,73,2024-10-31,1900-01-01 14:05:00,14,Pen,3,442.1,Stationery,419,10,14,31
1552,73,2024-10-31,1900-01-01 14:05:00,14,Bread,2,238.41,Bakery,411,10,14,31
1553,95,2024-11-15,1900-01-01 12:41:00,12,Baby Food,1,276.48,Baby Care,530,11,12,15
1553,95,2024-11-15,1900-01-01 12:41:00,12,Floor Cleaner,1,140.38,Household,787,11,12,15
1553,95,2024-11-15,1900-01-01 12:41:00,12,Detergent,2,86.35,Household,287,11,12,15
1553,95,2024-11-15,1900-01-01 12:41:00,12,Wheat Flour,2,17.53,Grains & Staples,950,11,12,15
1554,108,2024-12-25,1900-01-01 07:14:00,7,Energy Drink,2,28.18,Beverages,835,12,7,25
1554,108,2024-12-25,1900-01-01 07:14:00,7,Cookies,2,37.23,Bakery,555,12,7,25
1554,108,2024-12-25,1900-01-01 07:14:00,7,Cooking Oil,3,499.14,Grains & Staples,465,12,7,25
1554,108,2024-12-25,1900-01-01 07:14:00,7,Butter,2,404.84,Dairy & Eggs,478,12,7,25
1554,108,2024-12-25,1900-01-01 07:14:00,7,Biscuits,1,399.09,Snacks,313,12,7,25
1554,108,2024-12-25,1900-01-01 07:14:00,7,Cake,2,342.36,Bakery,576,12,7,25
1555,124,2024-03-11,1900-01-01 12:59:00,12,Dishwashing Liquid,1,124.26,Household,644,3,12,11
1555,124,2024-03-11,1900-01-01 12:59:00,12,Carrot,3,356.52,Fruits & Vegetables,857,3,12,11
1555,124,2024-03-11,1900-01-01 12:59:00,12,Butter,3,65.54,Dairy & Eggs,126,3,12,11
1555,124,2024-03-11,1900-01-01 12:59:00,12,Shampoo,1,38.72,Personal Care,782,3,12,11
1556,316,2024-07-27,1900-01-01 21:35:00,21,Chips,2,120.65,Snacks,174,7,21,27
1556,316,2024-07-27,1900-01-01 21:35:00,21,Fiction Book,3,94.86,Books,173,7,21,27
1556,316,2024-07-27,1900-01-01 21:35:00,21,Pasta,1,281.3,Grains & Staples,847,7,21,27
1556,316,2024-07-27,1900-01-01 21:35:00,21,Cake,1,428.22,Bakery,785,7,21,27
1556,316,2024-07-27,1900-01-01 21:35:00,21,Toilet Paper,2,89.75,Household,297,7,21,27
1556,316,2024-07-27,1900-01-01 21:35:00,21,Shoes,3,180.46,Footwear,535,7,21,27
1556,316,2024-07-27,1900-01-01 21:35:00,21,Pasta,1,48.89,Grains & Staples,905,7,21,27
1557,201,2024-06-14,1900-01-01 11:45:00,11,Biscuits,2,396.63,Snacks,659,6,11,14
1557,201,2024-06-14,1900-01-01 11:45:00,11,Carrot,2,288.0,Fruits & Vegetables,187,6,11,14
1557,201,2024-06-14,1900-01-01 11:45:00,11,Butter,3,51.6,Dairy & Eggs,161,6,11,14
1558,12,2024-08-13,1900-01-01 17:06:00,17,Sugar,1,134.4,Grains & Staples,314,8,17,13
1558,12,2024-08-13,1900-01-01 17:06:00,17,Tomato,1,186.35,Fruits & Vegetables,711,8,17,13
1558,12,2024-08-13,1900-01-01 17:06:00,17,Face Wash,1,245.82,Personal Care,811,8,17,13
1558,12,2024-08-13,1900-01-01 17:06:00,17,Fish,1,171.06,Meat & Seafood,393,8,17,13
1559,88,2024-10-17,1900-01-01 22:00:00,22,Spices,3,138.06,Grains & Staples,884,10,22,17
1559,88,2024-10-17,1900-01-01 22:00:00,22,Spices,1,224.04,Grains & Staples,973,10,22,17
1559,88,2024-10-17,1900-01-01 22:00:00,22,Belt,2,29.39,Clothing Accessories,588,10,22,17
1559,88,2024-10-17,1900-01-01 22:00:00,22,Toilet Paper,2,409.04,Household,587,10,22,17
1559,88,2024-10-17,1900-01-01 22:00:00,22,Dress,1,431.56,Clothing,344,10,22,17
1559,88,2024-10-17,1900-01-01 22:00:00,22,Fiction Book,1,355.3,Books,640,10,22,17
1559,88,2024-10-17,1900-01-01 22:00:00,22,Wheat Flour,1,456.33,Grains & Staples,821,10,22,17
1560,1,2024-08-26,1900-01-01 08:34:00,8,Beef,1,314.82,Meat & Seafood,715,8,8,26
1560,1,2024-08-26,1900-01-01 08:34:00,8,Milk,1,242.25,Dairy & Eggs,345,8,8,26
1560,1,2024-08-26,1900-01-01 08:34:00,8,Fiction Book,1,145.88,Books,483,8,8,26
1561,390,2024-01-10,1900-01-01 16:50:00,16,Saree,1,444.51,Clothing,618,1,16,10
1561,390,2024-01-10,1900-01-01 16:50:00,16,Butter,2,189.65,Dairy & Eggs,223,1,16,10
1561,390,2024-01-10,1900-01-01 16:50:00,16,Chips,1,236.34,Snacks,636,1,16,10
1561,390,2024-01-10,1900-01-01 16:50:00,16,Jeans,1,423.75,Clothing,583,1,16,10
1561,390,2024-01-10,1900-01-01 16:50:00,16,Notebook,2,373.15,Stationery,750,1,16,10
1561,390,2024-01-10,1900-01-01 16:50:00,16,Milk,2,337.31,Dairy & Eggs,786,1,16,10
1561,390,2024-01-10,1900-01-01 16:50:00,16,Soda,3,250.71,Beverages,835,1,16,10
1562,388,2024-02-24,1900-01-01 12:17:00,12,Chocolate,2,485.22,Snacks,295,2,12,24
1562,388,2024-02-24,1900-01-01 12:17:00,12,Detergent,1,417.56,Household,319,2,12,24
1562,388,2024-02-24,1900-01-01 12:17:00,12,Notebook,2,336.08,Stationery,478,2,12,24
1563,249,2024-11-02,1900-01-01 11:06:00,11,Apple,3,384.51,Fruits & Vegetables,263,11,11,2
1563,249,2024-11-02,1900-01-01 11:06:00,11,Potato,2,324.2,Fruits & Vegetables,872,11,11,2
1563,249,2024-11-02,1900-01-01 11:06:00,11,Coffee,1,198.52,Beverages,359,11,11,2
1563,249,2024-11-02,1900-01-01 11:06:00,11,Detergent,2,457.45,Household,977,11,11,2
1564,190,2024-08-19,1900-01-01 14:05:00,14,Shampoo,3,317.5,Personal Care,848,8,14,19
1564,190,2024-08-19,1900-01-01 14:05:00,14,Cookies,3,21.8,Bakery,412,8,14,19
1564,190,2024-08-19,1900-01-01 14:05:00,14,Cooking Oil,3,146.8,Grains & Staples,875,8,14,19
1564,190,2024-08-19,1900-01-01 14:05:00,14,Fiction Book,2,93.83,Books,511,8,14,19
1564,190,2024-08-19,1900-01-01 14:05:00,14,Coffee,1,77.13,Beverages,793,8,14,19
1564,190,2024-08-19,1900-01-01 14:05:00,14,Belt,2,286.47,Clothing Accessories,168,8,14,19
1564,190,2024-08-19,1900-01-01 14:05:00,14,Face Wash,3,360.06,Personal Care,609,8,14,19
1565,297,2024-02-18,1900-01-01 21:31:00,21,Yogurt,2,282.2,Dairy & Eggs,862,2,21,18
1565,297,2024-02-18,1900-01-01 21:31:00,21,Phone Cover,1,468.1,Electronics,802,2,21,18
1565,297,2024-02-18,1900-01-01 21:31:00,21,Charger,1,370.87,Electronics,488,2,21,18
1565,297,2024-02-18,1900-01-01 21:31:00,21,Pasta,3,389.34,Grains & Staples,881,2,21,18
1565,297,2024-02-18,1900-01-01 21:31:00,21,Chips,1,470.67,Snacks,785,2,21,18
1565,297,2024-02-18,1900-01-01 21:31:00,21,Educational Book,1,339.3,Books,212,2,21,18
1566,194,2024-06-08,1900-01-01 06:23:00,6,Pastry,1,167.23,Bakery,249,6,6,8
1566,194,2024-06-08,1900-01-01 06:23:00,6,Tomato,2,281.6,Fruits & Vegetables,394,6,6,8
1566,194,2024-06-08,1900-01-01 06:23:00,6,Coffee,3,184.46,Beverages,729,6,6,8
1566,194,2024-06-08,1900-01-01 06:23:00,6,Toilet Paper,1,488.97,Household,439,6,6,8
1566,194,2024-06-08,1900-01-01 06:23:00,6,Chips,2,71.54,Snacks,527,6,6,8
1567,384,2024-01-16,1900-01-01 22:26:00,22,Shoes,1,286.37,Footwear,286,1,22,16
1567,384,2024-01-16,1900-01-01 22:26:00,22,Earphones,3,437.46,Electronics,581,1,22,16
1567,384,2024-01-16,1900-01-01 22:26:00,22,Earphones,1,476.59,Electronics,630,1,22,16
1568,208,2024-03-02,1900-01-01 20:04:00,20,Pastry,1,445.8,Bakery,805,3,20,2
1568,208,2024-03-02,1900-01-01 20:04:00,20,Notebook,1,289.8,Stationery,846,3,20,2
1568,208,2024-03-02,1900-01-01 20:04:00,20,Marker,2,163.38,Stationery,727,3,20,2
1568,208,2024-03-02,1900-01-01 20:04:00,20,Apple,1,62.26,Fruits & Vegetables,671,3,20,2
1568,208,2024-03-02,1900-01-01 20:04:00,20,Croissant,2,153.05,Bakery,110,3,20,2
1568,208,2024-03-02,1900-01-01 20:04:00,20,Bread,2,386.81,Bakery,303,3,20,2
1569,173,2024-10-03,1900-01-01 15:26:00,15,Notebook,1,391.52,Stationery,533,10,15,3
1569,173,2024-10-03,1900-01-01 15:26:00,15,Toilet Paper,1,113.69,Household,729,10,15,3
1569,173,2024-10-03,1900-01-01 15:26:00,15,Potato,1,218.94,Fruits & Vegetables,737,10,15,3
1569,173,2024-10-03,1900-01-01 15:26:00,15,Phone Cover,1,96.16,Electronics,225,10,15,3
1569,173,2024-10-03,1900-01-01 15:26:00,15,Juice,1,407.87,Beverages,290,10,15,3
1569,173,2024-10-03,1900-01-01 15:26:00,15,Marker,3,127.7,Stationery,486,10,15,3
1569,173,2024-10-03,1900-01-01 15:26:00,15,Floor Cleaner,3,258.0,Household,368,10,15,3
1570,213,2024-04-30,1900-01-01 13:15:00,13,Chips,3,401.51,Snacks,870,4,13,30
1570,213,2024-04-30,1900-01-01 13:15:00,13,Mixer Grinder,3,185.94,Electronics,826,4,13,30
1570,213,2024-04-30,1900-01-01 13:15:00,13,Chips,2,206.8,Snacks,616,4,13,30
1571,415,2024-01-28,1900-01-01 19:38:00,19,Milk,3,427.41,Dairy & Eggs,933,1,19,28
1571,415,2024-01-28,1900-01-01 19:38:00,19,Apple,1,273.57,Fruits & Vegetables,484,1,19,28
1571,415,2024-01-28,1900-01-01 19:38:00,19,Bread,3,358.43,Bakery,511,1,19,28
1571,415,2024-01-28,1900-01-01 19:38:00,19,Notebook,2,89.3,Stationery,607,1,19,28
1571,415,2024-01-28,1900-01-01 19:38:00,19,Carrot,2,240.95,Fruits & Vegetables,379,1,19,28
1571,415,2024-01-28,1900-01-01 19:38:00,19,Dishwashing Liquid,3,317.01,Household,127,1,19,28
1572,75,2024-07-04,1900-01-01 17:30:00,17,Cooking Oil,1,224.99,Grains & Staples,353,7,17,4
1572,75,2024-07-04,1900-01-01 17:30:00,17,Milk,2,43.48,Dairy & Eggs,157,7,17,4
1572,75,2024-07-04,1900-01-01 17:30:00,17,Baby Food,2,351.88,Baby Care,154,7,17,4
1572,75,2024-07-04,1900-01-01 17:30:00,17,Detergent,2,475.8,Household,542,7,17,4
1573,387,2024-03-28,1900-01-01 06:02:00,6,Prawns,2,151.16,Meat & Seafood,286,3,6,28
1573,387,2024-03-28,1900-01-01 06:02:00,6,Pastry,3,13.19,Bakery,972,3,6,28
1573,387,2024-03-28,1900-01-01 06:02:00,6,Saree,1,323.35,Clothing,956,3,6,28
1573,387,2024-03-28,1900-01-01 06:02:00,6,Tea,1,184.3,Beverages,687,3,6,28
1573,387,2024-03-28,1900-01-01 06:02:00,6,Pastry,3,196.43,Bakery,770,3,6,28
1573,387,2024-03-28,1900-01-01 06:02:00,6,Wheat Flour,2,72.45,Grains & Staples,871,3,6,28
1574,218,2024-05-29,1900-01-01 06:45:00,6,Butter,1,314.46,Dairy & Eggs,470,5,6,29
1574,218,2024-05-29,1900-01-01 06:45:00,6,Cookies,1,388.67,Bakery,215,5,6,29
1574,218,2024-05-29,1900-01-01 06:45:00,6,Shoes,3,76.47,Footwear,365,5,6,29
1575,166,2024-09-05,1900-01-01 21:12:00,21,Spinach,2,18.65,Fruits & Vegetables,327,9,21,5
1575,166,2024-09-05,1900-01-01 21:12:00,21,Cookies,3,281.76,Bakery,357,9,21,5
1575,166,2024-09-05,1900-01-01 21:12:00,21,Face Wash,1,173.44,Personal Care,913,9,21,5
1575,166,2024-09-05,1900-01-01 21:12:00,21,Prawns,2,250.54,Meat & Seafood,305,9,21,5
1575,166,2024-09-05,1900-01-01 21:12:00,21,Croissant,3,68.37,Bakery,564,9,21,5
1576,320,2024-11-26,1900-01-01 10:41:00,10,Prawns,2,63.68,Meat & Seafood,793,11,10,26
1576,320,2024-11-26,1900-01-01 10:41:00,10,Diapers,2,232.29,Baby Care,592,11,10,26
1576,320,2024-11-26,1900-01-01 10:41:00,10,Jeans,1,31.34,Clothing,236,11,10,26
1577,214,2024-09-15,1900-01-01 07:54:00,7,Floor Cleaner,1,217.66,Household,845,9,7,15
1577,214,2024-09-15,1900-01-01 07:54:00,7,Jeans,2,459.33,Clothing,265,9,7,15
1577,214,2024-09-15,1900-01-01 07:54:00,7,Vitamins,1,154.95,Health & Wellness,320,9,7,15
1577,214,2024-09-15,1900-01-01 07:54:00,7,Detergent,3,117.8,Household,228,9,7,15
1577,214,2024-09-15,1900-01-01 07:54:00,7,Dress,2,101.09,Clothing,405,9,7,15
1578,248,2024-11-26,1900-01-01 11:14:00,11,Vitamins,1,423.91,Health & Wellness,118,11,11,26
1578,248,2024-11-26,1900-01-01 11:14:00,11,Chicken Breast,3,232.46,Meat & Seafood,838,11,11,26
1578,248,2024-11-26,1900-01-01 11:14:00,11,Fiction Book,1,19.49,Books,793,11,11,26
1578,248,2024-11-26,1900-01-01 11:14:00,11,Cake,1,62.59,Bakery,816,11,11,26
1578,248,2024-11-26,1900-01-01 11:14:00,11,Dishwashing Liquid,1,200.48,Household,879,11,11,26
1578,248,2024-11-26,1900-01-01 11:14:00,11,Tea,2,53.86,Beverages,624,11,11,26
1578,248,2024-11-26,1900-01-01 11:14:00,11,Rice,3,138.73,Grains & Staples,593,11,11,26
1579,370,2024-01-08,1900-01-01 14:28:00,14,Milk,3,92.08,Dairy & Eggs,711,1,14,8
1579,370,2024-01-08,1900-01-01 14:28:00,14,Milk,2,162.51,Dairy & Eggs,596,1,14,8
1579,370,2024-01-08,1900-01-01 14:28:00,14,Cake,2,58.43,Bakery,351,1,14,8
1579,370,2024-01-08,1900-01-01 14:28:00,14,Carrot,1,148.74,Fruits & Vegetables,812,1,14,8
1579,370,2024-01-08,1900-01-01 14:28:00,14,Phone Cover,2,409.47,Electronics,884,1,14,8
1580,183,2024-07-17,1900-01-01 14:51:00,14,Phone Cover,3,105.16,Electronics,234,7,14,17
1580,183,2024-07-17,1900-01-01 14:51:00,14,Tissue,2,203.95,Household,341,7,14,17
1580,183,2024-07-17,1900-01-01 14:51:00,14,Pen,1,432.39,Stationery,549,7,14,17
1580,183,2024-07-17,1900-01-01 14:51:00,14,Tomato,1,70.9,Fruits & Vegetables,830,7,14,17
1580,183,2024-07-17,1900-01-01 14:51:00,14,Coffee,1,252.11,Beverages,918,7,14,17
1580,183,2024-07-17,1900-01-01 14:51:00,14,Prawns,2,326.58,Meat & Seafood,569,7,14,17
1581,253,2024-02-24,1900-01-01 14:38:00,14,Biscuits,3,343.87,Snacks,338,2,14,24
1581,253,2024-02-24,1900-01-01 14:38:00,14,Face Wash,3,259.51,Personal Care,575,2,14,24
1581,253,2024-02-24,1900-01-01 14:38:00,14,Cookies,3,162.28,Bakery,415,2,14,24
1581,253,2024-02-24,1900-01-01 14:38:00,14,Bread,1,288.82,Bakery,796,2,14,24
1581,253,2024-02-24,1900-01-01 14:38:00,14,Prawns,3,239.06,Meat & Seafood,488,2,14,24
1582,81,2024-11-24,1900-01-01 18:31:00,18,Soda,2,203.71,Beverages,926,11,18,24
1582,81,2024-11-24,1900-01-01 18:31:00,18,Popcorn,2,408.18,Snacks,532,11,18,24
1582,81,2024-11-24,1900-01-01 18:31:00,18,Eggs,3,425.54,Dairy & Eggs,731,11,18,24
1582,81,2024-11-24,1900-01-01 18:31:00,18,Chocolate,1,424.01,Snacks,571,11,18,24
1582,81,2024-11-24,1900-01-01 18:31:00,18,Dishwashing Liquid,1,346.21,Household,207,11,18,24
1582,81,2024-11-24,1900-01-01 18:31:00,18,Chips,1,22.11,Snacks,368,11,18,24
1582,81,2024-11-24,1900-01-01 18:31:00,18,Orange,3,338.09,Fruits & Vegetables,318,11,18,24
1583,182,2024-04-12,1900-01-01 20:29:00,20,Shampoo,2,109.63,Personal Care,400,4,20,12
1583,182,2024-04-12,1900-01-01 20:29:00,20,Beef,1,159.55,Meat & Seafood,242,4,20,12
1583,182,2024-04-12,1900-01-01 20:29:00,20,Face Wash,2,375.61,Personal Care,833,4,20,12
1583,182,2024-04-12,1900-01-01 20:29:00,20,Marker,3,430.78,Stationery,366,4,20,12
1584,440,2024-03-22,1900-01-01 11:33:00,11,Spices,1,211.15,Grains & Staples,180,3,11,22
1584,440,2024-03-22,1900-01-01 11:33:00,11,Vitamins,3,220.47,Health & Wellness,342,3,11,22
1584,440,2024-03-22,1900-01-01 11:33:00,11,Mixer Grinder,2,180.02,Electronics,252,3,11,22
1584,440,2024-03-22,1900-01-01 11:33:00,11,Prawns,1,384.15,Meat & Seafood,599,3,11,22
1585,164,2024-11-27,1900-01-01 16:42:00,16,Orange,2,255.54,Fruits & Vegetables,627,11,16,27
1585,164,2024-11-27,1900-01-01 16:42:00,16,Belt,2,141.5,Clothing Accessories,235,11,16,27
1585,164,2024-11-27,1900-01-01 16:42:00,16,Chicken Breast,1,180.06,Meat & Seafood,342,11,16,27
1585,164,2024-11-27,1900-01-01 16:42:00,16,Eggs,1,80.68,Dairy & Eggs,904,11,16,27
1586,419,2024-09-29,1900-01-01 19:49:00,19,Chicken Breast,1,346.09,Meat & Seafood,925,9,19,29
1586,419,2024-09-29,1900-01-01 19:49:00,19,Diapers,2,305.08,Baby Care,134,9,19,29
1586,419,2024-09-29,1900-01-01 19:49:00,19,Orange,3,183.05,Fruits & Vegetables,267,9,19,29
1586,419,2024-09-29,1900-01-01 19:49:00,19,Milk,3,71.81,Dairy & Eggs,955,9,19,29
1586,419,2024-09-29,1900-01-01 19:49:00,19,Soda,3,286.09,Beverages,887,9,19,29
1586,419,2024-09-29,1900-01-01 19:49:00,19,Biscuits,2,224.82,Snacks,584,9,19,29
1586,419,2024-09-29,1900-01-01 19:49:00,19,Butter,2,346.89,Dairy & Eggs,198,9,19,29
1587,497,2024-06-07,1900-01-01 10:39:00,10,Charger,3,144.37,Electronics,720,6,10,7
1587,497,2024-06-07,1900-01-01 10:39:00,10,Butter,3,424.71,Dairy & Eggs,102,6,10,7
1587,497,2024-06-07,1900-01-01 10:39:00,10,Shirt,3,301.83,Clothing,718,6,10,7
1588,65,2024-04-03,1900-01-01 07:36:00,7,Pasta,2,142.09,Grains & Staples,960,4,7,3
1588,65,2024-04-03,1900-01-01 07:36:00,7,Pen,3,58.12,Stationery,404,4,7,3
1588,65,2024-04-03,1900-01-01 07:36:00,7,Lentils,2,310.42,Grains & Staples,398,4,7,3
1588,65,2024-04-03,1900-01-01 07:36:00,7,Cookies,1,226.69,Bakery,826,4,7,3
1588,65,2024-04-03,1900-01-01 07:36:00,7,Belt,2,395.52,Clothing Accessories,597,4,7,3
1588,65,2024-04-03,1900-01-01 07:36:00,7,Saree,2,200.63,Clothing,867,4,7,3
1588,65,2024-04-03,1900-01-01 07:36:00,7,Chicken Breast,3,191.24,Meat & Seafood,720,4,7,3
1589,24,2024-09-16,1900-01-01 18:43:00,18,Fish,1,488.62,Meat & Seafood,952,9,18,16
1589,24,2024-09-16,1900-01-01 18:43:00,18,Sugar,2,166.43,Grains & Staples,266,9,18,16
1589,24,2024-09-16,1900-01-01 18:43:00,18,Tomato,3,499.21,Fruits & Vegetables,318,9,18,16
1590,18,2024-10-16,1900-01-01 14:21:00,14,Spinach,1,90.38,Fruits & Vegetables,984,10,14,16
1590,18,2024-10-16,1900-01-01 14:21:00,14,Biscuits,3,270.84,Snacks,583,10,14,16
1590,18,2024-10-16,1900-01-01 14:21:00,14,Butter,3,374.74,Dairy & Eggs,268,10,14,16
1590,18,2024-10-16,1900-01-01 14:21:00,14,Cheese,2,306.09,Dairy & Eggs,741,10,14,16
1590,18,2024-10-16,1900-01-01 14:21:00,14,Wheat Flour,3,249.58,Grains & Staples,452,10,14,16
1590,18,2024-10-16,1900-01-01 14:21:00,14,Pasta,3,387.66,Grains & Staples,862,10,14,16
1590,18,2024-10-16,1900-01-01 14:21:00,14,Electric Kettle,2,59.0,Electronics,413,10,14,16
1591,386,2024-11-14,1900-01-01 07:30:00,7,Wheat Flour,3,446.9,Grains & Staples,948,11,7,14
1591,386,2024-11-14,1900-01-01 07:30:00,7,Baby Food,1,255.72,Baby Care,357,11,7,14
1591,386,2024-11-14,1900-01-01 07:30:00,7,Electric Kettle,3,325.23,Electronics,296,11,7,14
1591,386,2024-11-14,1900-01-01 07:30:00,7,Face Wash,1,75.48,Personal Care,165,11,7,14
1591,386,2024-11-14,1900-01-01 07:30:00,7,Mixer Grinder,1,132.52,Electronics,246,11,7,14
1592,94,2024-07-03,1900-01-01 20:54:00,20,Pasta,1,37.56,Grains & Staples,310,7,20,3
1592,94,2024-07-03,1900-01-01 20:54:00,20,Coffee,3,261.12,Beverages,567,7,20,3
1592,94,2024-07-03,1900-01-01 20:54:00,20,Educational Book,1,159.75,Books,676,7,20,3
1593,383,2024-03-12,1900-01-01 21:03:00,21,Phone Cover,1,64.19,Electronics,716,3,21,12
1593,383,2024-03-12,1900-01-01 21:03:00,21,Mixer Grinder,1,218.13,Electronics,507,3,21,12
1593,383,2024-03-12,1900-01-01 21:03:00,21,Butter,1,428.59,Dairy & Eggs,998,3,21,12
1593,383,2024-03-12,1900-01-01 21:03:00,21,Beef,3,97.14,Meat & Seafood,458,3,21,12
1593,383,2024-03-12,1900-01-01 21:03:00,21,Apple,1,231.14,Fruits & Vegetables,513,3,21,12
1593,383,2024-03-12,1900-01-01 21:03:00,21,Potato,1,47.47,Fruits & Vegetables,355,3,21,12
1593,383,2024-03-12,1900-01-01 21:03:00,21,Soap,2,335.56,Personal Care,507,3,21,12
1594,70,2024-11-29,1900-01-01 09:23:00,9,Belt,1,419.76,Clothing Accessories,707,11,9,29
1594,70,2024-11-29,1900-01-01 09:23:00,9,Pasta,1,34.89,Grains & Staples,578,11,9,29
1594,70,2024-11-29,1900-01-01 09:23:00,9,Potato,3,339.12,Fruits & Vegetables,456,11,9,29
1594,70,2024-11-29,1900-01-01 09:23:00,9,Saree,2,304.22,Clothing,299,11,9,29
1595,225,2024-04-01,1900-01-01 12:36:00,12,Bread,1,431.69,Bakery,667,4,12,1
1595,225,2024-04-01,1900-01-01 12:36:00,12,Fish,1,183.25,Meat & Seafood,573,4,12,1
1595,225,2024-04-01,1900-01-01 12:36:00,12,Butter,1,303.07,Dairy & Eggs,877,4,12,1
1595,225,2024-04-01,1900-01-01 12:36:00,12,Dishwashing Liquid,3,86.11,Household,694,4,12,1
1595,225,2024-04-01,1900-01-01 12:36:00,12,Saree,2,296.64,Clothing,388,4,12,1
1595,225,2024-04-01,1900-01-01 12:36:00,12,Spices,3,204.9,Grains & Staples,441,4,12,1
1595,225,2024-04-01,1900-01-01 12:36:00,12,Tissue,1,371.62,Household,284,4,12,1
1596,306,2024-03-18,1900-01-01 16:00:00,16,Face Wash,1,278.38,Personal Care,313,3,16,18
1596,306,2024-03-18,1900-01-01 16:00:00,16,Cake,1,21.32,Bakery,207,3,16,18
1596,306,2024-03-18,1900-01-01 16:00:00,16,Floor Cleaner,1,295.11,Household,962,3,16,18
1597,252,2024-01-02,1900-01-01 14:47:00,14,Chocolate,1,197.04,Snacks,603,1,14,2
1597,252,2024-01-02,1900-01-01 14:47:00,14,Bread,3,227.15,Bakery,209,1,14,2
1597,252,2024-01-02,1900-01-01 14:47:00,14,Tissue,2,436.46,Household,856,1,14,2
1597,252,2024-01-02,1900-01-01 14:47:00,14,Biscuits,2,50.68,Snacks,690,1,14,2
1597,252,2024-01-02,1900-01-01 14:47:00,14,Coffee,1,139.71,Beverages,229,1,14,2
1597,252,2024-01-02,1900-01-01 14:47:00,14,Cheese,3,204.43,Dairy & Eggs,793,1,14,2
1598,379,2024-08-19,1900-01-01 08:58:00,8,Sugar,3,200.91,Grains & Staples,657,8,8,19
1598,379,2024-08-19,1900-01-01 08:58:00,8,Pen,1,155.31,Stationery,570,8,8,19
1598,379,2024-08-19,1900-01-01 08:58:00,8,Dishwashing Liquid,1,177.58,Household,950,8,8,19
1598,379,2024-08-19,1900-01-01 08:58:00,8,Milk,1,372.15,Dairy & Eggs,558,8,8,19
1598,379,2024-08-19,1900-01-01 08:58:00,8,Fish,1,165.26,Meat & Seafood,711,8,8,19
1598,379,2024-08-19,1900-01-01 08:58:00,8,Rice,1,267.4,Grains & Staples,443,8,8,19
1598,379,2024-08-19,1900-01-01 08:58:00,8,Jeans,1,73.35,Clothing,507,8,8,19
1599,333,2024-06-11,1900-01-01 21:34:00,21,Tissue,1,475.12,Household,678,6,21,11
1599,333,2024-06-11,1900-01-01 21:34:00,21,Fiction Book,3,34.4,Books,492,6,21,11
1599,333,2024-06-11,1900-01-01 21:34:00,21,Potato,2,462.89,Fruits & Vegetables,290,6,21,11
1599,333,2024-06-11,1900-01-01 21:34:00,21,Juice,3,45.31,Beverages,501,6,21,11
1599,333,2024-06-11,1900-01-01 21:34:00,21,Fiction Book,2,391.72,Books,784,6,21,11
1599,333,2024-06-11,1900-01-01 21:34:00,21,Phone Cover,2,425.45,Electronics,824,6,21,11
1599,333,2024-06-11,1900-01-01 21:34:00,21,Vitamins,3,91.19,Health & Wellness,387,6,21,11
1600,16,2024-04-10,1900-01-01 06:46:00,6,Saree,3,386.62,Clothing,814,4,6,10
1600,16,2024-04-10,1900-01-01 06:46:00,6,Biscuits,2,30.21,Snacks,906,4,6,10
1600,16,2024-04-10,1900-01-01 06:46:00,6,Popcorn,2,53.86,Snacks,316,4,6,10
1600,16,2024-04-10,1900-01-01 06:46:00,6,Tomato,3,62.89,Fruits & Vegetables,258,4,6,10
1600,16,2024-04-10,1900-01-01 06:46:00,6,Cooking Oil,2,218.49,Grains & Staples,172,4,6,10
1601,64,2024-11-10,1900-01-01 07:47:00,7,Salt,1,105.57,Grains & Staples,421,11,7,10
1601,64,2024-11-10,1900-01-01 07:47:00,7,Orange,1,412.3,Fruits & Vegetables,728,11,7,10
1601,64,2024-11-10,1900-01-01 07:47:00,7,Soap,3,476.79,Personal Care,784,11,7,10
1601,64,2024-11-10,1900-01-01 07:47:00,7,Chicken Breast,3,127.77,Meat & Seafood,689,11,7,10
1601,64,2024-11-10,1900-01-01 07:47:00,7,Spinach,3,404.16,Fruits & Vegetables,325,11,7,10
1601,64,2024-11-10,1900-01-01 07:47:00,7,Pastry,1,125.03,Bakery,778,11,7,10
1602,95,2024-07-06,1900-01-01 15:19:00,15,Educational Book,3,339.5,Books,734,7,15,6
1602,95,2024-07-06,1900-01-01 15:19:00,15,Chips,3,120.84,Snacks,969,7,15,6
1602,95,2024-07-06,1900-01-01 15:19:00,15,Marker,3,420.44,Stationery,433,7,15,6
1603,467,2024-12-28,1900-01-01 12:31:00,12,Diapers,3,86.53,Baby Care,551,12,12,28
1603,467,2024-12-28,1900-01-01 12:31:00,12,Pasta,2,164.62,Grains & Staples,519,12,12,28
1603,467,2024-12-28,1900-01-01 12:31:00,12,Soda,3,353.81,Beverages,640,12,12,28
1603,467,2024-12-28,1900-01-01 12:31:00,12,Juice,3,420.1,Beverages,587,12,12,28
1604,454,2024-06-26,1900-01-01 20:15:00,20,Soda,3,99.57,Beverages,428,6,20,26
1604,454,2024-06-26,1900-01-01 20:15:00,20,Fiction Book,3,185.57,Books,969,6,20,26
1604,454,2024-06-26,1900-01-01 20:15:00,20,Diapers,3,334.9,Baby Care,612,6,20,26
1604,454,2024-06-26,1900-01-01 20:15:00,20,Toothpaste,1,482.68,Personal Care,975,6,20,26
1604,454,2024-06-26,1900-01-01 20:15:00,20,Prawns,1,282.42,Meat & Seafood,722,6,20,26
1604,454,2024-06-26,1900-01-01 20:15:00,20,Dress,3,490.09,Clothing,886,6,20,26
1605,90,2024-11-03,1900-01-01 18:42:00,18,Biscuits,3,21.1,Snacks,455,11,18,3
1605,90,2024-11-03,1900-01-01 18:42:00,18,Chips,2,368.49,Snacks,824,11,18,3
1605,90,2024-11-03,1900-01-01 18:42:00,18,Eggs,1,115.38,Dairy & Eggs,103,11,18,3
1605,90,2024-11-03,1900-01-01 18:42:00,18,Toothpaste,2,298.59,Personal Care,901,11,18,3
1605,90,2024-11-03,1900-01-01 18:42:00,18,Shampoo,2,325.27,Personal Care,604,11,18,3
1605,90,2024-11-03,1900-01-01 18:42:00,18,Earphones,2,14.0,Electronics,262,11,18,3
1605,90,2024-11-03,1900-01-01 18:42:00,18,Spices,2,315.34,Grains & Staples,961,11,18,3
1606,297,2024-09-04,1900-01-01 14:44:00,14,Detergent,2,140.96,Household,168,9,14,4
1606,297,2024-09-04,1900-01-01 14:44:00,14,Marker,2,415.63,Stationery,679,9,14,4
1606,297,2024-09-04,1900-01-01 14:44:00,14,Chicken Breast,2,355.63,Meat & Seafood,147,9,14,4
1606,297,2024-09-04,1900-01-01 14:44:00,14,Beef,2,132.82,Meat & Seafood,673,9,14,4
1606,297,2024-09-04,1900-01-01 14:44:00,14,Cookies,2,443.56,Bakery,169,9,14,4
1607,162,2024-12-20,1900-01-01 06:23:00,6,Rice,2,28.51,Grains & Staples,731,12,6,20
1607,162,2024-12-20,1900-01-01 06:23:00,6,Electric Kettle,3,329.1,Electronics,728,12,6,20
1607,162,2024-12-20,1900-01-01 06:23:00,6,Shoes,3,332.85,Footwear,120,12,6,20
1607,162,2024-12-20,1900-01-01 06:23:00,6,Chocolate,2,22.0,Snacks,577,12,6,20
1607,162,2024-12-20,1900-01-01 06:23:00,6,Apple,2,124.77,Fruits & Vegetables,447,12,6,20
1607,162,2024-12-20,1900-01-01 06:23:00,6,Pain Reliever,3,384.27,Health & Wellness,948,12,6,20
1607,162,2024-12-20,1900-01-01 06:23:00,6,Soap,1,113.49,Personal Care,563,12,6,20
1608,50,2024-06-16,1900-01-01 22:48:00,22,Pen,2,211.74,Stationery,548,6,22,16
1608,50,2024-06-16,1900-01-01 22:48:00,22,Sugar,1,456.24,Grains & Staples,134,6,22,16
1608,50,2024-06-16,1900-01-01 22:48:00,22,Belt,2,184.01,Clothing Accessories,630,6,22,16
1609,72,2024-08-09,1900-01-01 06:43:00,6,Fiction Book,2,168.12,Books,365,8,6,9
1609,72,2024-08-09,1900-01-01 06:43:00,6,Bread,2,309.79,Bakery,374,8,6,9
1609,72,2024-08-09,1900-01-01 06:43:00,6,Potato,3,466.12,Fruits & Vegetables,105,8,6,9
1610,329,2024-07-09,1900-01-01 06:41:00,6,Saree,2,14.35,Clothing,724,7,6,9
1610,329,2024-07-09,1900-01-01 06:41:00,6,Cheese,3,406.47,Dairy & Eggs,143,7,6,9
1610,329,2024-07-09,1900-01-01 06:41:00,6,Popcorn,1,412.4,Snacks,522,7,6,9
1610,329,2024-07-09,1900-01-01 06:41:00,6,Pastry,1,274.65,Bakery,287,7,6,9
1611,223,2024-08-21,1900-01-01 16:29:00,16,Diapers,2,264.35,Baby Care,914,8,16,21
1611,223,2024-08-21,1900-01-01 16:29:00,16,Belt,2,489.36,Clothing Accessories,178,8,16,21
1611,223,2024-08-21,1900-01-01 16:29:00,16,Shampoo,3,170.16,Personal Care,543,8,16,21
1611,223,2024-08-21,1900-01-01 16:29:00,16,Notebook,2,158.2,Stationery,925,8,16,21
1611,223,2024-08-21,1900-01-01 16:29:00,16,Eggs,3,491.88,Dairy & Eggs,348,8,16,21
1612,169,2024-06-27,1900-01-01 13:28:00,13,Earphones,1,76.35,Electronics,364,6,13,27
1612,169,2024-06-27,1900-01-01 13:28:00,13,Bread,1,169.89,Bakery,157,6,13,27
1612,169,2024-06-27,1900-01-01 13:28:00,13,Tomato,1,468.24,Fruits & Vegetables,196,6,13,27
1612,169,2024-06-27,1900-01-01 13:28:00,13,Cake,2,154.24,Bakery,384,6,13,27
1612,169,2024-06-27,1900-01-01 13:28:00,13,Notebook,1,251.63,Stationery,516,6,13,27
1613,492,2024-11-13,1900-01-01 18:34:00,18,Mixer Grinder,3,317.14,Electronics,495,11,18,13
1613,492,2024-11-13,1900-01-01 18:34:00,18,Biscuits,2,25.5,Snacks,223,11,18,13
1613,492,2024-11-13,1900-01-01 18:34:00,18,Baby Food,2,297.51,Baby Care,786,11,18,13
1613,492,2024-11-13,1900-01-01 18:34:00,18,Electric Kettle,2,211.8,Electronics,914,11,18,13
1613,492,2024-11-13,1900-01-01 18:34:00,18,Earphones,3,413.83,Electronics,395,11,18,13
1614,221,2024-08-10,1900-01-01 19:30:00,19,Tea,3,139.25,Beverages,286,8,19,10
1614,221,2024-08-10,1900-01-01 19:30:00,19,Fish,2,461.16,Meat & Seafood,675,8,19,10
1614,221,2024-08-10,1900-01-01 19:30:00,19,Electric Kettle,1,171.0,Electronics,290,8,19,10
1614,221,2024-08-10,1900-01-01 19:30:00,19,Milk,3,372.75,Dairy & Eggs,132,8,19,10
1614,221,2024-08-10,1900-01-01 19:30:00,19,Butter,2,274.07,Dairy & Eggs,759,8,19,10
1615,297,2024-08-06,1900-01-01 09:13:00,9,Cheese,3,216.79,Dairy & Eggs,840,8,9,6
1615,297,2024-08-06,1900-01-01 09:13:00,9,Marker,1,153.07,Stationery,213,8,9,6
1615,297,2024-08-06,1900-01-01 09:13:00,9,Shampoo,2,458.98,Personal Care,688,8,9,6
1615,297,2024-08-06,1900-01-01 09:13:00,9,Fish,1,183.75,Meat & Seafood,759,8,9,6
1615,297,2024-08-06,1900-01-01 09:13:00,9,Cheese,2,431.25,Dairy & Eggs,961,8,9,6
1615,297,2024-08-06,1900-01-01 09:13:00,9,Yogurt,2,444.15,Dairy & Eggs,576,8,9,6
1615,297,2024-08-06,1900-01-01 09:13:00,9,Phone Cover,3,183.35,Electronics,874,8,9,6
1616,346,2024-06-10,1900-01-01 21:28:00,21,Apple,2,176.14,Fruits & Vegetables,142,6,21,10
1616,346,2024-06-10,1900-01-01 21:28:00,21,Energy Drink,2,444.79,Beverages,821,6,21,10
1616,346,2024-06-10,1900-01-01 21:28:00,21,Potato,3,160.49,Fruits & Vegetables,610,6,21,10
1616,346,2024-06-10,1900-01-01 21:28:00,21,Pastry,1,370.98,Bakery,639,6,21,10
1616,346,2024-06-10,1900-01-01 21:28:00,21,Diapers,3,447.03,Baby Care,969,6,21,10
1617,133,2024-02-18,1900-01-01 07:01:00,7,Yogurt,3,380.7,Dairy & Eggs,620,2,7,18
1617,133,2024-02-18,1900-01-01 07:01:00,7,Chocolate,2,250.51,Snacks,528,2,7,18
1617,133,2024-02-18,1900-01-01 07:01:00,7,Sugar,2,320.24,Grains & Staples,387,2,7,18
1617,133,2024-02-18,1900-01-01 07:01:00,7,Detergent,2,265.61,Household,742,2,7,18
1617,133,2024-02-18,1900-01-01 07:01:00,7,Shampoo,1,181.07,Personal Care,899,2,7,18
1617,133,2024-02-18,1900-01-01 07:01:00,7,Shirt,3,310.68,Clothing,285,2,7,18
1617,133,2024-02-18,1900-01-01 07:01:00,7,Saree,2,214.92,Clothing,508,2,7,18
1618,209,2024-01-05,1900-01-01 17:42:00,17,Tomato,3,86.21,Fruits & Vegetables,108,1,17,5
1618,209,2024-01-05,1900-01-01 17:42:00,17,Shirt,3,229.65,Clothing,840,1,17,5
1618,209,2024-01-05,1900-01-01 17:42:00,17,Dress,1,227.42,Clothing,600,1,17,5
1618,209,2024-01-05,1900-01-01 17:42:00,17,Soap,3,214.58,Personal Care,642,1,17,5
1619,67,2024-01-07,1900-01-01 18:33:00,18,Baby Food,3,101.52,Baby Care,816,1,18,7
1619,67,2024-01-07,1900-01-01 18:33:00,18,Belt,1,71.91,Clothing Accessories,162,1,18,7
1619,67,2024-01-07,1900-01-01 18:33:00,18,Dishwashing Liquid,3,131.12,Household,553,1,18,7
1619,67,2024-01-07,1900-01-01 18:33:00,18,Tissue,1,218.18,Household,253,1,18,7
1619,67,2024-01-07,1900-01-01 18:33:00,18,Shoes,2,291.31,Footwear,100,1,18,7
1620,324,2024-01-08,1900-01-01 17:50:00,17,Shampoo,2,275.99,Personal Care,498,1,17,8
1620,324,2024-01-08,1900-01-01 17:50:00,17,Dishwashing Liquid,3,209.97,Household,707,1,17,8
1620,324,2024-01-08,1900-01-01 17:50:00,17,Eggs,1,191.69,Dairy & Eggs,975,1,17,8
1620,324,2024-01-08,1900-01-01 17:50:00,17,Prawns,3,260.95,Meat & Seafood,643,1,17,8
1621,23,2024-04-17,1900-01-01 16:03:00,16,Vitamins,2,353.6,Health & Wellness,474,4,16,17
1621,23,2024-04-17,1900-01-01 16:03:00,16,Shoes,1,211.79,Footwear,999,4,16,17
1621,23,2024-04-17,1900-01-01 16:03:00,16,Shirt,1,123.41,Clothing,663,4,16,17
1621,23,2024-04-17,1900-01-01 16:03:00,16,Baby Food,3,330.35,Baby Care,180,4,16,17
1621,23,2024-04-17,1900-01-01 16:03:00,16,Cooking Oil,3,49.47,Grains & Staples,947,4,16,17
1622,319,2024-03-09,1900-01-01 15:49:00,15,Prawns,1,184.93,Meat & Seafood,320,3,15,9
1622,319,2024-03-09,1900-01-01 15:49:00,15,Dishwashing Liquid,3,115.13,Household,281,3,15,9
1622,319,2024-03-09,1900-01-01 15:49:00,15,Energy Drink,3,471.66,Beverages,737,3,15,9
1622,319,2024-03-09,1900-01-01 15:49:00,15,Shoes,2,389.47,Footwear,349,3,15,9
1622,319,2024-03-09,1900-01-01 15:49:00,15,Pen,1,59.66,Stationery,658,3,15,9
1622,319,2024-03-09,1900-01-01 15:49:00,15,Popcorn,2,334.95,Snacks,301,3,15,9
1622,319,2024-03-09,1900-01-01 15:49:00,15,Tomato,3,358.72,Fruits & Vegetables,466,3,15,9
1623,254,2024-10-25,1900-01-01 06:24:00,6,Sugar,1,268.23,Grains & Staples,650,10,6,25
1623,254,2024-10-25,1900-01-01 06:24:00,6,Popcorn,1,27.64,Snacks,195,10,6,25
1623,254,2024-10-25,1900-01-01 06:24:00,6,Soap,2,101.09,Personal Care,547,10,6,25
1623,254,2024-10-25,1900-01-01 06:24:00,6,Beef,1,262.55,Meat & Seafood,793,10,6,25
1623,254,2024-10-25,1900-01-01 06:24:00,6,Toothpaste,2,12.56,Personal Care,427,10,6,25
1624,293,2024-08-11,1900-01-01 06:00:00,6,Tissue,1,377.22,Household,827,8,6,11
1624,293,2024-08-11,1900-01-01 06:00:00,6,Eggs,2,362.51,Dairy & Eggs,796,8,6,11
1624,293,2024-08-11,1900-01-01 06:00:00,6,Notebook,2,328.48,Stationery,820,8,6,11
1624,293,2024-08-11,1900-01-01 06:00:00,6,Cooking Oil,3,332.36,Grains & Staples,253,8,6,11
1624,293,2024-08-11,1900-01-01 06:00:00,6,Electric Kettle,3,47.51,Electronics,513,8,6,11
1625,491,2024-06-24,1900-01-01 15:01:00,15,Dishwashing Liquid,3,192.32,Household,778,6,15,24
1625,491,2024-06-24,1900-01-01 15:01:00,15,Phone Cover,1,445.34,Electronics,277,6,15,24
1625,491,2024-06-24,1900-01-01 15:01:00,15,Prawns,3,316.17,Meat & Seafood,935,6,15,24
1625,491,2024-06-24,1900-01-01 15:01:00,15,Coffee,2,244.69,Beverages,246,6,15,24
1625,491,2024-06-24,1900-01-01 15:01:00,15,Belt,2,329.51,Clothing Accessories,837,6,15,24
1625,491,2024-06-24,1900-01-01 15:01:00,15,Chocolate,3,339.55,Snacks,690,6,15,24
1625,491,2024-06-24,1900-01-01 15:01:00,15,Rice,1,351.9,Grains & Staples,953,6,15,24
1626,303,2024-09-03,1900-01-01 07:35:00,7,Spices,1,261.16,Grains & Staples,743,9,7,3
1626,303,2024-09-03,1900-01-01 07:35:00,7,Beef,3,313.47,Meat & Seafood,389,9,7,3
1626,303,2024-09-03,1900-01-01 07:35:00,7,Salt,3,89.44,Grains & Staples,847,9,7,3
1626,303,2024-09-03,1900-01-01 07:35:00,7,Juice,2,121.91,Beverages,720,9,7,3
1626,303,2024-09-03,1900-01-01 07:35:00,7,Eggs,3,111.48,Dairy & Eggs,595,9,7,3
1627,13,2024-03-09,1900-01-01 11:11:00,11,Soap,2,81.69,Personal Care,701,3,11,9
1627,13,2024-03-09,1900-01-01 11:11:00,11,Beef,2,494.59,Meat & Seafood,849,3,11,9
1627,13,2024-03-09,1900-01-01 11:11:00,11,Tissue,3,71.76,Household,772,3,11,9
1628,286,2024-07-20,1900-01-01 12:39:00,12,Tomato,2,459.24,Fruits & Vegetables,668,7,12,20
1628,286,2024-07-20,1900-01-01 12:39:00,12,Chocolate,1,67.79,Snacks,411,7,12,20
1628,286,2024-07-20,1900-01-01 12:39:00,12,Pasta,2,94.3,Grains & Staples,545,7,12,20
1628,286,2024-07-20,1900-01-01 12:39:00,12,Saree,3,302.65,Clothing,181,7,12,20
1628,286,2024-07-20,1900-01-01 12:39:00,12,Spinach,1,49.81,Fruits & Vegetables,481,7,12,20
1629,88,2024-12-20,1900-01-01 11:51:00,11,Apple,2,66.31,Fruits & Vegetables,420,12,11,20
1629,88,2024-12-20,1900-01-01 11:51:00,11,Carrot,2,347.7,Fruits & Vegetables,453,12,11,20
1629,88,2024-12-20,1900-01-01 11:51:00,11,Prawns,1,421.9,Meat & Seafood,704,12,11,20
1629,88,2024-12-20,1900-01-01 11:51:00,11,Milk,3,151.62,Dairy & Eggs,607,12,11,20
1629,88,2024-12-20,1900-01-01 11:51:00,11,Notebook,2,453.04,Stationery,378,12,11,20
1630,412,2024-08-28,1900-01-01 07:50:00,7,Charger,3,496.28,Electronics,846,8,7,28
1630,412,2024-08-28,1900-01-01 07:50:00,7,Coffee,3,476.58,Beverages,905,8,7,28
1630,412,2024-08-28,1900-01-01 07:50:00,7,Pastry,2,295.53,Bakery,685,8,7,28
1630,412,2024-08-28,1900-01-01 07:50:00,7,Diapers,3,212.83,Baby Care,609,8,7,28
1630,412,2024-08-28,1900-01-01 07:50:00,7,Fish,1,348.28,Meat & Seafood,374,8,7,28
1630,412,2024-08-28,1900-01-01 07:50:00,7,Diapers,1,488.94,Baby Care,558,8,7,28
1630,412,2024-08-28,1900-01-01 07:50:00,7,Charger,3,402.38,Electronics,509,8,7,28
1631,32,2024-05-24,1900-01-01 15:51:00,15,Tissue,2,425.28,Household,845,5,15,24
1631,32,2024-05-24,1900-01-01 15:51:00,15,Chips,1,250.32,Snacks,566,5,15,24
1631,32,2024-05-24,1900-01-01 15:51:00,15,Charger,3,240.62,Electronics,979,5,15,24
1631,32,2024-05-24,1900-01-01 15:51:00,15,Belt,1,291.37,Clothing Accessories,311,5,15,24
1632,122,2024-05-05,1900-01-01 13:48:00,13,Soda,3,346.61,Beverages,711,5,13,5
1632,122,2024-05-05,1900-01-01 13:48:00,13,Charger,1,354.6,Electronics,229,5,13,5
1632,122,2024-05-05,1900-01-01 13:48:00,13,Pen,2,436.99,Stationery,286,5,13,5
1632,122,2024-05-05,1900-01-01 13:48:00,13,Bread,3,154.26,Bakery,312,5,13,5
1632,122,2024-05-05,1900-01-01 13:48:00,13,Soap,2,200.58,Personal Care,185,5,13,5
1632,122,2024-05-05,1900-01-01 13:48:00,13,Prawns,3,247.8,Meat & Seafood,296,5,13,5
1633,463,2024-10-02,1900-01-01 07:40:00,7,Educational Book,2,382.24,Books,308,10,7,2
1633,463,2024-10-02,1900-01-01 07:40:00,7,Lentils,2,301.14,Grains & Staples,505,10,7,2
1633,463,2024-10-02,1900-01-01 07:40:00,7,Coffee,2,411.48,Beverages,773,10,7,2
1633,463,2024-10-02,1900-01-01 07:40:00,7,Shampoo,3,106.83,Personal Care,497,10,7,2
1634,367,2024-02-06,1900-01-01 09:24:00,9,Toothpaste,1,110.08,Personal Care,745,2,9,6
1634,367,2024-02-06,1900-01-01 09:24:00,9,Potato,3,459.57,Fruits & Vegetables,763,2,9,6
1634,367,2024-02-06,1900-01-01 09:24:00,9,Spinach,1,409.88,Fruits & Vegetables,824,2,9,6
1634,367,2024-02-06,1900-01-01 09:24:00,9,Butter,2,172.0,Dairy & Eggs,176,2,9,6
1634,367,2024-02-06,1900-01-01 09:24:00,9,Salt,1,24.5,Grains & Staples,329,2,9,6
1634,367,2024-02-06,1900-01-01 09:24:00,9,Popcorn,3,456.93,Snacks,505,2,9,6
1634,367,2024-02-06,1900-01-01 09:24:00,9,Jeans,1,315.92,Clothing,316,2,9,6
1635,467,2024-07-15,1900-01-01 22:55:00,22,Tea,3,184.1,Beverages,828,7,22,15
1635,467,2024-07-15,1900-01-01 22:55:00,22,Diapers,2,429.18,Baby Care,465,7,22,15
1635,467,2024-07-15,1900-01-01 22:55:00,22,Pen,3,94.28,Stationery,319,7,22,15
1635,467,2024-07-15,1900-01-01 22:55:00,22,Onion,2,234.41,Fruits & Vegetables,520,7,22,15
1635,467,2024-07-15,1900-01-01 22:55:00,22,Carrot,3,155.33,Fruits & Vegetables,691,7,22,15
1636,352,2024-12-25,1900-01-01 21:29:00,21,Eggs,2,12.34,Dairy & Eggs,918,12,21,25
1636,352,2024-12-25,1900-01-01 21:29:00,21,Face Wash,2,55.71,Personal Care,299,12,21,25
1636,352,2024-12-25,1900-01-01 21:29:00,21,Toothpaste,2,263.08,Personal Care,188,12,21,25
1636,352,2024-12-25,1900-01-01 21:29:00,21,Fish,1,472.7,Meat & Seafood,776,12,21,25
1636,352,2024-12-25,1900-01-01 21:29:00,21,Milk,3,70.44,Dairy & Eggs,490,12,21,25
1636,352,2024-12-25,1900-01-01 21:29:00,21,Cheese,3,484.46,Dairy & Eggs,913,12,21,25
1637,182,2024-07-15,1900-01-01 14:53:00,14,Pastry,3,155.53,Bakery,610,7,14,15
1637,182,2024-07-15,1900-01-01 14:53:00,14,Face Wash,1,279.66,Personal Care,920,7,14,15
1637,182,2024-07-15,1900-01-01 14:53:00,14,Educational Book,1,412.28,Books,624,7,14,15
1637,182,2024-07-15,1900-01-01 14:53:00,14,Wheat Flour,3,48.42,Grains & Staples,662,7,14,15
1637,182,2024-07-15,1900-01-01 14:53:00,14,Diapers,3,112.72,Baby Care,903,7,14,15
1637,182,2024-07-15,1900-01-01 14:53:00,14,Toilet Paper,3,19.74,Household,170,7,14,15
1637,182,2024-07-15,1900-01-01 14:53:00,14,Eggs,2,363.52,Dairy & Eggs,334,7,14,15
1638,300,2024-12-10,1900-01-01 11:05:00,11,Fish,3,294.09,Meat & Seafood,184,12,11,10
1638,300,2024-12-10,1900-01-01 11:05:00,11,Fish,1,421.56,Meat & Seafood,646,12,11,10
1638,300,2024-12-10,1900-01-01 11:05:00,11,Phone Cover,2,12.3,Electronics,920,12,11,10
1638,300,2024-12-10,1900-01-01 11:05:00,11,Prawns,2,356.73,Meat & Seafood,794,12,11,10
1638,300,2024-12-10,1900-01-01 11:05:00,11,Dress,2,493.19,Clothing,446,12,11,10
1639,299,2024-04-28,1900-01-01 12:04:00,12,Energy Drink,2,416.3,Beverages,239,4,12,28
1639,299,2024-04-28,1900-01-01 12:04:00,12,Toothpaste,1,370.17,Personal Care,382,4,12,28
1639,299,2024-04-28,1900-01-01 12:04:00,12,Dress,1,335.01,Clothing,264,4,12,28
1640,361,2024-11-12,1900-01-01 12:54:00,12,Dishwashing Liquid,1,311.7,Household,696,11,12,12
1640,361,2024-11-12,1900-01-01 12:54:00,12,Juice,2,187.95,Beverages,623,11,12,12
1640,361,2024-11-12,1900-01-01 12:54:00,12,Phone Cover,1,153.13,Electronics,607,11,12,12
1640,361,2024-11-12,1900-01-01 12:54:00,12,Fiction Book,3,85.39,Books,215,11,12,12
1640,361,2024-11-12,1900-01-01 12:54:00,12,Salt,3,336.65,Grains & Staples,561,11,12,12
1640,361,2024-11-12,1900-01-01 12:54:00,12,Dishwashing Liquid,2,120.37,Household,812,11,12,12
1641,54,2024-08-16,1900-01-01 18:18:00,18,Phone Cover,3,171.74,Electronics,801,8,18,16
1641,54,2024-08-16,1900-01-01 18:18:00,18,Electric Kettle,1,218.83,Electronics,997,8,18,16
1641,54,2024-08-16,1900-01-01 18:18:00,18,Spinach,1,117.88,Fruits & Vegetables,206,8,18,16
1641,54,2024-08-16,1900-01-01 18:18:00,18,Pen,3,424.09,Stationery,102,8,18,16
1641,54,2024-08-16,1900-01-01 18:18:00,18,Cookies,3,252.88,Bakery,465,8,18,16
1642,159,2024-07-16,1900-01-01 20:44:00,20,Electric Kettle,1,314.76,Electronics,646,7,20,16
1642,159,2024-07-16,1900-01-01 20:44:00,20,Pen,2,447.72,Stationery,444,7,20,16
1642,159,2024-07-16,1900-01-01 20:44:00,20,Charger,3,222.26,Electronics,853,7,20,16
1642,159,2024-07-16,1900-01-01 20:44:00,20,Pen,3,39.8,Stationery,679,7,20,16
1642,159,2024-07-16,1900-01-01 20:44:00,20,Chocolate,2,211.54,Snacks,809,7,20,16
1642,159,2024-07-16,1900-01-01 20:44:00,20,Bread,3,224.44,Bakery,773,7,20,16
1643,462,2024-12-05,1900-01-01 18:47:00,18,Toothpaste,3,233.54,Personal Care,624,12,18,5
1643,462,2024-12-05,1900-01-01 18:47:00,18,Wheat Flour,3,342.48,Grains & Staples,922,12,18,5
1643,462,2024-12-05,1900-01-01 18:47:00,18,Shampoo,1,484.8,Personal Care,125,12,18,5
1643,462,2024-12-05,1900-01-01 18:47:00,18,Pen,2,470.99,Stationery,193,12,18,5
1643,462,2024-12-05,1900-01-01 18:47:00,18,Pen,3,236.2,Stationery,825,12,18,5
1644,461,2024-07-24,1900-01-01 09:45:00,9,Belt,2,129.9,Clothing Accessories,976,7,9,24
1644,461,2024-07-24,1900-01-01 09:45:00,9,Beef,2,241.58,Meat & Seafood,681,7,9,24
1644,461,2024-07-24,1900-01-01 09:45:00,9,Bread,2,189.12,Bakery,717,7,9,24
1644,461,2024-07-24,1900-01-01 09:45:00,9,Bread,3,454.73,Bakery,451,7,9,24
1644,461,2024-07-24,1900-01-01 09:45:00,9,Tea,2,116.13,Beverages,733,7,9,24
1645,417,2024-12-28,1900-01-01 15:31:00,15,Prawns,2,428.19,Meat & Seafood,165,12,15,28
1645,417,2024-12-28,1900-01-01 15:31:00,15,Diapers,1,133.54,Baby Care,419,12,15,28
1645,417,2024-12-28,1900-01-01 15:31:00,15,Pain Reliever,3,230.28,Health & Wellness,787,12,15,28
1646,154,2024-12-30,1900-01-01 18:24:00,18,Soap,3,164.73,Personal Care,573,12,18,30
1646,154,2024-12-30,1900-01-01 18:24:00,18,Charger,1,243.94,Electronics,233,12,18,30
1646,154,2024-12-30,1900-01-01 18:24:00,18,Earphones,1,400.54,Electronics,190,12,18,30
1646,154,2024-12-30,1900-01-01 18:24:00,18,Spices,2,188.03,Grains & Staples,886,12,18,30
1646,154,2024-12-30,1900-01-01 18:24:00,18,Milk,1,13.61,Dairy & Eggs,468,12,18,30
1646,154,2024-12-30,1900-01-01 18:24:00,18,Baby Food,2,346.15,Baby Care,338,12,18,30
1647,267,2024-12-05,1900-01-01 11:03:00,11,Chocolate,1,85.85,Snacks,117,12,11,5
1647,267,2024-12-05,1900-01-01 11:03:00,11,Tomato,2,269.98,Fruits & Vegetables,438,12,11,5
1647,267,2024-12-05,1900-01-01 11:03:00,11,Soda,2,219.25,Beverages,520,12,11,5
1647,267,2024-12-05,1900-01-01 11:03:00,11,Cookies,3,315.05,Bakery,686,12,11,5
1647,267,2024-12-05,1900-01-01 11:03:00,11,Dress,1,116.23,Clothing,974,12,11,5
1647,267,2024-12-05,1900-01-01 11:03:00,11,Notebook,1,41.84,Stationery,930,12,11,5
1648,209,2024-10-03,1900-01-01 07:00:00,7,Pasta,1,491.69,Grains & Staples,552,10,7,3
1648,209,2024-10-03,1900-01-01 07:00:00,7,Saree,3,305.52,Clothing,300,10,7,3
1648,209,2024-10-03,1900-01-01 07:00:00,7,Chocolate,3,453.97,Snacks,637,10,7,3
1648,209,2024-10-03,1900-01-01 07:00:00,7,Pen,1,437.94,Stationery,473,10,7,3
1649,19,2024-02-28,1900-01-01 17:08:00,17,Cake,1,338.07,Bakery,926,2,17,28
1649,19,2024-02-28,1900-01-01 17:08:00,17,Beef,1,293.26,Meat & Seafood,435,2,17,28
1649,19,2024-02-28,1900-01-01 17:08:00,17,Yogurt,2,272.27,Dairy & Eggs,851,2,17,28
1650,322,2024-02-29,1900-01-01 16:53:00,16,Soap,2,280.81,Personal Care,514,2,16,29
1650,322,2024-02-29,1900-01-01 16:53:00,16,Carrot,3,147.34,Fruits & Vegetables,126,2,16,29
1650,322,2024-02-29,1900-01-01 16:53:00,16,Tissue,3,209.55,Household,475,2,16,29
1650,322,2024-02-29,1900-01-01 16:53:00,16,Notebook,2,67.55,Stationery,633,2,16,29
1650,322,2024-02-29,1900-01-01 16:53:00,16,Dress,3,489.55,Clothing,861,2,16,29
1650,322,2024-02-29,1900-01-01 16:53:00,16,Popcorn,1,171.06,Snacks,826,2,16,29
1651,291,2024-11-19,1900-01-01 06:12:00,6,Electric Kettle,3,140.29,Electronics,158,11,6,19
1651,291,2024-11-19,1900-01-01 06:12:00,6,Baby Food,3,228.06,Baby Care,711,11,6,19
1651,291,2024-11-19,1900-01-01 06:12:00,6,Prawns,1,284.31,Meat & Seafood,230,11,6,19
1651,291,2024-11-19,1900-01-01 06:12:00,6,Tomato,1,125.42,Fruits & Vegetables,417,11,6,19
1651,291,2024-11-19,1900-01-01 06:12:00,6,Butter,1,299.64,Dairy & Eggs,752,11,6,19
1652,225,2024-02-14,1900-01-01 20:54:00,20,Chicken Breast,3,94.68,Meat & Seafood,955,2,20,14
1652,225,2024-02-14,1900-01-01 20:54:00,20,Croissant,3,250.36,Bakery,310,2,20,14
1652,225,2024-02-14,1900-01-01 20:54:00,20,Tomato,3,462.64,Fruits & Vegetables,239,2,20,14
1652,225,2024-02-14,1900-01-01 20:54:00,20,Fiction Book,2,148.27,Books,869,2,20,14
1652,225,2024-02-14,1900-01-01 20:54:00,20,Notebook,1,212.11,Stationery,658,2,20,14
1653,96,2024-04-15,1900-01-01 22:08:00,22,Toilet Paper,2,290.08,Household,982,4,22,15
1653,96,2024-04-15,1900-01-01 22:08:00,22,Soap,1,160.52,Personal Care,663,4,22,15
1653,96,2024-04-15,1900-01-01 22:08:00,22,Cake,1,258.05,Bakery,409,4,22,15
1653,96,2024-04-15,1900-01-01 22:08:00,22,Earphones,1,303.13,Electronics,346,4,22,15
1653,96,2024-04-15,1900-01-01 22:08:00,22,Pastry,2,420.19,Bakery,572,4,22,15
1653,96,2024-04-15,1900-01-01 22:08:00,22,Pen,2,93.55,Stationery,682,4,22,15
1654,361,2024-10-28,1900-01-01 11:08:00,11,Cheese,3,336.09,Dairy & Eggs,929,10,11,28
1654,361,2024-10-28,1900-01-01 11:08:00,11,Cookies,2,303.4,Bakery,856,10,11,28
1654,361,2024-10-28,1900-01-01 11:08:00,11,Lentils,2,281.78,Grains & Staples,606,10,11,28
1654,361,2024-10-28,1900-01-01 11:08:00,11,Pasta,2,128.64,Grains & Staples,429,10,11,28
1655,343,2024-05-23,1900-01-01 11:59:00,11,Electric Kettle,2,369.38,Electronics,373,5,11,23
1655,343,2024-05-23,1900-01-01 11:59:00,11,Saree,2,428.91,Clothing,926,5,11,23
1655,343,2024-05-23,1900-01-01 11:59:00,11,Cake,1,406.23,Bakery,822,5,11,23
1655,343,2024-05-23,1900-01-01 11:59:00,11,Wheat Flour,1,199.13,Grains & Staples,297,5,11,23
1655,343,2024-05-23,1900-01-01 11:59:00,11,Floor Cleaner,3,325.16,Household,953,5,11,23
1655,343,2024-05-23,1900-01-01 11:59:00,11,Chocolate,3,94.23,Snacks,909,5,11,23
1655,343,2024-05-23,1900-01-01 11:59:00,11,Bread,2,400.61,Bakery,976,5,11,23
1656,403,2024-12-22,1900-01-01 11:25:00,11,Pen,3,458.7,Stationery,904,12,11,22
1656,403,2024-12-22,1900-01-01 11:25:00,11,Energy Drink,2,21.34,Beverages,345,12,11,22
1656,403,2024-12-22,1900-01-01 11:25:00,11,Tissue,1,71.62,Household,593,12,11,22
1656,403,2024-12-22,1900-01-01 11:25:00,11,Prawns,1,302.58,Meat & Seafood,201,12,11,22
1657,285,2024-10-15,1900-01-01 20:07:00,20,Orange,1,487.38,Fruits & Vegetables,113,10,20,15
1657,285,2024-10-15,1900-01-01 20:07:00,20,Spices,2,258.48,Grains & Staples,170,10,20,15
1657,285,2024-10-15,1900-01-01 20:07:00,20,Notebook,3,255.24,Stationery,616,10,20,15
1657,285,2024-10-15,1900-01-01 20:07:00,20,Carrot,3,388.9,Fruits & Vegetables,559,10,20,15
1657,285,2024-10-15,1900-01-01 20:07:00,20,Eggs,3,189.74,Dairy & Eggs,610,10,20,15
1658,53,2024-01-13,1900-01-01 13:34:00,13,Electric Kettle,1,255.45,Electronics,622,1,13,13
1658,53,2024-01-13,1900-01-01 13:34:00,13,Face Wash,1,238.19,Personal Care,466,1,13,13
1658,53,2024-01-13,1900-01-01 13:34:00,13,Shoes,2,336.17,Footwear,810,1,13,13
1658,53,2024-01-13,1900-01-01 13:34:00,13,Tissue,1,493.74,Household,247,1,13,13
1658,53,2024-01-13,1900-01-01 13:34:00,13,Potato,1,179.49,Fruits & Vegetables,562,1,13,13
1658,53,2024-01-13,1900-01-01 13:34:00,13,Spinach,3,317.59,Fruits & Vegetables,728,1,13,13
1659,469,2024-08-15,1900-01-01 19:23:00,19,Wheat Flour,3,270.3,Grains & Staples,989,8,19,15
1659,469,2024-08-15,1900-01-01 19:23:00,19,Pen,1,57.69,Stationery,897,8,19,15
1659,469,2024-08-15,1900-01-01 19:23:00,19,Lentils,2,366.72,Grains & Staples,874,8,19,15
1659,469,2024-08-15,1900-01-01 19:23:00,19,Juice,2,349.43,Beverages,788,8,19,15
1659,469,2024-08-15,1900-01-01 19:23:00,19,Spinach,1,289.22,Fruits & Vegetables,612,8,19,15
1659,469,2024-08-15,1900-01-01 19:23:00,19,Eggs,1,379.93,Dairy & Eggs,144,8,19,15
1659,469,2024-08-15,1900-01-01 19:23:00,19,Pen,3,475.68,Stationery,314,8,19,15
1660,252,2024-03-15,1900-01-01 16:53:00,16,Bread,2,332.86,Bakery,214,3,16,15
1660,252,2024-03-15,1900-01-01 16:53:00,16,Rice,3,250.84,Grains & Staples,597,3,16,15
1660,252,2024-03-15,1900-01-01 16:53:00,16,Shampoo,1,423.63,Personal Care,967,3,16,15
1660,252,2024-03-15,1900-01-01 16:53:00,16,Phone Cover,2,325.77,Electronics,705,3,16,15
1661,491,2024-01-02,1900-01-01 11:32:00,11,Saree,3,72.21,Clothing,525,1,11,2
1661,491,2024-01-02,1900-01-01 11:32:00,11,Toilet Paper,2,439.21,Household,353,1,11,2
1661,491,2024-01-02,1900-01-01 11:32:00,11,Tea,2,14.42,Beverages,299,1,11,2
1661,491,2024-01-02,1900-01-01 11:32:00,11,Floor Cleaner,2,380.1,Household,938,1,11,2
1662,139,2024-09-22,1900-01-01 10:59:00,10,Cooking Oil,3,345.32,Grains & Staples,103,9,10,22
1662,139,2024-09-22,1900-01-01 10:59:00,10,Marker,1,18.64,Stationery,501,9,10,22
1662,139,2024-09-22,1900-01-01 10:59:00,10,Jeans,2,401.17,Clothing,589,9,10,22
1663,303,2024-11-26,1900-01-01 12:36:00,12,Fiction Book,3,129.09,Books,557,11,12,26
1663,303,2024-11-26,1900-01-01 12:36:00,12,Sugar,1,129.66,Grains & Staples,385,11,12,26
1663,303,2024-11-26,1900-01-01 12:36:00,12,Butter,2,227.86,Dairy & Eggs,329,11,12,26
1663,303,2024-11-26,1900-01-01 12:36:00,12,Chips,1,21.04,Snacks,586,11,12,26
1664,167,2024-05-21,1900-01-01 17:21:00,17,Notebook,3,300.85,Stationery,113,5,17,21
1664,167,2024-05-21,1900-01-01 17:21:00,17,Face Wash,2,300.8,Personal Care,585,5,17,21
1664,167,2024-05-21,1900-01-01 17:21:00,17,Educational Book,2,141.09,Books,435,5,17,21
1664,167,2024-05-21,1900-01-01 17:21:00,17,Fish,2,431.41,Meat & Seafood,753,5,17,21
1664,167,2024-05-21,1900-01-01 17:21:00,17,Saree,1,22.1,Clothing,352,5,17,21
1664,167,2024-05-21,1900-01-01 17:21:00,17,Pasta,3,36.42,Grains & Staples,148,5,17,21
1664,167,2024-05-21,1900-01-01 17:21:00,17,Earphones,3,130.85,Electronics,158,5,17,21
1665,115,2024-11-22,1900-01-01 11:13:00,11,Shirt,3,99.78,Clothing,190,11,11,22
1665,115,2024-11-22,1900-01-01 11:13:00,11,Salt,3,331.1,Grains & Staples,347,11,11,22
1665,115,2024-11-22,1900-01-01 11:13:00,11,Juice,3,130.17,Beverages,673,11,11,22
1665,115,2024-11-22,1900-01-01 11:13:00,11,Pain Reliever,3,403.6,Health & Wellness,630,11,11,22
1665,115,2024-11-22,1900-01-01 11:13:00,11,Tomato,3,304.18,Fruits & Vegetables,778,11,11,22
1665,115,2024-11-22,1900-01-01 11:13:00,11,Saree,3,10.37,Clothing,352,11,11,22
1665,115,2024-11-22,1900-01-01 11:13:00,11,Soap,1,316.25,Personal Care,841,11,11,22
1666,383,2024-12-13,1900-01-01 17:09:00,17,Cheese,2,265.45,Dairy & Eggs,149,12,17,13
1666,383,2024-12-13,1900-01-01 17:09:00,17,Chocolate,3,292.51,Snacks,391,12,17,13
1666,383,2024-12-13,1900-01-01 17:09:00,17,Cooking Oil,1,283.55,Grains & Staples,464,12,17,13
1666,383,2024-12-13,1900-01-01 17:09:00,17,Wheat Flour,1,224.44,Grains & Staples,461,12,17,13
1666,383,2024-12-13,1900-01-01 17:09:00,17,Beef,2,157.21,Meat & Seafood,965,12,17,13
1666,383,2024-12-13,1900-01-01 17:09:00,17,Chips,2,147.91,Snacks,915,12,17,13
1667,211,2024-07-28,1900-01-01 22:06:00,22,Chicken Breast,3,375.62,Meat & Seafood,575,7,22,28
1667,211,2024-07-28,1900-01-01 22:06:00,22,Chips,2,379.7,Snacks,763,7,22,28
1667,211,2024-07-28,1900-01-01 22:06:00,22,Detergent,3,117.8,Household,455,7,22,28
1667,211,2024-07-28,1900-01-01 22:06:00,22,Pastry,1,131.29,Bakery,980,7,22,28
1667,211,2024-07-28,1900-01-01 22:06:00,22,Detergent,3,76.12,Household,921,7,22,28
1668,40,2024-05-03,1900-01-01 15:36:00,15,Notebook,1,307.4,Stationery,457,5,15,3
1668,40,2024-05-03,1900-01-01 15:36:00,15,Coffee,1,253.98,Beverages,249,5,15,3
1668,40,2024-05-03,1900-01-01 15:36:00,15,Dishwashing Liquid,2,460.07,Household,493,5,15,3
1668,40,2024-05-03,1900-01-01 15:36:00,15,Chicken Breast,3,498.29,Meat & Seafood,364,5,15,3
1668,40,2024-05-03,1900-01-01 15:36:00,15,Spinach,3,384.46,Fruits & Vegetables,961,5,15,3
1669,397,2024-06-07,1900-01-01 15:11:00,15,Pastry,2,343.11,Bakery,901,6,15,7
1669,397,2024-06-07,1900-01-01 15:11:00,15,Apple,3,306.98,Fruits & Vegetables,178,6,15,7
1669,397,2024-06-07,1900-01-01 15:11:00,15,Dishwashing Liquid,1,216.94,Household,762,6,15,7
1670,272,2024-08-17,1900-01-01 07:10:00,7,Tomato,2,419.5,Fruits & Vegetables,557,8,7,17
1670,272,2024-08-17,1900-01-01 07:10:00,7,Soap,2,449.82,Personal Care,843,8,7,17
1670,272,2024-08-17,1900-01-01 07:10:00,7,Chips,1,21.7,Snacks,887,8,7,17
1670,272,2024-08-17,1900-01-01 07:10:00,7,Toothpaste,2,381.31,Personal Care,322,8,7,17
1670,272,2024-08-17,1900-01-01 07:10:00,7,Spices,3,226.3,Grains & Staples,617,8,7,17
1670,272,2024-08-17,1900-01-01 07:10:00,7,Cooking Oil,1,445.71,Grains & Staples,858,8,7,17
1671,182,2024-09-07,1900-01-01 10:52:00,10,Toothpaste,1,337.11,Personal Care,773,9,10,7
1671,182,2024-09-07,1900-01-01 10:52:00,10,Butter,3,132.16,Dairy & Eggs,414,9,10,7
1671,182,2024-09-07,1900-01-01 10:52:00,10,Wheat Flour,3,361.17,Grains & Staples,600,9,10,7
1671,182,2024-09-07,1900-01-01 10:52:00,10,Belt,2,289.1,Clothing Accessories,799,9,10,7
1671,182,2024-09-07,1900-01-01 10:52:00,10,Shoes,2,499.85,Footwear,289,9,10,7
1671,182,2024-09-07,1900-01-01 10:52:00,10,Shirt,1,361.51,Clothing,300,9,10,7
1672,129,2024-11-17,1900-01-01 10:13:00,10,Cake,2,85.65,Bakery,409,11,10,17
1672,129,2024-11-17,1900-01-01 10:13:00,10,Belt,3,330.56,Clothing Accessories,313,11,10,17
1672,129,2024-11-17,1900-01-01 10:13:00,10,Cooking Oil,3,219.91,Grains & Staples,408,11,10,17
1672,129,2024-11-17,1900-01-01 10:13:00,10,Soda,3,342.98,Beverages,442,11,10,17
1672,129,2024-11-17,1900-01-01 10:13:00,10,Pasta,3,194.08,Grains & Staples,975,11,10,17
1673,195,2024-07-12,1900-01-01 15:02:00,15,Chocolate,3,419.44,Snacks,820,7,15,12
1673,195,2024-07-12,1900-01-01 15:02:00,15,Dishwashing Liquid,1,155.19,Household,470,7,15,12
1673,195,2024-07-12,1900-01-01 15:02:00,15,Spinach,3,154.94,Fruits & Vegetables,202,7,15,12
1673,195,2024-07-12,1900-01-01 15:02:00,15,Baby Food,1,32.56,Baby Care,445,7,15,12
1673,195,2024-07-12,1900-01-01 15:02:00,15,Spices,2,145.29,Grains & Staples,197,7,15,12
1673,195,2024-07-12,1900-01-01 15:02:00,15,Onion,1,290.22,Fruits & Vegetables,277,7,15,12
1674,112,2024-12-30,1900-01-01 08:24:00,8,Shirt,2,85.66,Clothing,226,12,8,30
1674,112,2024-12-30,1900-01-01 08:24:00,8,Toilet Paper,3,360.12,Household,583,12,8,30
1674,112,2024-12-30,1900-01-01 08:24:00,8,Earphones,3,79.25,Electronics,537,12,8,30
1674,112,2024-12-30,1900-01-01 08:24:00,8,Onion,2,189.84,Fruits & Vegetables,868,12,8,30
1674,112,2024-12-30,1900-01-01 08:24:00,8,Rice,2,246.6,Grains & Staples,330,12,8,30
1674,112,2024-12-30,1900-01-01 08:24:00,8,Apple,2,84.8,Fruits & Vegetables,867,12,8,30
1675,213,2024-05-28,1900-01-01 10:51:00,10,Pastry,2,29.43,Bakery,484,5,10,28
1675,213,2024-05-28,1900-01-01 10:51:00,10,Saree,1,30.22,Clothing,221,5,10,28
1675,213,2024-05-28,1900-01-01 10:51:00,10,Shirt,3,349.82,Clothing,251,5,10,28
1676,374,2024-03-01,1900-01-01 17:43:00,17,Toothpaste,2,359.85,Personal Care,911,3,17,1
1676,374,2024-03-01,1900-01-01 17:43:00,17,Pen,3,348.32,Stationery,402,3,17,1
1676,374,2024-03-01,1900-01-01 17:43:00,17,Cheese,2,328.17,Dairy & Eggs,848,3,17,1
1676,374,2024-03-01,1900-01-01 17:43:00,17,Sugar,2,349.23,Grains & Staples,322,3,17,1
1676,374,2024-03-01,1900-01-01 17:43:00,17,Coffee,2,228.07,Beverages,768,3,17,1
1676,374,2024-03-01,1900-01-01 17:43:00,17,Lentils,1,427.42,Grains & Staples,249,3,17,1
1677,116,2024-02-04,1900-01-01 08:55:00,8,Pen,1,393.39,Stationery,708,2,8,4
1677,116,2024-02-04,1900-01-01 08:55:00,8,Jeans,2,491.88,Clothing,450,2,8,4
1677,116,2024-02-04,1900-01-01 08:55:00,8,Cookies,1,100.43,Bakery,930,2,8,4
1677,116,2024-02-04,1900-01-01 08:55:00,8,Marker,2,389.31,Stationery,805,2,8,4
1677,116,2024-02-04,1900-01-01 08:55:00,8,Jeans,1,441.41,Clothing,935,2,8,4
1677,116,2024-02-04,1900-01-01 08:55:00,8,Beef,1,341.08,Meat & Seafood,992,2,8,4
1678,428,2024-05-04,1900-01-01 21:22:00,21,Apple,2,50.88,Fruits & Vegetables,403,5,21,4
1678,428,2024-05-04,1900-01-01 21:22:00,21,Baby Food,3,438.35,Baby Care,157,5,21,4
1678,428,2024-05-04,1900-01-01 21:22:00,21,Fish,2,398.62,Meat & Seafood,809,5,21,4
1678,428,2024-05-04,1900-01-01 21:22:00,21,Salt,3,82.43,Grains & Staples,456,5,21,4
1678,428,2024-05-04,1900-01-01 21:22:00,21,Wheat Flour,3,69.18,Grains & Staples,809,5,21,4
1678,428,2024-05-04,1900-01-01 21:22:00,21,Orange,1,296.7,Fruits & Vegetables,526,5,21,4
1679,33,2024-01-05,1900-01-01 09:49:00,9,Sugar,1,303.06,Grains & Staples,887,1,9,5
1679,33,2024-01-05,1900-01-01 09:49:00,9,Jeans,3,177.12,Clothing,888,1,9,5
1679,33,2024-01-05,1900-01-01 09:49:00,9,Dress,2,171.12,Clothing,230,1,9,5
1679,33,2024-01-05,1900-01-01 09:49:00,9,Coffee,2,236.51,Beverages,696,1,9,5
1679,33,2024-01-05,1900-01-01 09:49:00,9,Biscuits,2,63.51,Snacks,900,1,9,5
1679,33,2024-01-05,1900-01-01 09:49:00,9,Pastry,3,402.19,Bakery,263,1,9,5
1680,31,2024-05-05,1900-01-01 07:33:00,7,Face Wash,3,132.53,Personal Care,551,5,7,5
1680,31,2024-05-05,1900-01-01 07:33:00,7,Chocolate,3,19.01,Snacks,425,5,7,5
1680,31,2024-05-05,1900-01-01 07:33:00,7,Dishwashing Liquid,2,147.58,Household,634,5,7,5
1680,31,2024-05-05,1900-01-01 07:33:00,7,Soap,2,189.22,Personal Care,190,5,7,5
1680,31,2024-05-05,1900-01-01 07:33:00,7,Chocolate,3,46.38,Snacks,896,5,7,5
1680,31,2024-05-05,1900-01-01 07:33:00,7,Banana,2,458.34,Fruits & Vegetables,852,5,7,5
1681,410,2024-10-04,1900-01-01 19:59:00,19,Spices,1,327.98,Grains & Staples,169,10,19,4
1681,410,2024-10-04,1900-01-01 19:59:00,19,Chips,3,27.04,Snacks,315,10,19,4
1681,410,2024-10-04,1900-01-01 19:59:00,19,Spinach,1,98.88,Fruits & Vegetables,695,10,19,4
1681,410,2024-10-04,1900-01-01 19:59:00,19,Cookies,2,391.09,Bakery,493,10,19,4
1681,410,2024-10-04,1900-01-01 19:59:00,19,Cheese,2,207.77,Dairy & Eggs,246,10,19,4
1682,480,2024-05-23,1900-01-01 11:40:00,11,Face Wash,1,100.41,Personal Care,518,5,11,23
1682,480,2024-05-23,1900-01-01 11:40:00,11,Marker,1,60.19,Stationery,635,5,11,23
1682,480,2024-05-23,1900-01-01 11:40:00,11,Biscuits,3,317.71,Snacks,234,5,11,23
1682,480,2024-05-23,1900-01-01 11:40:00,11,Spinach,1,83.26,Fruits & Vegetables,402,5,11,23
1682,480,2024-05-23,1900-01-01 11:40:00,11,Toothpaste,3,354.13,Personal Care,983,5,11,23
1683,420,2024-01-25,1900-01-01 08:12:00,8,Chips,1,249.02,Snacks,849,1,8,25
1683,420,2024-01-25,1900-01-01 08:12:00,8,Vitamins,1,465.24,Health & Wellness,218,1,8,25
1683,420,2024-01-25,1900-01-01 08:12:00,8,Pain Reliever,3,133.59,Health & Wellness,871,1,8,25
1683,420,2024-01-25,1900-01-01 08:12:00,8,Phone Cover,2,254.41,Electronics,800,1,8,25
1683,420,2024-01-25,1900-01-01 08:12:00,8,Pasta,2,64.18,Grains & Staples,577,1,8,25
1683,420,2024-01-25,1900-01-01 08:12:00,8,Potato,2,230.09,Fruits & Vegetables,615,1,8,25
1683,420,2024-01-25,1900-01-01 08:12:00,8,Coffee,2,40.42,Beverages,143,1,8,25
1684,261,2024-01-20,1900-01-01 19:25:00,19,Soda,1,31.27,Beverages,641,1,19,20
1684,261,2024-01-20,1900-01-01 19:25:00,19,Energy Drink,3,204.37,Beverages,488,1,19,20
1684,261,2024-01-20,1900-01-01 19:25:00,19,Rice,3,48.28,Grains & Staples,521,1,19,20
1684,261,2024-01-20,1900-01-01 19:25:00,19,Banana,1,64.44,Fruits & Vegetables,564,1,19,20
1684,261,2024-01-20,1900-01-01 19:25:00,19,Chocolate,3,206.67,Snacks,930,1,19,20
1684,261,2024-01-20,1900-01-01 19:25:00,19,Mixer Grinder,1,472.37,Electronics,910,1,19,20
1685,40,2024-04-15,1900-01-01 22:27:00,22,Eggs,3,169.46,Dairy & Eggs,605,4,22,15
1685,40,2024-04-15,1900-01-01 22:27:00,22,Potato,2,358.77,Fruits & Vegetables,361,4,22,15
1685,40,2024-04-15,1900-01-01 22:27:00,22,Spinach,3,70.44,Fruits & Vegetables,601,4,22,15
1685,40,2024-04-15,1900-01-01 22:27:00,22,Dress,1,186.3,Clothing,564,4,22,15
1685,40,2024-04-15,1900-01-01 22:27:00,22,Face Wash,3,291.0,Personal Care,546,4,22,15
1685,40,2024-04-15,1900-01-01 22:27:00,22,Tomato,1,199.18,Fruits & Vegetables,985,4,22,15
1685,40,2024-04-15,1900-01-01 22:27:00,22,Lentils,1,379.77,Grains & Staples,950,4,22,15
1686,217,2024-06-16,1900-01-01 13:54:00,13,Pasta,1,106.64,Grains & Staples,317,6,13,16
1686,217,2024-06-16,1900-01-01 13:54:00,13,Diapers,2,67.11,Baby Care,794,6,13,16
1686,217,2024-06-16,1900-01-01 13:54:00,13,Dress,2,203.49,Clothing,227,6,13,16
1686,217,2024-06-16,1900-01-01 13:54:00,13,Mixer Grinder,1,272.24,Electronics,472,6,13,16
1687,405,2024-10-06,1900-01-01 12:42:00,12,Phone Cover,3,468.35,Electronics,526,10,12,6
1687,405,2024-10-06,1900-01-01 12:42:00,12,Pastry,2,73.03,Bakery,293,10,12,6
1687,405,2024-10-06,1900-01-01 12:42:00,12,Toothpaste,1,179.83,Personal Care,174,10,12,6
1687,405,2024-10-06,1900-01-01 12:42:00,12,Marker,1,435.46,Stationery,667,10,12,6
1687,405,2024-10-06,1900-01-01 12:42:00,12,Pain Reliever,2,178.18,Health & Wellness,190,10,12,6
1687,405,2024-10-06,1900-01-01 12:42:00,12,Tea,1,183.04,Beverages,797,10,12,6
1688,7,2024-02-21,1900-01-01 06:06:00,6,Spinach,3,216.84,Fruits & Vegetables,339,2,6,21
1688,7,2024-02-21,1900-01-01 06:06:00,6,Fish,1,481.21,Meat & Seafood,293,2,6,21
1688,7,2024-02-21,1900-01-01 06:06:00,6,Shirt,1,443.59,Clothing,932,2,6,21
1688,7,2024-02-21,1900-01-01 06:06:00,6,Salt,1,439.83,Grains & Staples,220,2,6,21
1688,7,2024-02-21,1900-01-01 06:06:00,6,Rice,3,267.4,Grains & Staples,793,2,6,21
1688,7,2024-02-21,1900-01-01 06:06:00,6,Dishwashing Liquid,3,314.7,Household,828,2,6,21
1688,7,2024-02-21,1900-01-01 06:06:00,6,Carrot,3,480.32,Fruits & Vegetables,123,2,6,21
1689,220,2024-04-25,1900-01-01 15:36:00,15,Banana,1,252.65,Fruits & Vegetables,133,4,15,25
1689,220,2024-04-25,1900-01-01 15:36:00,15,Bread,1,156.82,Bakery,662,4,15,25
1689,220,2024-04-25,1900-01-01 15:36:00,15,Potato,3,458.09,Fruits & Vegetables,610,4,15,25
1690,290,2024-04-29,1900-01-01 15:46:00,15,Pasta,3,108.4,Grains & Staples,314,4,15,29
1690,290,2024-04-29,1900-01-01 15:46:00,15,Beef,1,466.31,Meat & Seafood,316,4,15,29
1690,290,2024-04-29,1900-01-01 15:46:00,15,Pasta,1,76.66,Grains & Staples,420,4,15,29
1691,399,2024-01-15,1900-01-01 15:42:00,15,Chicken Breast,3,480.95,Meat & Seafood,115,1,15,15
1691,399,2024-01-15,1900-01-01 15:42:00,15,Croissant,3,242.38,Bakery,632,1,15,15
1691,399,2024-01-15,1900-01-01 15:42:00,15,Chicken Breast,1,121.74,Meat & Seafood,367,1,15,15
1691,399,2024-01-15,1900-01-01 15:42:00,15,Potato,2,362.72,Fruits & Vegetables,995,1,15,15
1691,399,2024-01-15,1900-01-01 15:42:00,15,Yogurt,1,18.11,Dairy & Eggs,868,1,15,15
1692,114,2024-02-08,1900-01-01 15:35:00,15,Mixer Grinder,3,83.01,Electronics,468,2,15,8
1692,114,2024-02-08,1900-01-01 15:35:00,15,Biscuits,2,159.34,Snacks,318,2,15,8
1692,114,2024-02-08,1900-01-01 15:35:00,15,Fiction Book,3,479.83,Books,903,2,15,8
1692,114,2024-02-08,1900-01-01 15:35:00,15,Chicken Breast,3,259.74,Meat & Seafood,277,2,15,8
1692,114,2024-02-08,1900-01-01 15:35:00,15,Carrot,3,428.36,Fruits & Vegetables,337,2,15,8
1692,114,2024-02-08,1900-01-01 15:35:00,15,Dishwashing Liquid,1,377.77,Household,440,2,15,8
1692,114,2024-02-08,1900-01-01 15:35:00,15,Pastry,2,246.43,Bakery,780,2,15,8
1693,401,2024-01-24,1900-01-01 07:27:00,7,Toilet Paper,3,246.64,Household,487,1,7,24
1693,401,2024-01-24,1900-01-01 07:27:00,7,Salt,1,64.66,Grains & Staples,215,1,7,24
1693,401,2024-01-24,1900-01-01 07:27:00,7,Soda,2,240.34,Beverages,983,1,7,24
1693,401,2024-01-24,1900-01-01 07:27:00,7,Belt,2,340.49,Clothing Accessories,757,1,7,24
1694,268,2024-02-23,1900-01-01 09:48:00,9,Fiction Book,2,121.7,Books,746,2,9,23
1694,268,2024-02-23,1900-01-01 09:48:00,9,Banana,2,211.08,Fruits & Vegetables,169,2,9,23
1694,268,2024-02-23,1900-01-01 09:48:00,9,Salt,3,353.5,Grains & Staples,247,2,9,23
1694,268,2024-02-23,1900-01-01 09:48:00,9,Educational Book,2,412.24,Books,265,2,9,23
1695,349,2024-05-21,1900-01-01 18:06:00,18,Tea,1,162.32,Beverages,195,5,18,21
1695,349,2024-05-21,1900-01-01 18:06:00,18,Detergent,1,31.17,Household,587,5,18,21
1695,349,2024-05-21,1900-01-01 18:06:00,18,Marker,2,375.29,Stationery,114,5,18,21
1695,349,2024-05-21,1900-01-01 18:06:00,18,Dishwashing Liquid,3,279.27,Household,774,5,18,21
1696,254,2024-06-27,1900-01-01 15:57:00,15,Marker,3,387.37,Stationery,611,6,15,27
1696,254,2024-06-27,1900-01-01 15:57:00,15,Potato,2,144.92,Fruits & Vegetables,431,6,15,27
1696,254,2024-06-27,1900-01-01 15:57:00,15,Spinach,3,108.71,Fruits & Vegetables,592,6,15,27
1697,329,2024-12-19,1900-01-01 08:49:00,8,Tea,3,239.01,Beverages,267,12,8,19
1697,329,2024-12-19,1900-01-01 08:49:00,8,Yogurt,2,329.39,Dairy & Eggs,662,12,8,19
1697,329,2024-12-19,1900-01-01 08:49:00,8,Carrot,2,414.75,Fruits & Vegetables,350,12,8,19
1697,329,2024-12-19,1900-01-01 08:49:00,8,Baby Food,1,121.7,Baby Care,248,12,8,19
1697,329,2024-12-19,1900-01-01 08:49:00,8,Rice,3,425.08,Grains & Staples,408,12,8,19
1697,329,2024-12-19,1900-01-01 08:49:00,8,Toilet Paper,2,301.57,Household,632,12,8,19
1698,275,2024-01-12,1900-01-01 17:44:00,17,Tissue,1,155.63,Household,369,1,17,12
1698,275,2024-01-12,1900-01-01 17:44:00,17,Cake,1,463.87,Bakery,210,1,17,12
1698,275,2024-01-12,1900-01-01 17:44:00,17,Cheese,1,94.81,Dairy & Eggs,396,1,17,12
1698,275,2024-01-12,1900-01-01 17:44:00,17,Face Wash,2,461.66,Personal Care,197,1,17,12
1699,348,2024-06-24,1900-01-01 21:54:00,21,Notebook,1,493.51,Stationery,222,6,21,24
1699,348,2024-06-24,1900-01-01 21:54:00,21,Chips,2,278.19,Snacks,766,6,21,24
1699,348,2024-06-24,1900-01-01 21:54:00,21,Shoes,2,259.47,Footwear,768,6,21,24
1699,348,2024-06-24,1900-01-01 21:54:00,21,Pain Reliever,3,80.65,Health & Wellness,705,6,21,24
1699,348,2024-06-24,1900-01-01 21:54:00,21,Croissant,3,465.1,Bakery,252,6,21,24
1699,348,2024-06-24,1900-01-01 21:54:00,21,Soda,3,319.5,Beverages,895,6,21,24
1700,194,2024-09-25,1900-01-01 20:31:00,20,Popcorn,3,419.21,Snacks,950,9,20,25
1700,194,2024-09-25,1900-01-01 20:31:00,20,Tomato,2,255.05,Fruits & Vegetables,748,9,20,25
1700,194,2024-09-25,1900-01-01 20:31:00,20,Fish,3,303.05,Meat & Seafood,423,9,20,25
1700,194,2024-09-25,1900-01-01 20:31:00,20,Educational Book,2,128.97,Books,856,9,20,25
1701,74,2024-12-25,1900-01-01 19:17:00,19,Yogurt,2,63.17,Dairy & Eggs,758,12,19,25
1701,74,2024-12-25,1900-01-01 19:17:00,19,Educational Book,2,271.43,Books,756,12,19,25
1701,74,2024-12-25,1900-01-01 19:17:00,19,Banana,3,140.81,Fruits & Vegetables,668,12,19,25
1701,74,2024-12-25,1900-01-01 19:17:00,19,Pain Reliever,2,421.88,Health & Wellness,933,12,19,25
1702,266,2024-10-15,1900-01-01 12:33:00,12,Cheese,2,24.47,Dairy & Eggs,718,10,12,15
1702,266,2024-10-15,1900-01-01 12:33:00,12,Carrot,2,76.97,Fruits & Vegetables,937,10,12,15
1702,266,2024-10-15,1900-01-01 12:33:00,12,Pen,2,157.81,Stationery,145,10,12,15
1702,266,2024-10-15,1900-01-01 12:33:00,12,Energy Drink,2,493.08,Beverages,887,10,12,15
1702,266,2024-10-15,1900-01-01 12:33:00,12,Rice,2,68.15,Grains & Staples,564,10,12,15
1702,266,2024-10-15,1900-01-01 12:33:00,12,Shampoo,1,130.14,Personal Care,558,10,12,15
1703,438,2024-09-18,1900-01-01 10:03:00,10,Tissue,2,26.87,Household,707,9,10,18
1703,438,2024-09-18,1900-01-01 10:03:00,10,Pen,3,302.73,Stationery,323,9,10,18
1703,438,2024-09-18,1900-01-01 10:03:00,10,Dress,1,240.91,Clothing,424,9,10,18
1703,438,2024-09-18,1900-01-01 10:03:00,10,Jeans,1,334.67,Clothing,679,9,10,18
1704,485,2024-08-06,1900-01-01 10:26:00,10,Cookies,1,71.55,Bakery,142,8,10,6
1704,485,2024-08-06,1900-01-01 10:26:00,10,Spinach,1,79.49,Fruits & Vegetables,438,8,10,6
1704,485,2024-08-06,1900-01-01 10:26:00,10,Sugar,1,156.67,Grains & Staples,357,8,10,6
1704,485,2024-08-06,1900-01-01 10:26:00,10,Milk,1,190.33,Dairy & Eggs,252,8,10,6
1704,485,2024-08-06,1900-01-01 10:26:00,10,Spinach,3,21.84,Fruits & Vegetables,432,8,10,6
1704,485,2024-08-06,1900-01-01 10:26:00,10,Onion,1,16.08,Fruits & Vegetables,178,8,10,6
1704,485,2024-08-06,1900-01-01 10:26:00,10,Shampoo,3,182.82,Personal Care,354,8,10,6
1705,45,2024-01-16,1900-01-01 13:23:00,13,Prawns,3,214.23,Meat & Seafood,461,1,13,16
1705,45,2024-01-16,1900-01-01 13:23:00,13,Cheese,1,435.45,Dairy & Eggs,917,1,13,16
1705,45,2024-01-16,1900-01-01 13:23:00,13,Earphones,3,59.07,Electronics,993,1,13,16
1705,45,2024-01-16,1900-01-01 13:23:00,13,Chips,2,112.98,Snacks,256,1,13,16
1705,45,2024-01-16,1900-01-01 13:23:00,13,Marker,1,252.04,Stationery,144,1,13,16
1705,45,2024-01-16,1900-01-01 13:23:00,13,Eggs,3,237.28,Dairy & Eggs,608,1,13,16
1705,45,2024-01-16,1900-01-01 13:23:00,13,Onion,1,205.98,Fruits & Vegetables,456,1,13,16
1706,452,2024-03-05,1900-01-01 06:27:00,6,Carrot,1,91.17,Fruits & Vegetables,750,3,6,5
1706,452,2024-03-05,1900-01-01 06:27:00,6,Pasta,3,129.18,Grains & Staples,839,3,6,5
1706,452,2024-03-05,1900-01-01 06:27:00,6,Cheese,1,483.71,Dairy & Eggs,800,3,6,5
1706,452,2024-03-05,1900-01-01 06:27:00,6,Salt,1,479.75,Grains & Staples,465,3,6,5
1706,452,2024-03-05,1900-01-01 06:27:00,6,Chocolate,2,213.25,Snacks,898,3,6,5
1706,452,2024-03-05,1900-01-01 06:27:00,6,Eggs,2,15.16,Dairy & Eggs,343,3,6,5
1707,247,2024-01-06,1900-01-01 08:35:00,8,Soda,3,274.66,Beverages,914,1,8,6
1707,247,2024-01-06,1900-01-01 08:35:00,8,Banana,1,327.29,Fruits & Vegetables,827,1,8,6
1707,247,2024-01-06,1900-01-01 08:35:00,8,Croissant,1,197.34,Bakery,167,1,8,6
1708,149,2024-10-15,1900-01-01 21:21:00,21,Charger,2,84.49,Electronics,436,10,21,15
1708,149,2024-10-15,1900-01-01 21:21:00,21,Diapers,1,313.46,Baby Care,680,10,21,15
1708,149,2024-10-15,1900-01-01 21:21:00,21,Belt,1,465.7,Clothing Accessories,706,10,21,15
1709,30,2024-01-27,1900-01-01 09:42:00,9,Fish,1,468.22,Meat & Seafood,449,1,9,27
1709,30,2024-01-27,1900-01-01 09:42:00,9,Orange,1,35.81,Fruits & Vegetables,650,1,9,27
1709,30,2024-01-27,1900-01-01 09:42:00,9,Spinach,2,353.88,Fruits & Vegetables,499,1,9,27
1709,30,2024-01-27,1900-01-01 09:42:00,9,Toilet Paper,1,385.52,Household,905,1,9,27
1709,30,2024-01-27,1900-01-01 09:42:00,9,Soda,2,162.43,Beverages,953,1,9,27
1709,30,2024-01-27,1900-01-01 09:42:00,9,Banana,3,206.95,Fruits & Vegetables,764,1,9,27
1709,30,2024-01-27,1900-01-01 09:42:00,9,Milk,1,246.79,Dairy & Eggs,755,1,9,27
1710,232,2024-09-28,1900-01-01 09:39:00,9,Jeans,1,355.7,Clothing,112,9,9,28
1710,232,2024-09-28,1900-01-01 09:39:00,9,Orange,2,419.49,Fruits & Vegetables,649,9,9,28
1710,232,2024-09-28,1900-01-01 09:39:00,9,Butter,1,463.59,Dairy & Eggs,278,9,9,28
1710,232,2024-09-28,1900-01-01 09:39:00,9,Pain Reliever,1,226.58,Health & Wellness,727,9,9,28
1710,232,2024-09-28,1900-01-01 09:39:00,9,Tissue,2,151.12,Household,571,9,9,28
1710,232,2024-09-28,1900-01-01 09:39:00,9,Face Wash,2,470.47,Personal Care,726,9,9,28
1710,232,2024-09-28,1900-01-01 09:39:00,9,Notebook,3,436.94,Stationery,238,9,9,28
1711,487,2024-10-07,1900-01-01 07:52:00,7,Popcorn,2,491.46,Snacks,956,10,7,7
1711,487,2024-10-07,1900-01-01 07:52:00,7,Juice,1,324.49,Beverages,793,10,7,7
1711,487,2024-10-07,1900-01-01 07:52:00,7,Marker,3,497.79,Stationery,665,10,7,7
1711,487,2024-10-07,1900-01-01 07:52:00,7,Rice,3,153.28,Grains & Staples,490,10,7,7
1712,222,2024-07-08,1900-01-01 21:15:00,21,Detergent,3,274.23,Household,349,7,21,8
1712,222,2024-07-08,1900-01-01 21:15:00,21,Coffee,3,132.45,Beverages,567,7,21,8
1712,222,2024-07-08,1900-01-01 21:15:00,21,Dress,1,307.45,Clothing,737,7,21,8
1712,222,2024-07-08,1900-01-01 21:15:00,21,Earphones,1,32.5,Electronics,705,7,21,8
1712,222,2024-07-08,1900-01-01 21:15:00,21,Butter,3,187.08,Dairy & Eggs,756,7,21,8
1712,222,2024-07-08,1900-01-01 21:15:00,21,Vitamins,2,260.21,Health & Wellness,478,7,21,8
1712,222,2024-07-08,1900-01-01 21:15:00,21,Marker,1,150.38,Stationery,649,7,21,8
1713,284,2024-03-14,1900-01-01 16:37:00,16,Croissant,1,62.64,Bakery,111,3,16,14
1713,284,2024-03-14,1900-01-01 16:37:00,16,Vitamins,3,175.05,Health & Wellness,443,3,16,14
1713,284,2024-03-14,1900-01-01 16:37:00,16,Floor Cleaner,3,171.18,Household,692,3,16,14
1713,284,2024-03-14,1900-01-01 16:37:00,16,Educational Book,2,342.3,Books,226,3,16,14
1713,284,2024-03-14,1900-01-01 16:37:00,16,Toilet Paper,3,93.33,Household,477,3,16,14
1714,360,2024-10-26,1900-01-01 22:46:00,22,Onion,2,130.7,Fruits & Vegetables,853,10,22,26
1714,360,2024-10-26,1900-01-01 22:46:00,22,Cooking Oil,3,203.57,Grains & Staples,513,10,22,26
1714,360,2024-10-26,1900-01-01 22:46:00,22,Energy Drink,2,102.16,Beverages,777,10,22,26
1714,360,2024-10-26,1900-01-01 22:46:00,22,Salt,3,228.97,Grains & Staples,813,10,22,26
1714,360,2024-10-26,1900-01-01 22:46:00,22,Detergent,2,301.47,Household,886,10,22,26
1714,360,2024-10-26,1900-01-01 22:46:00,22,Dress,3,139.76,Clothing,824,10,22,26
1715,6,2024-08-27,1900-01-01 14:54:00,14,Lentils,2,473.72,Grains & Staples,130,8,14,27
1715,6,2024-08-27,1900-01-01 14:54:00,14,Belt,2,405.49,Clothing Accessories,829,8,14,27
1715,6,2024-08-27,1900-01-01 14:54:00,14,Diapers,2,451.8,Baby Care,542,8,14,27
1715,6,2024-08-27,1900-01-01 14:54:00,14,Fish,3,174.45,Meat & Seafood,152,8,14,27
1715,6,2024-08-27,1900-01-01 14:54:00,14,Tea,3,106.24,Beverages,357,8,14,27
1715,6,2024-08-27,1900-01-01 14:54:00,14,Cake,1,122.02,Bakery,441,8,14,27
1716,329,2024-08-04,1900-01-01 18:22:00,18,Notebook,2,85.74,Stationery,979,8,18,4
1716,329,2024-08-04,1900-01-01 18:22:00,18,Onion,1,13.09,Fruits & Vegetables,558,8,18,4
1716,329,2024-08-04,1900-01-01 18:22:00,18,Cake,1,102.03,Bakery,372,8,18,4
1716,329,2024-08-04,1900-01-01 18:22:00,18,Onion,3,77.02,Fruits & Vegetables,527,8,18,4
1716,329,2024-08-04,1900-01-01 18:22:00,18,Rice,3,369.28,Grains & Staples,860,8,18,4
1716,329,2024-08-04,1900-01-01 18:22:00,18,Banana,3,234.19,Fruits & Vegetables,276,8,18,4
1716,329,2024-08-04,1900-01-01 18:22:00,18,Eggs,3,342.86,Dairy & Eggs,706,8,18,4
1717,365,2024-01-03,1900-01-01 07:57:00,7,Beef,1,447.96,Meat & Seafood,341,1,7,3
1717,365,2024-01-03,1900-01-01 07:57:00,7,Diapers,1,361.6,Baby Care,584,1,7,3
1717,365,2024-01-03,1900-01-01 07:57:00,7,Baby Food,1,86.39,Baby Care,941,1,7,3
1718,478,2024-04-08,1900-01-01 20:38:00,20,Mixer Grinder,2,271.65,Electronics,263,4,20,8
1718,478,2024-04-08,1900-01-01 20:38:00,20,Chicken Breast,1,298.97,Meat & Seafood,292,4,20,8
1718,478,2024-04-08,1900-01-01 20:38:00,20,Tea,3,165.9,Beverages,603,4,20,8
1718,478,2024-04-08,1900-01-01 20:38:00,20,Earphones,1,252.79,Electronics,363,4,20,8
1718,478,2024-04-08,1900-01-01 20:38:00,20,Bread,1,376.43,Bakery,711,4,20,8
1718,478,2024-04-08,1900-01-01 20:38:00,20,Prawns,2,466.39,Meat & Seafood,688,4,20,8
1718,478,2024-04-08,1900-01-01 20:38:00,20,Coffee,3,312.22,Beverages,907,4,20,8
1719,316,2024-04-24,1900-01-01 17:32:00,17,Shampoo,1,184.05,Personal Care,596,4,17,24
1719,316,2024-04-24,1900-01-01 17:32:00,17,Prawns,2,157.89,Meat & Seafood,879,4,17,24
1719,316,2024-04-24,1900-01-01 17:32:00,17,Earphones,1,336.56,Electronics,922,4,17,24
1720,70,2024-02-14,1900-01-01 08:13:00,8,Dress,2,85.18,Clothing,848,2,8,14
1720,70,2024-02-14,1900-01-01 08:13:00,8,Shoes,2,215.9,Footwear,323,2,8,14
1720,70,2024-02-14,1900-01-01 08:13:00,8,Shirt,1,417.65,Clothing,684,2,8,14
1720,70,2024-02-14,1900-01-01 08:13:00,8,Diapers,2,313.34,Baby Care,300,2,8,14
1720,70,2024-02-14,1900-01-01 08:13:00,8,Yogurt,2,465.23,Dairy & Eggs,621,2,8,14
1720,70,2024-02-14,1900-01-01 08:13:00,8,Energy Drink,3,386.86,Beverages,664,2,8,14
1721,218,2024-06-25,1900-01-01 16:53:00,16,Potato,1,227.99,Fruits & Vegetables,774,6,16,25
1721,218,2024-06-25,1900-01-01 16:53:00,16,Bread,3,277.5,Bakery,580,6,16,25
1721,218,2024-06-25,1900-01-01 16:53:00,16,Pastry,1,236.47,Bakery,150,6,16,25
1721,218,2024-06-25,1900-01-01 16:53:00,16,Shoes,1,16.1,Footwear,449,6,16,25
1721,218,2024-06-25,1900-01-01 16:53:00,16,Toothpaste,3,348.12,Personal Care,571,6,16,25
1722,452,2024-08-13,1900-01-01 15:59:00,15,Pen,2,410.87,Stationery,917,8,15,13
1722,452,2024-08-13,1900-01-01 15:59:00,15,Wheat Flour,2,404.48,Grains & Staples,212,8,15,13
1722,452,2024-08-13,1900-01-01 15:59:00,15,Tomato,3,297.69,Fruits & Vegetables,554,8,15,13
1722,452,2024-08-13,1900-01-01 15:59:00,15,Croissant,3,245.58,Bakery,658,8,15,13
1722,452,2024-08-13,1900-01-01 15:59:00,15,Coffee,1,18.88,Beverages,979,8,15,13
1723,140,2024-02-25,1900-01-01 18:08:00,18,Saree,2,266.8,Clothing,209,2,18,25
1723,140,2024-02-25,1900-01-01 18:08:00,18,Cooking Oil,2,200.06,Grains & Staples,514,2,18,25
1723,140,2024-02-25,1900-01-01 18:08:00,18,Chocolate,3,241.22,Snacks,359,2,18,25
1723,140,2024-02-25,1900-01-01 18:08:00,18,Beef,2,176.77,Meat & Seafood,318,2,18,25
1723,140,2024-02-25,1900-01-01 18:08:00,18,Chips,3,211.52,Snacks,434,2,18,25
1723,140,2024-02-25,1900-01-01 18:08:00,18,Biscuits,2,60.04,Snacks,372,2,18,25
1724,80,2024-05-07,1900-01-01 19:28:00,19,Beef,2,466.7,Meat & Seafood,436,5,19,7
1724,80,2024-05-07,1900-01-01 19:28:00,19,Mixer Grinder,3,419.86,Electronics,391,5,19,7
1724,80,2024-05-07,1900-01-01 19:28:00,19,Fiction Book,1,33.25,Books,613,5,19,7
1725,63,2024-12-19,1900-01-01 16:46:00,16,Milk,2,467.99,Dairy & Eggs,299,12,16,19
1725,63,2024-12-19,1900-01-01 16:46:00,16,Chips,1,26.46,Snacks,233,12,16,19
1725,63,2024-12-19,1900-01-01 16:46:00,16,Tomato,2,489.61,Fruits & Vegetables,583,12,16,19
1725,63,2024-12-19,1900-01-01 16:46:00,16,Cookies,3,12.49,Bakery,246,12,16,19
1725,63,2024-12-19,1900-01-01 16:46:00,16,Fiction Book,2,336.29,Books,738,12,16,19
1725,63,2024-12-19,1900-01-01 16:46:00,16,Floor Cleaner,2,465.94,Household,399,12,16,19
1725,63,2024-12-19,1900-01-01 16:46:00,16,Coffee,2,408.13,Beverages,474,12,16,19
1726,23,2024-07-22,1900-01-01 16:29:00,16,Juice,2,219.95,Beverages,422,7,16,22
1726,23,2024-07-22,1900-01-01 16:29:00,16,Toilet Paper,2,158.94,Household,230,7,16,22
1726,23,2024-07-22,1900-01-01 16:29:00,16,Spices,1,232.28,Grains & Staples,334,7,16,22
1726,23,2024-07-22,1900-01-01 16:29:00,16,Cake,1,351.41,Bakery,983,7,16,22
1726,23,2024-07-22,1900-01-01 16:29:00,16,Earphones,3,464.31,Electronics,740,7,16,22
1727,276,2024-10-24,1900-01-01 19:48:00,19,Prawns,1,195.18,Meat & Seafood,253,10,19,24
1727,276,2024-10-24,1900-01-01 19:48:00,19,Diapers,3,467.01,Baby Care,357,10,19,24
1727,276,2024-10-24,1900-01-01 19:48:00,19,Phone Cover,2,374.86,Electronics,724,10,19,24
1727,276,2024-10-24,1900-01-01 19:48:00,19,Belt,3,237.33,Clothing Accessories,723,10,19,24
1727,276,2024-10-24,1900-01-01 19:48:00,19,Jeans,1,470.89,Clothing,207,10,19,24
1728,233,2024-09-04,1900-01-01 16:04:00,16,Tissue,3,444.17,Household,491,9,16,4
1728,233,2024-09-04,1900-01-01 16:04:00,16,Spices,1,185.34,Grains & Staples,620,9,16,4
1728,233,2024-09-04,1900-01-01 16:04:00,16,Baby Food,3,193.7,Baby Care,581,9,16,4
1728,233,2024-09-04,1900-01-01 16:04:00,16,Lentils,3,432.29,Grains & Staples,111,9,16,4
1728,233,2024-09-04,1900-01-01 16:04:00,16,Tomato,2,143.76,Fruits & Vegetables,291,9,16,4
1729,166,2024-03-16,1900-01-01 19:29:00,19,Pain Reliever,2,357.32,Health & Wellness,977,3,19,16
1729,166,2024-03-16,1900-01-01 19:29:00,19,Croissant,2,342.93,Bakery,153,3,19,16
1729,166,2024-03-16,1900-01-01 19:29:00,19,Soda,1,261.74,Beverages,726,3,19,16
1729,166,2024-03-16,1900-01-01 19:29:00,19,Orange,1,441.29,Fruits & Vegetables,233,3,19,16
1729,166,2024-03-16,1900-01-01 19:29:00,19,Bread,3,287.69,Bakery,893,3,19,16
1729,166,2024-03-16,1900-01-01 19:29:00,19,Shirt,2,28.91,Clothing,939,3,19,16
1730,455,2024-12-17,1900-01-01 12:18:00,12,Fish,3,169.63,Meat & Seafood,591,12,12,17
1730,455,2024-12-17,1900-01-01 12:18:00,12,Face Wash,2,232.34,Personal Care,564,12,12,17
1730,455,2024-12-17,1900-01-01 12:18:00,12,Pain Reliever,3,492.3,Health & Wellness,122,12,12,17
1730,455,2024-12-17,1900-01-01 12:18:00,12,Spices,2,490.13,Grains & Staples,618,12,12,17
1731,7,2024-01-23,1900-01-01 21:30:00,21,Pasta,2,35.07,Grains & Staples,888,1,21,23
1731,7,2024-01-23,1900-01-01 21:30:00,21,Apple,1,40.92,Fruits & Vegetables,952,1,21,23
1731,7,2024-01-23,1900-01-01 21:30:00,21,Beef,3,298.69,Meat & Seafood,342,1,21,23
1731,7,2024-01-23,1900-01-01 21:30:00,21,Orange,1,455.34,Fruits & Vegetables,134,1,21,23
1732,228,2024-02-01,1900-01-01 08:36:00,8,Spices,1,133.42,Grains & Staples,760,2,8,1
1732,228,2024-02-01,1900-01-01 08:36:00,8,Floor Cleaner,3,496.78,Household,784,2,8,1
1732,228,2024-02-01,1900-01-01 08:36:00,8,Fish,2,183.21,Meat & Seafood,175,2,8,1
1732,228,2024-02-01,1900-01-01 08:36:00,8,Mixer Grinder,3,98.08,Electronics,213,2,8,1
1732,228,2024-02-01,1900-01-01 08:36:00,8,Juice,2,394.72,Beverages,301,2,8,1
1732,228,2024-02-01,1900-01-01 08:36:00,8,Phone Cover,3,475.74,Electronics,455,2,8,1
1733,132,2024-06-29,1900-01-01 22:37:00,22,Prawns,3,312.6,Meat & Seafood,643,6,22,29
1733,132,2024-06-29,1900-01-01 22:37:00,22,Earphones,3,130.61,Electronics,173,6,22,29
1733,132,2024-06-29,1900-01-01 22:37:00,22,Sugar,1,114.87,Grains & Staples,645,6,22,29
1733,132,2024-06-29,1900-01-01 22:37:00,22,Biscuits,1,401.67,Snacks,722,6,22,29
1733,132,2024-06-29,1900-01-01 22:37:00,22,Dishwashing Liquid,1,253.49,Household,634,6,22,29
1733,132,2024-06-29,1900-01-01 22:37:00,22,Pen,3,127.25,Stationery,751,6,22,29
1733,132,2024-06-29,1900-01-01 22:37:00,22,Fish,3,28.16,Meat & Seafood,872,6,22,29
1734,456,2024-05-14,1900-01-01 10:24:00,10,Prawns,3,176.8,Meat & Seafood,984,5,10,14
1734,456,2024-05-14,1900-01-01 10:24:00,10,Vitamins,1,14.73,Health & Wellness,872,5,10,14
1734,456,2024-05-14,1900-01-01 10:24:00,10,Belt,1,230.27,Clothing Accessories,806,5,10,14
1735,429,2024-05-10,1900-01-01 17:49:00,17,Chips,1,248.97,Snacks,613,5,17,10
1735,429,2024-05-10,1900-01-01 17:49:00,17,Soap,3,495.58,Personal Care,584,5,17,10
1735,429,2024-05-10,1900-01-01 17:49:00,17,Apple,1,319.41,Fruits & Vegetables,232,5,17,10
1735,429,2024-05-10,1900-01-01 17:49:00,17,Marker,3,135.52,Stationery,438,5,17,10
1735,429,2024-05-10,1900-01-01 17:49:00,17,Pain Reliever,2,12.4,Health & Wellness,554,5,17,10
1735,429,2024-05-10,1900-01-01 17:49:00,17,Salt,2,254.71,Grains & Staples,249,5,17,10
1735,429,2024-05-10,1900-01-01 17:49:00,17,Cheese,2,286.62,Dairy & Eggs,732,5,17,10
1736,67,2024-04-01,1900-01-01 14:18:00,14,Shirt,2,127.2,Clothing,172,4,14,1
1736,67,2024-04-01,1900-01-01 14:18:00,14,Shampoo,3,11.45,Personal Care,209,4,14,1
1736,67,2024-04-01,1900-01-01 14:18:00,14,Butter,2,323.32,Dairy & Eggs,421,4,14,1
1737,31,2024-01-11,1900-01-01 06:26:00,6,Apple,2,98.32,Fruits & Vegetables,937,1,6,11
1737,31,2024-01-11,1900-01-01 06:26:00,6,Energy Drink,2,152.48,Beverages,153,1,6,11
1737,31,2024-01-11,1900-01-01 06:26:00,6,Pastry,1,41.32,Bakery,761,1,6,11
1737,31,2024-01-11,1900-01-01 06:26:00,6,Electric Kettle,3,93.01,Electronics,322,1,6,11
1737,31,2024-01-11,1900-01-01 06:26:00,6,Dishwashing Liquid,2,402.97,Household,583,1,6,11
1737,31,2024-01-11,1900-01-01 06:26:00,6,Bread,3,232.45,Bakery,745,1,6,11
1737,31,2024-01-11,1900-01-01 06:26:00,6,Sugar,3,413.29,Grains & Staples,461,1,6,11
1738,315,2024-08-29,1900-01-01 18:21:00,18,Pen,2,462.66,Stationery,112,8,18,29
1738,315,2024-08-29,1900-01-01 18:21:00,18,Bread,1,301.04,Bakery,872,8,18,29
1738,315,2024-08-29,1900-01-01 18:21:00,18,Cookies,1,393.49,Bakery,192,8,18,29
1738,315,2024-08-29,1900-01-01 18:21:00,18,Marker,2,464.55,Stationery,269,8,18,29
1738,315,2024-08-29,1900-01-01 18:21:00,18,Notebook,3,399.31,Stationery,532,8,18,29
1738,315,2024-08-29,1900-01-01 18:21:00,18,Wheat Flour,3,303.72,Grains & Staples,437,8,18,29
1739,17,2024-08-10,1900-01-01 19:01:00,19,Spices,1,194.37,Grains & Staples,539,8,19,10
1739,17,2024-08-10,1900-01-01 19:01:00,19,Cookies,2,23.94,Bakery,370,8,19,10
1739,17,2024-08-10,1900-01-01 19:01:00,19,Notebook,2,466.26,Stationery,970,8,19,10
1739,17,2024-08-10,1900-01-01 19:01:00,19,Chicken Breast,1,70.44,Meat & Seafood,931,8,19,10
1740,381,2024-06-18,1900-01-01 10:45:00,10,Rice,2,394.32,Grains & Staples,370,6,10,18
1740,381,2024-06-18,1900-01-01 10:45:00,10,Cake,3,226.52,Bakery,343,6,10,18
1740,381,2024-06-18,1900-01-01 10:45:00,10,Notebook,2,190.45,Stationery,368,6,10,18
1740,381,2024-06-18,1900-01-01 10:45:00,10,Eggs,1,151.15,Dairy & Eggs,732,6,10,18
1740,381,2024-06-18,1900-01-01 10:45:00,10,Popcorn,3,297.77,Snacks,203,6,10,18
1740,381,2024-06-18,1900-01-01 10:45:00,10,Dress,2,433.89,Clothing,928,6,10,18
1741,341,2024-07-04,1900-01-01 08:43:00,8,Saree,1,97.03,Clothing,901,7,8,4
1741,341,2024-07-04,1900-01-01 08:43:00,8,Dress,2,284.67,Clothing,650,7,8,4
1741,341,2024-07-04,1900-01-01 08:43:00,8,Prawns,2,423.14,Meat & Seafood,646,7,8,4
1741,341,2024-07-04,1900-01-01 08:43:00,8,Eggs,2,25.65,Dairy & Eggs,647,7,8,4
1741,341,2024-07-04,1900-01-01 08:43:00,8,Fiction Book,1,59.88,Books,845,7,8,4
1742,65,2024-08-25,1900-01-01 18:00:00,18,Tea,3,72.63,Beverages,570,8,18,25
1742,65,2024-08-25,1900-01-01 18:00:00,18,Potato,3,151.3,Fruits & Vegetables,109,8,18,25
1742,65,2024-08-25,1900-01-01 18:00:00,18,Detergent,1,263.54,Household,372,8,18,25
1742,65,2024-08-25,1900-01-01 18:00:00,18,Soap,3,242.05,Personal Care,311,8,18,25
1742,65,2024-08-25,1900-01-01 18:00:00,18,Eggs,2,347.39,Dairy & Eggs,232,8,18,25
1742,65,2024-08-25,1900-01-01 18:00:00,18,Potato,3,51.28,Fruits & Vegetables,147,8,18,25
1742,65,2024-08-25,1900-01-01 18:00:00,18,Soap,1,321.84,Personal Care,528,8,18,25
1743,85,2024-09-17,1900-01-01 10:30:00,10,Sugar,3,349.76,Grains & Staples,962,9,10,17
1743,85,2024-09-17,1900-01-01 10:30:00,10,Notebook,1,169.51,Stationery,426,9,10,17
1743,85,2024-09-17,1900-01-01 10:30:00,10,Cooking Oil,1,260.03,Grains & Staples,659,9,10,17
1743,85,2024-09-17,1900-01-01 10:30:00,10,Rice,3,450.96,Grains & Staples,570,9,10,17
1744,111,2024-12-30,1900-01-01 11:21:00,11,Energy Drink,3,134.52,Beverages,312,12,11,30
1744,111,2024-12-30,1900-01-01 11:21:00,11,Popcorn,3,396.88,Snacks,997,12,11,30
1744,111,2024-12-30,1900-01-01 11:21:00,11,Prawns,3,89.5,Meat & Seafood,687,12,11,30
1744,111,2024-12-30,1900-01-01 11:21:00,11,Energy Drink,2,169.99,Beverages,910,12,11,30
1744,111,2024-12-30,1900-01-01 11:21:00,11,Tea,1,343.37,Beverages,798,12,11,30
1744,111,2024-12-30,1900-01-01 11:21:00,11,Chocolate,3,343.29,Snacks,260,12,11,30
1744,111,2024-12-30,1900-01-01 11:21:00,11,Spices,1,454.97,Grains & Staples,412,12,11,30
1745,32,2024-06-06,1900-01-01 17:01:00,17,Cookies,2,291.89,Bakery,510,6,17,6
1745,32,2024-06-06,1900-01-01 17:01:00,17,Pasta,1,431.14,Grains & Staples,517,6,17,6
1745,32,2024-06-06,1900-01-01 17:01:00,17,Croissant,2,276.0,Bakery,481,6,17,6
1745,32,2024-06-06,1900-01-01 17:01:00,17,Soda,1,300.8,Beverages,344,6,17,6
1746,372,2024-01-28,1900-01-01 16:02:00,16,Cooking Oil,3,460.71,Grains & Staples,804,1,16,28
1746,372,2024-01-28,1900-01-01 16:02:00,16,Prawns,3,157.89,Meat & Seafood,135,1,16,28
1746,372,2024-01-28,1900-01-01 16:02:00,16,Orange,1,212.27,Fruits & Vegetables,813,1,16,28
1746,372,2024-01-28,1900-01-01 16:02:00,16,Notebook,2,336.75,Stationery,827,1,16,28
1747,42,2024-03-16,1900-01-01 21:50:00,21,Belt,3,433.1,Clothing Accessories,647,3,21,16
1747,42,2024-03-16,1900-01-01 21:50:00,21,Chicken Breast,1,299.38,Meat & Seafood,136,3,21,16
1747,42,2024-03-16,1900-01-01 21:50:00,21,Electric Kettle,3,457.92,Electronics,811,3,21,16
1747,42,2024-03-16,1900-01-01 21:50:00,21,Eggs,3,95.75,Dairy & Eggs,992,3,21,16
1747,42,2024-03-16,1900-01-01 21:50:00,21,Electric Kettle,1,475.72,Electronics,286,3,21,16
1747,42,2024-03-16,1900-01-01 21:50:00,21,Popcorn,1,308.35,Snacks,108,3,21,16
1747,42,2024-03-16,1900-01-01 21:50:00,21,Bread,3,83.59,Bakery,907,3,21,16
1748,403,2024-07-04,1900-01-01 17:38:00,17,Soda,3,384.17,Beverages,808,7,17,4
1748,403,2024-07-04,1900-01-01 17:38:00,17,Face Wash,3,260.47,Personal Care,921,7,17,4
1748,403,2024-07-04,1900-01-01 17:38:00,17,Cooking Oil,1,179.43,Grains & Staples,219,7,17,4
1748,403,2024-07-04,1900-01-01 17:38:00,17,Pastry,2,462.99,Bakery,469,7,17,4
1749,391,2024-01-26,1900-01-01 20:19:00,20,Phone Cover,1,494.59,Electronics,734,1,20,26
1749,391,2024-01-26,1900-01-01 20:19:00,20,Charger,2,153.28,Electronics,351,1,20,26
1749,391,2024-01-26,1900-01-01 20:19:00,20,Floor Cleaner,3,189.32,Household,277,1,20,26
1749,391,2024-01-26,1900-01-01 20:19:00,20,Toilet Paper,3,465.19,Household,279,1,20,26
1750,346,2024-06-15,1900-01-01 17:51:00,17,Face Wash,3,329.18,Personal Care,598,6,17,15
1750,346,2024-06-15,1900-01-01 17:51:00,17,Energy Drink,2,419.2,Beverages,794,6,17,15
1750,346,2024-06-15,1900-01-01 17:51:00,17,Cooking Oil,1,235.36,Grains & Staples,562,6,17,15
1751,36,2024-01-04,1900-01-01 07:40:00,7,Tissue,3,441.77,Household,643,1,7,4
1751,36,2024-01-04,1900-01-01 07:40:00,7,Toothpaste,1,372.96,Personal Care,295,1,7,4
1751,36,2024-01-04,1900-01-01 07:40:00,7,Tissue,3,11.28,Household,537,1,7,4
1751,36,2024-01-04,1900-01-01 07:40:00,7,Cheese,1,374.49,Dairy & Eggs,162,1,7,4
1752,273,2024-12-06,1900-01-01 06:58:00,6,Phone Cover,3,279.13,Electronics,196,12,6,6
1752,273,2024-12-06,1900-01-01 06:58:00,6,Charger,1,336.62,Electronics,204,12,6,6
1752,273,2024-12-06,1900-01-01 06:58:00,6,Detergent,1,377.5,Household,779,12,6,6
1752,273,2024-12-06,1900-01-01 06:58:00,6,Vitamins,2,195.75,Health & Wellness,407,12,6,6
1752,273,2024-12-06,1900-01-01 06:58:00,6,Educational Book,1,14.43,Books,677,12,6,6
1752,273,2024-12-06,1900-01-01 06:58:00,6,Cooking Oil,3,218.08,Grains & Staples,260,12,6,6
1752,273,2024-12-06,1900-01-01 06:58:00,6,Croissant,1,437.74,Bakery,189,12,6,6
1753,461,2024-12-02,1900-01-01 19:51:00,19,Beef,2,175.27,Meat & Seafood,994,12,19,2
1753,461,2024-12-02,1900-01-01 19:51:00,19,Baby Food,3,10.37,Baby Care,161,12,19,2
1753,461,2024-12-02,1900-01-01 19:51:00,19,Notebook,2,63.36,Stationery,469,12,19,2
1754,28,2024-01-31,1900-01-01 10:10:00,10,Wheat Flour,3,13.56,Grains & Staples,541,1,10,31
1754,28,2024-01-31,1900-01-01 10:10:00,10,Cheese,2,212.88,Dairy & Eggs,726,1,10,31
1754,28,2024-01-31,1900-01-01 10:10:00,10,Dress,1,434.53,Clothing,475,1,10,31
1754,28,2024-01-31,1900-01-01 10:10:00,10,Fiction Book,3,175.64,Books,276,1,10,31
1754,28,2024-01-31,1900-01-01 10:10:00,10,Apple,3,147.19,Fruits & Vegetables,724,1,10,31
1754,28,2024-01-31,1900-01-01 10:10:00,10,Coffee,3,191.56,Beverages,131,1,10,31
1754,28,2024-01-31,1900-01-01 10:10:00,10,Mixer Grinder,1,203.36,Electronics,797,1,10,31
1755,472,2024-04-25,1900-01-01 10:06:00,10,Dishwashing Liquid,2,216.16,Household,173,4,10,25
1755,472,2024-04-25,1900-01-01 10:06:00,10,Chocolate,2,487.6,Snacks,845,4,10,25
1755,472,2024-04-25,1900-01-01 10:06:00,10,Apple,2,483.68,Fruits & Vegetables,274,4,10,25
1755,472,2024-04-25,1900-01-01 10:06:00,10,Cheese,2,337.51,Dairy & Eggs,917,4,10,25
1755,472,2024-04-25,1900-01-01 10:06:00,10,Tea,1,63.61,Beverages,482,4,10,25
1756,413,2024-07-11,1900-01-01 11:14:00,11,Croissant,3,139.72,Bakery,205,7,11,11
1756,413,2024-07-11,1900-01-01 11:14:00,11,Rice,3,108.4,Grains & Staples,147,7,11,11
1756,413,2024-07-11,1900-01-01 11:14:00,11,Coffee,2,487.12,Beverages,863,7,11,11
1756,413,2024-07-11,1900-01-01 11:14:00,11,Butter,1,393.9,Dairy & Eggs,827,7,11,11
1756,413,2024-07-11,1900-01-01 11:14:00,11,Cake,2,159.06,Bakery,401,7,11,11
1757,67,2024-05-11,1900-01-01 11:48:00,11,Electric Kettle,3,26.12,Electronics,815,5,11,11
1757,67,2024-05-11,1900-01-01 11:48:00,11,Bread,3,33.11,Bakery,621,5,11,11
1757,67,2024-05-11,1900-01-01 11:48:00,11,Wheat Flour,1,490.06,Grains & Staples,558,5,11,11
1757,67,2024-05-11,1900-01-01 11:48:00,11,Juice,2,205.2,Beverages,477,5,11,11
1757,67,2024-05-11,1900-01-01 11:48:00,11,Shirt,1,210.96,Clothing,363,5,11,11
1757,67,2024-05-11,1900-01-01 11:48:00,11,Jeans,2,191.67,Clothing,599,5,11,11
1758,111,2024-03-11,1900-01-01 10:29:00,10,Energy Drink,1,82.36,Beverages,227,3,10,11
1758,111,2024-03-11,1900-01-01 10:29:00,10,Yogurt,3,470.47,Dairy & Eggs,547,3,10,11
1758,111,2024-03-11,1900-01-01 10:29:00,10,Charger,3,299.4,Electronics,367,3,10,11
1758,111,2024-03-11,1900-01-01 10:29:00,10,Coffee,1,92.97,Beverages,800,3,10,11
1758,111,2024-03-11,1900-01-01 10:29:00,10,Toothpaste,3,385.15,Personal Care,135,3,10,11
1758,111,2024-03-11,1900-01-01 10:29:00,10,Chocolate,3,176.58,Snacks,767,3,10,11
1758,111,2024-03-11,1900-01-01 10:29:00,10,Lentils,1,226.02,Grains & Staples,930,3,10,11
1759,229,2024-02-03,1900-01-01 14:48:00,14,Educational Book,1,359.84,Books,109,2,14,3
1759,229,2024-02-03,1900-01-01 14:48:00,14,Mixer Grinder,3,38.83,Electronics,104,2,14,3
1759,229,2024-02-03,1900-01-01 14:48:00,14,Cake,2,64.65,Bakery,126,2,14,3
1759,229,2024-02-03,1900-01-01 14:48:00,14,Diapers,2,330.45,Baby Care,113,2,14,3
1760,93,2024-05-02,1900-01-01 13:11:00,13,Apple,2,174.77,Fruits & Vegetables,369,5,13,2
1760,93,2024-05-02,1900-01-01 13:11:00,13,Biscuits,2,474.02,Snacks,923,5,13,2
1760,93,2024-05-02,1900-01-01 13:11:00,13,Fish,3,399.81,Meat & Seafood,816,5,13,2
1760,93,2024-05-02,1900-01-01 13:11:00,13,Banana,1,260.82,Fruits & Vegetables,303,5,13,2
1760,93,2024-05-02,1900-01-01 13:11:00,13,Spices,3,214.6,Grains & Staples,104,5,13,2
1760,93,2024-05-02,1900-01-01 13:11:00,13,Beef,3,44.19,Meat & Seafood,177,5,13,2
1761,184,2024-04-06,1900-01-01 10:00:00,10,Fiction Book,3,12.76,Books,360,4,10,6
1761,184,2024-04-06,1900-01-01 10:00:00,10,Notebook,1,369.69,Stationery,465,4,10,6
1761,184,2024-04-06,1900-01-01 10:00:00,10,Mixer Grinder,3,495.34,Electronics,636,4,10,6
1761,184,2024-04-06,1900-01-01 10:00:00,10,Baby Food,2,476.51,Baby Care,992,4,10,6
1761,184,2024-04-06,1900-01-01 10:00:00,10,Onion,3,355.37,Fruits & Vegetables,656,4,10,6
1762,8,2024-09-04,1900-01-01 08:44:00,8,Belt,3,214.26,Clothing Accessories,842,9,8,4
1762,8,2024-09-04,1900-01-01 08:44:00,8,Dishwashing Liquid,1,20.04,Household,220,9,8,4
1762,8,2024-09-04,1900-01-01 08:44:00,8,Carrot,3,380.73,Fruits & Vegetables,653,9,8,4
1763,461,2024-03-15,1900-01-01 09:30:00,9,Popcorn,3,110.39,Snacks,229,3,9,15
1763,461,2024-03-15,1900-01-01 09:30:00,9,Earphones,1,492.7,Electronics,449,3,9,15
1763,461,2024-03-15,1900-01-01 09:30:00,9,Cookies,3,364.33,Bakery,728,3,9,15
1763,461,2024-03-15,1900-01-01 09:30:00,9,Notebook,1,405.2,Stationery,339,3,9,15
1763,461,2024-03-15,1900-01-01 09:30:00,9,Pastry,1,78.47,Bakery,431,3,9,15
1763,461,2024-03-15,1900-01-01 09:30:00,9,Lentils,2,196.68,Grains & Staples,888,3,9,15
1763,461,2024-03-15,1900-01-01 09:30:00,9,Chips,1,74.16,Snacks,876,3,9,15
1764,138,2024-03-15,1900-01-01 15:08:00,15,Dress,1,103.36,Clothing,444,3,15,15
1764,138,2024-03-15,1900-01-01 15:08:00,15,Electric Kettle,2,145.78,Electronics,635,3,15,15
1764,138,2024-03-15,1900-01-01 15:08:00,15,Toilet Paper,2,487.79,Household,578,3,15,15
1764,138,2024-03-15,1900-01-01 15:08:00,15,Pain Reliever,2,44.79,Health & Wellness,810,3,15,15
1764,138,2024-03-15,1900-01-01 15:08:00,15,Eggs,2,63.92,Dairy & Eggs,103,3,15,15
1764,138,2024-03-15,1900-01-01 15:08:00,15,Popcorn,3,327.12,Snacks,899,3,15,15
1764,138,2024-03-15,1900-01-01 15:08:00,15,Jeans,3,247.14,Clothing,843,3,15,15
1765,273,2024-04-24,1900-01-01 11:11:00,11,Milk,3,362.32,Dairy & Eggs,301,4,11,24
1765,273,2024-04-24,1900-01-01 11:11:00,11,Salt,3,496.79,Grains & Staples,706,4,11,24
1765,273,2024-04-24,1900-01-01 11:11:00,11,Croissant,3,209.6,Bakery,251,4,11,24
1765,273,2024-04-24,1900-01-01 11:11:00,11,Dishwashing Liquid,2,388.67,Household,387,4,11,24
1765,273,2024-04-24,1900-01-01 11:11:00,11,Pen,3,308.35,Stationery,213,4,11,24
1766,445,2024-02-09,1900-01-01 18:30:00,18,Biscuits,2,192.21,Snacks,658,2,18,9
1766,445,2024-02-09,1900-01-01 18:30:00,18,Eggs,3,346.83,Dairy & Eggs,101,2,18,9
1766,445,2024-02-09,1900-01-01 18:30:00,18,Cookies,2,464.94,Bakery,252,2,18,9
1766,445,2024-02-09,1900-01-01 18:30:00,18,Coffee,1,99.77,Beverages,916,2,18,9
1766,445,2024-02-09,1900-01-01 18:30:00,18,Cooking Oil,1,460.78,Grains & Staples,938,2,18,9
1767,173,2024-06-13,1900-01-01 21:32:00,21,Cookies,2,323.94,Bakery,854,6,21,13
1767,173,2024-06-13,1900-01-01 21:32:00,21,Mixer Grinder,2,385.08,Electronics,329,6,21,13
1767,173,2024-06-13,1900-01-01 21:32:00,21,Vitamins,3,250.4,Health & Wellness,453,6,21,13
1767,173,2024-06-13,1900-01-01 21:32:00,21,Milk,3,80.52,Dairy & Eggs,828,6,21,13
1768,173,2024-03-22,1900-01-01 20:20:00,20,Spinach,2,377.74,Fruits & Vegetables,256,3,20,22
1768,173,2024-03-22,1900-01-01 20:20:00,20,Toilet Paper,1,243.48,Household,356,3,20,22
1768,173,2024-03-22,1900-01-01 20:20:00,20,Popcorn,3,344.35,Snacks,637,3,20,22
1768,173,2024-03-22,1900-01-01 20:20:00,20,Phone Cover,2,126.82,Electronics,649,3,20,22
1769,199,2024-01-02,1900-01-01 22:14:00,22,Biscuits,3,318.81,Snacks,249,1,22,2
1769,199,2024-01-02,1900-01-01 22:14:00,22,Pastry,2,184.78,Bakery,243,1,22,2
1769,199,2024-01-02,1900-01-01 22:14:00,22,Pasta,3,449.68,Grains & Staples,329,1,22,2
1769,199,2024-01-02,1900-01-01 22:14:00,22,Phone Cover,1,166.89,Electronics,157,1,22,2
1770,247,2024-11-25,1900-01-01 14:34:00,14,Sugar,2,193.99,Grains & Staples,247,11,14,25
1770,247,2024-11-25,1900-01-01 14:34:00,14,Wheat Flour,1,54.23,Grains & Staples,592,11,14,25
1770,247,2024-11-25,1900-01-01 14:34:00,14,Diapers,3,410.15,Baby Care,423,11,14,25
1770,247,2024-11-25,1900-01-01 14:34:00,14,Chicken Breast,1,32.82,Meat & Seafood,334,11,14,25
1770,247,2024-11-25,1900-01-01 14:34:00,14,Yogurt,1,476.79,Dairy & Eggs,105,11,14,25
1771,498,2024-03-11,1900-01-01 12:36:00,12,Pen,3,180.24,Stationery,919,3,12,11
1771,498,2024-03-11,1900-01-01 12:36:00,12,Electric Kettle,3,230.5,Electronics,451,3,12,11
1771,498,2024-03-11,1900-01-01 12:36:00,12,Belt,1,235.71,Clothing Accessories,896,3,12,11
1771,498,2024-03-11,1900-01-01 12:36:00,12,Cookies,2,290.33,Bakery,250,3,12,11
1771,498,2024-03-11,1900-01-01 12:36:00,12,Saree,2,372.25,Clothing,407,3,12,11
1772,40,2024-09-18,1900-01-01 15:16:00,15,Popcorn,1,168.95,Snacks,115,9,15,18
1772,40,2024-09-18,1900-01-01 15:16:00,15,Phone Cover,1,343.66,Electronics,945,9,15,18
1772,40,2024-09-18,1900-01-01 15:16:00,15,Pain Reliever,1,202.96,Health & Wellness,135,9,15,18
1772,40,2024-09-18,1900-01-01 15:16:00,15,Fiction Book,1,245.13,Books,945,9,15,18
1773,165,2024-06-04,1900-01-01 21:05:00,21,Pastry,3,448.14,Bakery,161,6,21,4
1773,165,2024-06-04,1900-01-01 21:05:00,21,Yogurt,3,250.02,Dairy & Eggs,601,6,21,4
1773,165,2024-06-04,1900-01-01 21:05:00,21,Cake,3,298.14,Bakery,271,6,21,4
1773,165,2024-06-04,1900-01-01 21:05:00,21,Face Wash,2,253.09,Personal Care,222,6,21,4
1773,165,2024-06-04,1900-01-01 21:05:00,21,Baby Food,3,247.47,Baby Care,994,6,21,4
1774,57,2024-05-18,1900-01-01 19:58:00,19,Wheat Flour,2,117.88,Grains & Staples,180,5,19,18
1774,57,2024-05-18,1900-01-01 19:58:00,19,Jeans,1,169.68,Clothing,665,5,19,18
1774,57,2024-05-18,1900-01-01 19:58:00,19,Earphones,2,97.18,Electronics,989,5,19,18
1775,470,2024-02-08,1900-01-01 18:54:00,18,Croissant,2,471.37,Bakery,812,2,18,8
1775,470,2024-02-08,1900-01-01 18:54:00,18,Jeans,3,169.61,Clothing,803,2,18,8
1775,470,2024-02-08,1900-01-01 18:54:00,18,Toilet Paper,3,310.81,Household,572,2,18,8
1775,470,2024-02-08,1900-01-01 18:54:00,18,Fiction Book,3,31.24,Books,911,2,18,8
1775,470,2024-02-08,1900-01-01 18:54:00,18,Chocolate,1,254.17,Snacks,474,2,18,8
1776,71,2024-11-22,1900-01-01 17:36:00,17,Tissue,2,430.11,Household,844,11,17,22
1776,71,2024-11-22,1900-01-01 17:36:00,17,Apple,2,127.27,Fruits & Vegetables,882,11,17,22
1776,71,2024-11-22,1900-01-01 17:36:00,17,Potato,2,69.58,Fruits & Vegetables,943,11,17,22
1776,71,2024-11-22,1900-01-01 17:36:00,17,Shoes,3,418.43,Footwear,315,11,17,22
1777,123,2024-10-02,1900-01-01 11:06:00,11,Orange,1,174.61,Fruits & Vegetables,496,10,11,2
1777,123,2024-10-02,1900-01-01 11:06:00,11,Biscuits,1,262.95,Snacks,591,10,11,2
1777,123,2024-10-02,1900-01-01 11:06:00,11,Croissant,2,64.84,Bakery,789,10,11,2
1777,123,2024-10-02,1900-01-01 11:06:00,11,Cooking Oil,1,339.61,Grains & Staples,152,10,11,2
1777,123,2024-10-02,1900-01-01 11:06:00,11,Fish,3,28.73,Meat & Seafood,316,10,11,2
1777,123,2024-10-02,1900-01-01 11:06:00,11,Rice,1,334.28,Grains & Staples,888,10,11,2
1778,276,2024-06-05,1900-01-01 16:14:00,16,Beef,2,297.37,Meat & Seafood,892,6,16,5
1778,276,2024-06-05,1900-01-01 16:14:00,16,Dishwashing Liquid,3,312.44,Household,450,6,16,5
1778,276,2024-06-05,1900-01-01 16:14:00,16,Energy Drink,3,316.54,Beverages,524,6,16,5
1778,276,2024-06-05,1900-01-01 16:14:00,16,Fiction Book,1,399.75,Books,824,6,16,5
1778,276,2024-06-05,1900-01-01 16:14:00,16,Mixer Grinder,2,386.67,Electronics,153,6,16,5
1778,276,2024-06-05,1900-01-01 16:14:00,16,Energy Drink,1,212.76,Beverages,610,6,16,5
1778,276,2024-06-05,1900-01-01 16:14:00,16,Salt,3,114.31,Grains & Staples,745,6,16,5
1779,257,2024-07-30,1900-01-01 19:08:00,19,Pasta,1,321.79,Grains & Staples,775,7,19,30
1779,257,2024-07-30,1900-01-01 19:08:00,19,Butter,3,296.45,Dairy & Eggs,905,7,19,30
1779,257,2024-07-30,1900-01-01 19:08:00,19,Pen,3,162.5,Stationery,147,7,19,30
1779,257,2024-07-30,1900-01-01 19:08:00,19,Fish,3,481.22,Meat & Seafood,754,7,19,30
1780,7,2024-04-07,1900-01-01 13:05:00,13,Shampoo,3,63.19,Personal Care,222,4,13,7
1780,7,2024-04-07,1900-01-01 13:05:00,13,Soda,2,243.88,Beverages,528,4,13,7
1780,7,2024-04-07,1900-01-01 13:05:00,13,Beef,2,208.04,Meat & Seafood,394,4,13,7
1780,7,2024-04-07,1900-01-01 13:05:00,13,Tomato,2,487.83,Fruits & Vegetables,558,4,13,7
1780,7,2024-04-07,1900-01-01 13:05:00,13,Vitamins,2,348.68,Health & Wellness,198,4,13,7
1780,7,2024-04-07,1900-01-01 13:05:00,13,Energy Drink,1,423.02,Beverages,661,4,13,7
1781,29,2024-03-18,1900-01-01 12:08:00,12,Shampoo,1,374.79,Personal Care,489,3,12,18
1781,29,2024-03-18,1900-01-01 12:08:00,12,Onion,3,208.07,Fruits & Vegetables,514,3,12,18
1781,29,2024-03-18,1900-01-01 12:08:00,12,Carrot,3,28.4,Fruits & Vegetables,719,3,12,18
1781,29,2024-03-18,1900-01-01 12:08:00,12,Juice,1,223.65,Beverages,992,3,12,18
1781,29,2024-03-18,1900-01-01 12:08:00,12,Mixer Grinder,1,388.07,Electronics,813,3,12,18
1781,29,2024-03-18,1900-01-01 12:08:00,12,Chicken Breast,2,142.21,Meat & Seafood,557,3,12,18
1781,29,2024-03-18,1900-01-01 12:08:00,12,Spinach,1,68.01,Fruits & Vegetables,459,3,12,18
1782,162,2024-09-17,1900-01-01 13:04:00,13,Butter,3,219.67,Dairy & Eggs,141,9,13,17
1782,162,2024-09-17,1900-01-01 13:04:00,13,Floor Cleaner,2,218.95,Household,606,9,13,17
1782,162,2024-09-17,1900-01-01 13:04:00,13,Milk,2,243.4,Dairy & Eggs,943,9,13,17
1783,282,2024-03-25,1900-01-01 17:55:00,17,Mixer Grinder,1,174.15,Electronics,266,3,17,25
1783,282,2024-03-25,1900-01-01 17:55:00,17,Pen,1,388.7,Stationery,275,3,17,25
1783,282,2024-03-25,1900-01-01 17:55:00,17,Chips,3,344.46,Snacks,639,3,17,25
1783,282,2024-03-25,1900-01-01 17:55:00,17,Cheese,3,90.79,Dairy & Eggs,993,3,17,25
1783,282,2024-03-25,1900-01-01 17:55:00,17,Butter,1,468.64,Dairy & Eggs,395,3,17,25
1784,450,2024-08-10,1900-01-01 08:37:00,8,Tea,2,320.75,Beverages,378,8,8,10
1784,450,2024-08-10,1900-01-01 08:37:00,8,Milk,3,181.29,Dairy & Eggs,126,8,8,10
1784,450,2024-08-10,1900-01-01 08:37:00,8,Rice,1,43.77,Grains & Staples,990,8,8,10
1785,500,2024-09-07,1900-01-01 09:14:00,9,Electric Kettle,2,291.08,Electronics,103,9,9,7
1785,500,2024-09-07,1900-01-01 09:14:00,9,Cookies,1,102.09,Bakery,152,9,9,7
1785,500,2024-09-07,1900-01-01 09:14:00,9,Fish,2,477.97,Meat & Seafood,100,9,9,7
1785,500,2024-09-07,1900-01-01 09:14:00,9,Wheat Flour,1,17.02,Grains & Staples,747,9,9,7
1785,500,2024-09-07,1900-01-01 09:14:00,9,Mixer Grinder,2,289.89,Electronics,519,9,9,7
1785,500,2024-09-07,1900-01-01 09:14:00,9,Lentils,2,390.35,Grains & Staples,285,9,9,7
1786,267,2024-09-23,1900-01-01 11:53:00,11,Chips,2,250.28,Snacks,949,9,11,23
1786,267,2024-09-23,1900-01-01 11:53:00,11,Croissant,3,115.61,Bakery,213,9,11,23
1786,267,2024-09-23,1900-01-01 11:53:00,11,Soda,3,255.29,Beverages,343,9,11,23
1786,267,2024-09-23,1900-01-01 11:53:00,11,Dishwashing Liquid,1,279.02,Household,537,9,11,23
1787,216,2024-10-06,1900-01-01 07:49:00,7,Shirt,3,229.44,Clothing,790,10,7,6
1787,216,2024-10-06,1900-01-01 07:49:00,7,Carrot,2,65.89,Fruits & Vegetables,428,10,7,6
1787,216,2024-10-06,1900-01-01 07:49:00,7,Tomato,2,283.55,Fruits & Vegetables,789,10,7,6
1787,216,2024-10-06,1900-01-01 07:49:00,7,Juice,1,320.35,Beverages,203,10,7,6
1787,216,2024-10-06,1900-01-01 07:49:00,7,Apple,1,465.06,Fruits & Vegetables,990,10,7,6
1788,432,2024-07-20,1900-01-01 17:49:00,17,Yogurt,2,363.75,Dairy & Eggs,164,7,17,20
1788,432,2024-07-20,1900-01-01 17:49:00,17,Popcorn,2,43.55,Snacks,961,7,17,20
1788,432,2024-07-20,1900-01-01 17:49:00,17,Cake,3,113.22,Bakery,939,7,17,20
1789,101,2024-07-30,1900-01-01 20:32:00,20,Tissue,3,167.18,Household,521,7,20,30
1789,101,2024-07-30,1900-01-01 20:32:00,20,Soap,1,157.3,Personal Care,784,7,20,30
1789,101,2024-07-30,1900-01-01 20:32:00,20,Wheat Flour,2,455.89,Grains & Staples,612,7,20,30
1789,101,2024-07-30,1900-01-01 20:32:00,20,Croissant,3,29.23,Bakery,469,7,20,30
1790,429,2024-02-24,1900-01-01 12:26:00,12,Wheat Flour,3,387.31,Grains & Staples,969,2,12,24
1790,429,2024-02-24,1900-01-01 12:26:00,12,Pen,1,10.47,Stationery,632,2,12,24
1790,429,2024-02-24,1900-01-01 12:26:00,12,Cookies,1,265.75,Bakery,181,2,12,24
1790,429,2024-02-24,1900-01-01 12:26:00,12,Bread,1,11.21,Bakery,608,2,12,24
1790,429,2024-02-24,1900-01-01 12:26:00,12,Educational Book,1,299.37,Books,890,2,12,24
1790,429,2024-02-24,1900-01-01 12:26:00,12,Cookies,3,442.99,Bakery,195,2,12,24
1791,374,2024-04-03,1900-01-01 21:36:00,21,Croissant,2,301.63,Bakery,903,4,21,3
1791,374,2024-04-03,1900-01-01 21:36:00,21,Educational Book,1,294.02,Books,643,4,21,3
1791,374,2024-04-03,1900-01-01 21:36:00,21,Pain Reliever,1,429.12,Health & Wellness,886,4,21,3
1791,374,2024-04-03,1900-01-01 21:36:00,21,Cake,2,472.48,Bakery,579,4,21,3
1792,239,2024-09-23,1900-01-01 22:09:00,22,Jeans,2,490.71,Clothing,319,9,22,23
1792,239,2024-09-23,1900-01-01 22:09:00,22,Tea,3,142.67,Beverages,514,9,22,23
1792,239,2024-09-23,1900-01-01 22:09:00,22,Spices,3,459.57,Grains & Staples,594,9,22,23
1792,239,2024-09-23,1900-01-01 22:09:00,22,Chocolate,2,25.36,Snacks,453,9,22,23
1792,239,2024-09-23,1900-01-01 22:09:00,22,Wheat Flour,3,121.83,Grains & Staples,805,9,22,23
1792,239,2024-09-23,1900-01-01 22:09:00,22,Earphones,2,440.73,Electronics,160,9,22,23
1792,239,2024-09-23,1900-01-01 22:09:00,22,Chocolate,2,446.3,Snacks,237,9,22,23
1793,329,2024-06-07,1900-01-01 19:57:00,19,Charger,3,353.18,Electronics,618,6,19,7
1793,329,2024-06-07,1900-01-01 19:57:00,19,Lentils,3,448.38,Grains & Staples,230,6,19,7
1793,329,2024-06-07,1900-01-01 19:57:00,19,Spinach,3,367.7,Fruits & Vegetables,116,6,19,7
1793,329,2024-06-07,1900-01-01 19:57:00,19,Cheese,2,205.44,Dairy & Eggs,480,6,19,7
1793,329,2024-06-07,1900-01-01 19:57:00,19,Wheat Flour,3,296.47,Grains & Staples,947,6,19,7
1793,329,2024-06-07,1900-01-01 19:57:00,19,Shoes,3,256.55,Footwear,160,6,19,7
1793,329,2024-06-07,1900-01-01 19:57:00,19,Vitamins,1,430.47,Health & Wellness,479,6,19,7
1794,257,2024-11-29,1900-01-01 18:51:00,18,Cookies,1,427.18,Bakery,670,11,18,29
1794,257,2024-11-29,1900-01-01 18:51:00,18,Cheese,2,113.17,Dairy & Eggs,420,11,18,29
1794,257,2024-11-29,1900-01-01 18:51:00,18,Cheese,3,114.28,Dairy & Eggs,991,11,18,29
1794,257,2024-11-29,1900-01-01 18:51:00,18,Salt,3,208.18,Grains & Staples,887,11,18,29
1794,257,2024-11-29,1900-01-01 18:51:00,18,Energy Drink,2,315.31,Beverages,670,11,18,29
1795,17,2024-01-05,1900-01-01 21:24:00,21,Fish,1,195.49,Meat & Seafood,288,1,21,5
1795,17,2024-01-05,1900-01-01 21:24:00,21,Shoes,3,91.74,Footwear,940,1,21,5
1795,17,2024-01-05,1900-01-01 21:24:00,21,Eggs,3,161.55,Dairy & Eggs,835,1,21,5
1795,17,2024-01-05,1900-01-01 21:24:00,21,Cheese,2,352.9,Dairy & Eggs,564,1,21,5
1795,17,2024-01-05,1900-01-01 21:24:00,21,Jeans,3,198.3,Clothing,807,1,21,5
1795,17,2024-01-05,1900-01-01 21:24:00,21,Cheese,3,423.76,Dairy & Eggs,327,1,21,5
1796,421,2024-08-18,1900-01-01 06:09:00,6,Salt,1,229.64,Grains & Staples,380,8,6,18
1796,421,2024-08-18,1900-01-01 06:09:00,6,Biscuits,1,352.98,Snacks,589,8,6,18
1796,421,2024-08-18,1900-01-01 06:09:00,6,Diapers,3,351.88,Baby Care,370,8,6,18
1796,421,2024-08-18,1900-01-01 06:09:00,6,Sugar,1,470.78,Grains & Staples,460,8,6,18
1796,421,2024-08-18,1900-01-01 06:09:00,6,Orange,3,396.14,Fruits & Vegetables,163,8,6,18
1796,421,2024-08-18,1900-01-01 06:09:00,6,Banana,2,58.58,Fruits & Vegetables,283,8,6,18
1796,421,2024-08-18,1900-01-01 06:09:00,6,Fish,2,182.03,Meat & Seafood,351,8,6,18
1797,443,2024-07-19,1900-01-01 20:37:00,20,Bread,2,426.38,Bakery,134,7,20,19
1797,443,2024-07-19,1900-01-01 20:37:00,20,Pen,1,390.04,Stationery,792,7,20,19
1797,443,2024-07-19,1900-01-01 20:37:00,20,Onion,2,244.87,Fruits & Vegetables,226,7,20,19
1797,443,2024-07-19,1900-01-01 20:37:00,20,Cookies,1,303.81,Bakery,539,7,20,19
1797,443,2024-07-19,1900-01-01 20:37:00,20,Pastry,3,76.8,Bakery,743,7,20,19
1797,443,2024-07-19,1900-01-01 20:37:00,20,Chocolate,3,12.28,Snacks,949,7,20,19
1798,326,2024-05-18,1900-01-01 16:25:00,16,Toilet Paper,2,239.42,Household,515,5,16,18
1798,326,2024-05-18,1900-01-01 16:25:00,16,Baby Food,1,224.93,Baby Care,751,5,16,18
1798,326,2024-05-18,1900-01-01 16:25:00,16,Soda,3,413.65,Beverages,872,5,16,18
1798,326,2024-05-18,1900-01-01 16:25:00,16,Belt,2,497.31,Clothing Accessories,381,5,16,18
1798,326,2024-05-18,1900-01-01 16:25:00,16,Chicken Breast,1,463.42,Meat & Seafood,560,5,16,18
1798,326,2024-05-18,1900-01-01 16:25:00,16,Wheat Flour,1,423.83,Grains & Staples,625,5,16,18
1798,326,2024-05-18,1900-01-01 16:25:00,16,Salt,1,63.46,Grains & Staples,653,5,16,18
1799,152,2024-08-15,1900-01-01 18:39:00,18,Dishwashing Liquid,2,420.48,Household,562,8,18,15
1799,152,2024-08-15,1900-01-01 18:39:00,18,Croissant,1,298.18,Bakery,304,8,18,15
1799,152,2024-08-15,1900-01-01 18:39:00,18,Tissue,3,47.48,Household,102,8,18,15
1799,152,2024-08-15,1900-01-01 18:39:00,18,Lentils,2,187.96,Grains & Staples,100,8,18,15
1799,152,2024-08-15,1900-01-01 18:39:00,18,Charger,1,45.98,Electronics,535,8,18,15
1800,71,2024-03-06,1900-01-01 12:02:00,12,Dishwashing Liquid,3,286.87,Household,999,3,12,6
1800,71,2024-03-06,1900-01-01 12:02:00,12,Soap,3,416.9,Personal Care,245,3,12,6
1800,71,2024-03-06,1900-01-01 12:02:00,12,Lentils,3,472.14,Grains & Staples,887,3,12,6
1800,71,2024-03-06,1900-01-01 12:02:00,12,Banana,2,479.92,Fruits & Vegetables,411,3,12,6
1800,71,2024-03-06,1900-01-01 12:02:00,12,Salt,2,452.7,Grains & Staples,700,3,12,6
1800,71,2024-03-06,1900-01-01 12:02:00,12,Banana,2,226.92,Fruits & Vegetables,126,3,12,6
1801,259,2024-12-17,1900-01-01 11:33:00,11,Coffee,3,210.02,Beverages,186,12,11,17
1801,259,2024-12-17,1900-01-01 11:33:00,11,Salt,1,33.33,Grains & Staples,928,12,11,17
1801,259,2024-12-17,1900-01-01 11:33:00,11,Popcorn,2,31.14,Snacks,318,12,11,17
1801,259,2024-12-17,1900-01-01 11:33:00,11,Energy Drink,1,296.3,Beverages,127,12,11,17
1802,442,2024-09-03,1900-01-01 17:22:00,17,Charger,3,225.04,Electronics,685,9,17,3
1802,442,2024-09-03,1900-01-01 17:22:00,17,Popcorn,3,32.42,Snacks,144,9,17,3
1802,442,2024-09-03,1900-01-01 17:22:00,17,Butter,2,229.07,Dairy & Eggs,447,9,17,3
1803,285,2024-06-21,1900-01-01 17:53:00,17,Jeans,1,137.42,Clothing,608,6,17,21
1803,285,2024-06-21,1900-01-01 17:53:00,17,Eggs,3,468.07,Dairy & Eggs,528,6,17,21
1803,285,2024-06-21,1900-01-01 17:53:00,17,Salt,1,262.34,Grains & Staples,711,6,17,21
1803,285,2024-06-21,1900-01-01 17:53:00,17,Tea,1,458.52,Beverages,992,6,17,21
1803,285,2024-06-21,1900-01-01 17:53:00,17,Milk,2,365.08,Dairy & Eggs,415,6,17,21
1803,285,2024-06-21,1900-01-01 17:53:00,17,Spices,2,37.1,Grains & Staples,765,6,17,21
1804,404,2024-06-24,1900-01-01 13:08:00,13,Pasta,1,186.36,Grains & Staples,314,6,13,24
1804,404,2024-06-24,1900-01-01 13:08:00,13,Salt,1,41.28,Grains & Staples,772,6,13,24
1804,404,2024-06-24,1900-01-01 13:08:00,13,Saree,2,322.4,Clothing,908,6,13,24
1804,404,2024-06-24,1900-01-01 13:08:00,13,Tomato,1,423.3,Fruits & Vegetables,601,6,13,24
1805,128,2024-06-27,1900-01-01 08:24:00,8,Lentils,3,297.5,Grains & Staples,560,6,8,27
1805,128,2024-06-27,1900-01-01 08:24:00,8,Shampoo,1,280.74,Personal Care,336,6,8,27
1805,128,2024-06-27,1900-01-01 08:24:00,8,Phone Cover,1,232.46,Electronics,254,6,8,27
1806,499,2024-01-25,1900-01-01 06:11:00,6,Onion,2,391.98,Fruits & Vegetables,381,1,6,25
1806,499,2024-01-25,1900-01-01 06:11:00,6,Sugar,2,461.37,Grains & Staples,562,1,6,25
1806,499,2024-01-25,1900-01-01 06:11:00,6,Cookies,2,440.15,Bakery,665,1,6,25
1807,319,2024-03-11,1900-01-01 18:07:00,18,Fiction Book,2,19.47,Books,915,3,18,11
1807,319,2024-03-11,1900-01-01 18:07:00,18,Baby Food,2,29.88,Baby Care,634,3,18,11
1807,319,2024-03-11,1900-01-01 18:07:00,18,Eggs,3,207.75,Dairy & Eggs,777,3,18,11
1807,319,2024-03-11,1900-01-01 18:07:00,18,Shirt,1,395.4,Clothing,908,3,18,11
1808,39,2024-05-07,1900-01-01 12:52:00,12,Apple,3,75.41,Fruits & Vegetables,986,5,12,7
1808,39,2024-05-07,1900-01-01 12:52:00,12,Onion,3,286.54,Fruits & Vegetables,385,5,12,7
1808,39,2024-05-07,1900-01-01 12:52:00,12,Chips,2,96.56,Snacks,646,5,12,7
1809,408,2024-12-03,1900-01-01 06:00:00,6,Dress,2,68.65,Clothing,112,12,6,3
1809,408,2024-12-03,1900-01-01 06:00:00,6,Spices,3,99.49,Grains & Staples,660,12,6,3
1809,408,2024-12-03,1900-01-01 06:00:00,6,Coffee,2,108.99,Beverages,120,12,6,3
1809,408,2024-12-03,1900-01-01 06:00:00,6,Shoes,2,85.86,Footwear,617,12,6,3
1809,408,2024-12-03,1900-01-01 06:00:00,6,Onion,3,450.65,Fruits & Vegetables,582,12,6,3
1810,309,2024-08-01,1900-01-01 06:45:00,6,Beef,3,255.23,Meat & Seafood,843,8,6,1
1810,309,2024-08-01,1900-01-01 06:45:00,6,Butter,3,47.73,Dairy & Eggs,250,8,6,1
1810,309,2024-08-01,1900-01-01 06:45:00,6,Spices,3,228.43,Grains & Staples,105,8,6,1
1810,309,2024-08-01,1900-01-01 06:45:00,6,Spinach,1,297.51,Fruits & Vegetables,876,8,6,1
1810,309,2024-08-01,1900-01-01 06:45:00,6,Beef,1,112.36,Meat & Seafood,582,8,6,1
1810,309,2024-08-01,1900-01-01 06:45:00,6,Tissue,3,365.78,Household,792,8,6,1
1810,309,2024-08-01,1900-01-01 06:45:00,6,Shoes,3,170.94,Footwear,866,8,6,1
1811,458,2024-08-21,1900-01-01 12:38:00,12,Spinach,2,477.74,Fruits & Vegetables,713,8,12,21
1811,458,2024-08-21,1900-01-01 12:38:00,12,Shirt,2,450.98,Clothing,631,8,12,21
1811,458,2024-08-21,1900-01-01 12:38:00,12,Saree,1,374.16,Clothing,129,8,12,21
1812,413,2024-01-19,1900-01-01 10:34:00,10,Yogurt,2,298.22,Dairy & Eggs,934,1,10,19
1812,413,2024-01-19,1900-01-01 10:34:00,10,Wheat Flour,1,304.41,Grains & Staples,140,1,10,19
1812,413,2024-01-19,1900-01-01 10:34:00,10,Belt,1,446.82,Clothing Accessories,242,1,10,19
1812,413,2024-01-19,1900-01-01 10:34:00,10,Yogurt,3,385.82,Dairy & Eggs,947,1,10,19
1812,413,2024-01-19,1900-01-01 10:34:00,10,Eggs,3,411.72,Dairy & Eggs,409,1,10,19
1812,413,2024-01-19,1900-01-01 10:34:00,10,Shirt,2,166.23,Clothing,195,1,10,19
1813,462,2024-01-12,1900-01-01 18:45:00,18,Cooking Oil,3,396.74,Grains & Staples,452,1,18,12
1813,462,2024-01-12,1900-01-01 18:45:00,18,Phone Cover,3,321.73,Electronics,129,1,18,12
1813,462,2024-01-12,1900-01-01 18:45:00,18,Jeans,3,485.24,Clothing,517,1,18,12
1813,462,2024-01-12,1900-01-01 18:45:00,18,Saree,3,85.19,Clothing,976,1,18,12
1813,462,2024-01-12,1900-01-01 18:45:00,18,Shirt,2,189.21,Clothing,367,1,18,12
1813,462,2024-01-12,1900-01-01 18:45:00,18,Energy Drink,3,150.54,Beverages,395,1,18,12
1813,462,2024-01-12,1900-01-01 18:45:00,18,Dress,3,444.22,Clothing,923,1,18,12
1814,149,2024-02-03,1900-01-01 11:18:00,11,Juice,1,291.33,Beverages,226,2,11,3
1814,149,2024-02-03,1900-01-01 11:18:00,11,Wheat Flour,1,492.38,Grains & Staples,547,2,11,3
1814,149,2024-02-03,1900-01-01 11:18:00,11,Jeans,2,321.65,Clothing,999,2,11,3
1814,149,2024-02-03,1900-01-01 11:18:00,11,Shirt,1,95.09,Clothing,399,2,11,3
1814,149,2024-02-03,1900-01-01 11:18:00,11,Tissue,1,486.68,Household,927,2,11,3
1814,149,2024-02-03,1900-01-01 11:18:00,11,Chicken Breast,2,330.51,Meat & Seafood,911,2,11,3
1814,149,2024-02-03,1900-01-01 11:18:00,11,Apple,1,325.39,Fruits & Vegetables,333,2,11,3
1815,262,2024-01-28,1900-01-01 06:59:00,6,Soap,3,161.38,Personal Care,263,1,6,28
1815,262,2024-01-28,1900-01-01 06:59:00,6,Croissant,2,491.87,Bakery,837,1,6,28
1815,262,2024-01-28,1900-01-01 06:59:00,6,Croissant,1,96.99,Bakery,860,1,6,28
1815,262,2024-01-28,1900-01-01 06:59:00,6,Tea,3,330.05,Beverages,431,1,6,28
1815,262,2024-01-28,1900-01-01 06:59:00,6,Lentils,1,328.46,Grains & Staples,842,1,6,28
1816,146,2024-01-01,1900-01-01 17:00:00,17,Notebook,1,144.87,Stationery,326,1,17,1
1816,146,2024-01-01,1900-01-01 17:00:00,17,Pen,2,109.44,Stationery,350,1,17,1
1816,146,2024-01-01,1900-01-01 17:00:00,17,Earphones,3,254.99,Electronics,889,1,17,1
1816,146,2024-01-01,1900-01-01 17:00:00,17,Baby Food,2,300.49,Baby Care,280,1,17,1
1817,368,2024-07-27,1900-01-01 16:35:00,16,Chocolate,3,338.83,Snacks,455,7,16,27
1817,368,2024-07-27,1900-01-01 16:35:00,16,Saree,1,354.7,Clothing,185,7,16,27
1817,368,2024-07-27,1900-01-01 16:35:00,16,Baby Food,3,213.14,Baby Care,715,7,16,27
1817,368,2024-07-27,1900-01-01 16:35:00,16,Cooking Oil,1,268.95,Grains & Staples,548,7,16,27
1817,368,2024-07-27,1900-01-01 16:35:00,16,Toilet Paper,1,261.25,Household,223,7,16,27
1818,15,2024-09-14,1900-01-01 14:23:00,14,Toilet Paper,1,168.22,Household,797,9,14,14
1818,15,2024-09-14,1900-01-01 14:23:00,14,Notebook,2,359.11,Stationery,958,9,14,14
1818,15,2024-09-14,1900-01-01 14:23:00,14,Baby Food,2,323.75,Baby Care,749,9,14,14
1818,15,2024-09-14,1900-01-01 14:23:00,14,Potato,2,234.06,Fruits & Vegetables,781,9,14,14
1818,15,2024-09-14,1900-01-01 14:23:00,14,Milk,2,492.45,Dairy & Eggs,427,9,14,14
1819,2,2024-10-11,1900-01-01 19:03:00,19,Biscuits,1,239.36,Snacks,600,10,19,11
1819,2,2024-10-11,1900-01-01 19:03:00,19,Shampoo,2,492.41,Personal Care,974,10,19,11
1819,2,2024-10-11,1900-01-01 19:03:00,19,Belt,3,421.56,Clothing Accessories,419,10,19,11
1819,2,2024-10-11,1900-01-01 19:03:00,19,Jeans,2,196.9,Clothing,479,10,19,11
1820,254,2024-10-11,1900-01-01 15:57:00,15,Baby Food,3,91.21,Baby Care,674,10,15,11
1820,254,2024-10-11,1900-01-01 15:57:00,15,Tomato,2,219.87,Fruits & Vegetables,695,10,15,11
1820,254,2024-10-11,1900-01-01 15:57:00,15,Tomato,3,244.13,Fruits & Vegetables,600,10,15,11
1820,254,2024-10-11,1900-01-01 15:57:00,15,Spinach,3,307.5,Fruits & Vegetables,404,10,15,11
1820,254,2024-10-11,1900-01-01 15:57:00,15,Bread,1,165.11,Bakery,404,10,15,11
1821,201,2024-09-18,1900-01-01 15:03:00,15,Salt,1,46.24,Grains & Staples,315,9,15,18
1821,201,2024-09-18,1900-01-01 15:03:00,15,Bread,2,42.33,Bakery,947,9,15,18
1821,201,2024-09-18,1900-01-01 15:03:00,15,Chips,3,101.71,Snacks,610,9,15,18
1822,202,2024-03-01,1900-01-01 08:23:00,8,Salt,3,189.97,Grains & Staples,205,3,8,1
1822,202,2024-03-01,1900-01-01 08:23:00,8,Carrot,3,367.53,Fruits & Vegetables,866,3,8,1
1822,202,2024-03-01,1900-01-01 08:23:00,8,Tomato,1,19.15,Fruits & Vegetables,326,3,8,1
1822,202,2024-03-01,1900-01-01 08:23:00,8,Spices,1,217.86,Grains & Staples,641,3,8,1
1823,38,2024-05-08,1900-01-01 20:55:00,20,Butter,1,342.6,Dairy & Eggs,474,5,20,8
1823,38,2024-05-08,1900-01-01 20:55:00,20,Coffee,1,448.81,Beverages,860,5,20,8
1823,38,2024-05-08,1900-01-01 20:55:00,20,Apple,1,257.69,Fruits & Vegetables,323,5,20,8
1823,38,2024-05-08,1900-01-01 20:55:00,20,Spices,1,462.58,Grains & Staples,598,5,20,8
1823,38,2024-05-08,1900-01-01 20:55:00,20,Orange,3,371.75,Fruits & Vegetables,350,5,20,8
1824,491,2024-06-26,1900-01-01 11:07:00,11,Pen,3,189.43,Stationery,403,6,11,26
1824,491,2024-06-26,1900-01-01 11:07:00,11,Chips,1,301.36,Snacks,823,6,11,26
1824,491,2024-06-26,1900-01-01 11:07:00,11,Beef,1,264.69,Meat & Seafood,304,6,11,26
1824,491,2024-06-26,1900-01-01 11:07:00,11,Shoes,2,144.39,Footwear,465,6,11,26
1825,427,2024-10-28,1900-01-01 06:04:00,6,Electric Kettle,2,84.14,Electronics,911,10,6,28
1825,427,2024-10-28,1900-01-01 06:04:00,6,Cooking Oil,1,496.68,Grains & Staples,996,10,6,28
1825,427,2024-10-28,1900-01-01 06:04:00,6,Jeans,2,335.94,Clothing,813,10,6,28
1825,427,2024-10-28,1900-01-01 06:04:00,6,Tomato,2,120.0,Fruits & Vegetables,324,10,6,28
1826,300,2024-04-10,1900-01-01 18:59:00,18,Biscuits,2,437.28,Snacks,929,4,18,10
1826,300,2024-04-10,1900-01-01 18:59:00,18,Floor Cleaner,3,153.74,Household,222,4,18,10
1826,300,2024-04-10,1900-01-01 18:59:00,18,Energy Drink,3,35.63,Beverages,490,4,18,10
1826,300,2024-04-10,1900-01-01 18:59:00,18,Notebook,2,276.71,Stationery,459,4,18,10
1827,428,2024-10-24,1900-01-01 19:28:00,19,Fish,1,125.64,Meat & Seafood,898,10,19,24
1827,428,2024-10-24,1900-01-01 19:28:00,19,Cooking Oil,1,152.98,Grains & Staples,416,10,19,24
1827,428,2024-10-24,1900-01-01 19:28:00,19,Sugar,2,117.76,Grains & Staples,431,10,19,24
1828,164,2024-09-28,1900-01-01 22:37:00,22,Phone Cover,1,210.11,Electronics,710,9,22,28
1828,164,2024-09-28,1900-01-01 22:37:00,22,Chips,1,344.27,Snacks,347,9,22,28
1828,164,2024-09-28,1900-01-01 22:37:00,22,Baby Food,2,40.68,Baby Care,248,9,22,28
1828,164,2024-09-28,1900-01-01 22:37:00,22,Saree,1,343.05,Clothing,145,9,22,28
1828,164,2024-09-28,1900-01-01 22:37:00,22,Diapers,3,106.67,Baby Care,937,9,22,28
1829,158,2024-09-19,1900-01-01 09:59:00,9,Baby Food,2,474.15,Baby Care,324,9,9,19
1829,158,2024-09-19,1900-01-01 09:59:00,9,Fish,3,48.28,Meat & Seafood,354,9,9,19
1829,158,2024-09-19,1900-01-01 09:59:00,9,Tea,3,102.98,Beverages,444,9,9,19
1829,158,2024-09-19,1900-01-01 09:59:00,9,Notebook,2,299.72,Stationery,641,9,9,19
1829,158,2024-09-19,1900-01-01 09:59:00,9,Cake,1,197.22,Bakery,113,9,9,19
1829,158,2024-09-19,1900-01-01 09:59:00,9,Earphones,3,15.94,Electronics,600,9,9,19
1829,158,2024-09-19,1900-01-01 09:59:00,9,Face Wash,3,84.57,Personal Care,487,9,9,19
1830,431,2024-05-29,1900-01-01 07:47:00,7,Prawns,1,341.86,Meat & Seafood,986,5,7,29
1830,431,2024-05-29,1900-01-01 07:47:00,7,Baby Food,3,451.43,Baby Care,535,5,7,29
1830,431,2024-05-29,1900-01-01 07:47:00,7,Earphones,2,372.37,Electronics,119,5,7,29
1831,405,2024-12-16,1900-01-01 11:19:00,11,Jeans,3,425.89,Clothing,338,12,11,16
1831,405,2024-12-16,1900-01-01 11:19:00,11,Toothpaste,3,194.18,Personal Care,239,12,11,16
1831,405,2024-12-16,1900-01-01 11:19:00,11,Earphones,1,378.89,Electronics,139,12,11,16
1831,405,2024-12-16,1900-01-01 11:19:00,11,Cake,3,35.05,Bakery,178,12,11,16
1831,405,2024-12-16,1900-01-01 11:19:00,11,Electric Kettle,2,262.19,Electronics,254,12,11,16
1832,281,2024-10-11,1900-01-01 22:41:00,22,Phone Cover,1,121.65,Electronics,670,10,22,11
1832,281,2024-10-11,1900-01-01 22:41:00,22,Shoes,3,313.2,Footwear,262,10,22,11
1832,281,2024-10-11,1900-01-01 22:41:00,22,Cake,1,391.95,Bakery,507,10,22,11
1832,281,2024-10-11,1900-01-01 22:41:00,22,Floor Cleaner,1,51.4,Household,668,10,22,11
1832,281,2024-10-11,1900-01-01 22:41:00,22,Cake,3,202.87,Bakery,458,10,22,11
1832,281,2024-10-11,1900-01-01 22:41:00,22,Dishwashing Liquid,1,103.22,Household,869,10,22,11
1832,281,2024-10-11,1900-01-01 22:41:00,22,Tissue,3,485.14,Household,796,10,22,11
1833,160,2024-03-17,1900-01-01 21:52:00,21,Fiction Book,1,286.83,Books,438,3,21,17
1833,160,2024-03-17,1900-01-01 21:52:00,21,Spices,2,494.98,Grains & Staples,718,3,21,17
1833,160,2024-03-17,1900-01-01 21:52:00,21,Juice,3,288.53,Beverages,817,3,21,17
1833,160,2024-03-17,1900-01-01 21:52:00,21,Apple,3,33.08,Fruits & Vegetables,456,3,21,17
1834,136,2024-12-03,1900-01-01 22:01:00,22,Onion,1,86.56,Fruits & Vegetables,221,12,22,3
1834,136,2024-12-03,1900-01-01 22:01:00,22,Salt,1,124.09,Grains & Staples,652,12,22,3
1834,136,2024-12-03,1900-01-01 22:01:00,22,Pasta,3,256.78,Grains & Staples,715,12,22,3
1835,44,2024-06-20,1900-01-01 15:53:00,15,Popcorn,3,394.07,Snacks,842,6,15,20
1835,44,2024-06-20,1900-01-01 15:53:00,15,Cooking Oil,1,281.32,Grains & Staples,644,6,15,20
1835,44,2024-06-20,1900-01-01 15:53:00,15,Chips,3,251.84,Snacks,462,6,15,20
1835,44,2024-06-20,1900-01-01 15:53:00,15,Spices,1,459.44,Grains & Staples,179,6,15,20
1835,44,2024-06-20,1900-01-01 15:53:00,15,Spinach,2,292.99,Fruits & Vegetables,491,6,15,20
1835,44,2024-06-20,1900-01-01 15:53:00,15,Belt,1,429.6,Clothing Accessories,472,6,15,20
1835,44,2024-06-20,1900-01-01 15:53:00,15,Wheat Flour,1,29.23,Grains & Staples,118,6,15,20
1836,463,2024-03-22,1900-01-01 15:25:00,15,Chocolate,3,361.3,Snacks,567,3,15,22
1836,463,2024-03-22,1900-01-01 15:25:00,15,Floor Cleaner,3,443.19,Household,921,3,15,22
1836,463,2024-03-22,1900-01-01 15:25:00,15,Carrot,1,38.91,Fruits & Vegetables,382,3,15,22
1836,463,2024-03-22,1900-01-01 15:25:00,15,Saree,2,461.29,Clothing,421,3,15,22
1836,463,2024-03-22,1900-01-01 15:25:00,15,Earphones,2,311.81,Electronics,189,3,15,22
1836,463,2024-03-22,1900-01-01 15:25:00,15,Tissue,2,145.43,Household,966,3,15,22
1836,463,2024-03-22,1900-01-01 15:25:00,15,Croissant,2,155.91,Bakery,751,3,15,22
1837,457,2024-01-29,1900-01-01 13:34:00,13,Toilet Paper,2,348.27,Household,623,1,13,29
1837,457,2024-01-29,1900-01-01 13:34:00,13,Dishwashing Liquid,2,410.94,Household,947,1,13,29
1837,457,2024-01-29,1900-01-01 13:34:00,13,Jeans,3,459.04,Clothing,100,1,13,29
1837,457,2024-01-29,1900-01-01 13:34:00,13,Mixer Grinder,2,338.35,Electronics,475,1,13,29
1838,387,2024-08-26,1900-01-01 21:36:00,21,Lentils,2,198.8,Grains & Staples,763,8,21,26
1838,387,2024-08-26,1900-01-01 21:36:00,21,Shampoo,1,220.07,Personal Care,146,8,21,26
1838,387,2024-08-26,1900-01-01 21:36:00,21,Salt,3,49.96,Grains & Staples,308,8,21,26
1838,387,2024-08-26,1900-01-01 21:36:00,21,Baby Food,1,250.83,Baby Care,985,8,21,26
1838,387,2024-08-26,1900-01-01 21:36:00,21,Detergent,3,324.2,Household,692,8,21,26
1838,387,2024-08-26,1900-01-01 21:36:00,21,Earphones,2,167.71,Electronics,682,8,21,26
1839,488,2024-12-15,1900-01-01 08:44:00,8,Banana,1,103.82,Fruits & Vegetables,579,12,8,15
1839,488,2024-12-15,1900-01-01 08:44:00,8,Apple,1,248.41,Fruits & Vegetables,998,12,8,15
1839,488,2024-12-15,1900-01-01 08:44:00,8,Pain Reliever,2,273.87,Health & Wellness,663,12,8,15
1839,488,2024-12-15,1900-01-01 08:44:00,8,Butter,1,62.54,Dairy & Eggs,132,12,8,15
1839,488,2024-12-15,1900-01-01 08:44:00,8,Onion,1,37.04,Fruits & Vegetables,398,12,8,15
1839,488,2024-12-15,1900-01-01 08:44:00,8,Baby Food,1,22.88,Baby Care,623,12,8,15
1840,495,2024-06-08,1900-01-01 20:54:00,20,Orange,3,87.53,Fruits & Vegetables,195,6,20,8
1840,495,2024-06-08,1900-01-01 20:54:00,20,Chicken Breast,3,140.62,Meat & Seafood,577,6,20,8
1840,495,2024-06-08,1900-01-01 20:54:00,20,Electric Kettle,3,72.52,Electronics,709,6,20,8
1840,495,2024-06-08,1900-01-01 20:54:00,20,Marker,3,246.07,Stationery,557,6,20,8
1840,495,2024-06-08,1900-01-01 20:54:00,20,Dishwashing Liquid,3,188.46,Household,934,6,20,8
1841,485,2024-05-28,1900-01-01 15:36:00,15,Dress,2,461.49,Clothing,177,5,15,28
1841,485,2024-05-28,1900-01-01 15:36:00,15,Face Wash,1,213.07,Personal Care,848,5,15,28
1841,485,2024-05-28,1900-01-01 15:36:00,15,Toilet Paper,2,301.02,Household,256,5,15,28
1841,485,2024-05-28,1900-01-01 15:36:00,15,Wheat Flour,3,385.02,Grains & Staples,560,5,15,28
1842,211,2024-04-23,1900-01-01 15:19:00,15,Yogurt,3,431.84,Dairy & Eggs,748,4,15,23
1842,211,2024-04-23,1900-01-01 15:19:00,15,Earphones,3,334.89,Electronics,286,4,15,23
1842,211,2024-04-23,1900-01-01 15:19:00,15,Banana,1,125.55,Fruits & Vegetables,297,4,15,23
1842,211,2024-04-23,1900-01-01 15:19:00,15,Shoes,1,156.82,Footwear,942,4,15,23
1842,211,2024-04-23,1900-01-01 15:19:00,15,Rice,2,311.05,Grains & Staples,772,4,15,23
1842,211,2024-04-23,1900-01-01 15:19:00,15,Milk,3,368.44,Dairy & Eggs,710,4,15,23
1843,365,2024-05-12,1900-01-01 11:24:00,11,Mixer Grinder,3,398.48,Electronics,117,5,11,12
1843,365,2024-05-12,1900-01-01 11:24:00,11,Marker,1,270.58,Stationery,882,5,11,12
1843,365,2024-05-12,1900-01-01 11:24:00,11,Juice,2,57.25,Beverages,311,5,11,12
1843,365,2024-05-12,1900-01-01 11:24:00,11,Electric Kettle,3,144.68,Electronics,764,5,11,12
1843,365,2024-05-12,1900-01-01 11:24:00,11,Vitamins,2,339.45,Health & Wellness,397,5,11,12
1843,365,2024-05-12,1900-01-01 11:24:00,11,Earphones,1,56.1,Electronics,102,5,11,12
1843,365,2024-05-12,1900-01-01 11:24:00,11,Floor Cleaner,2,377.37,Household,550,5,11,12
1844,397,2024-03-17,1900-01-01 08:21:00,8,Phone Cover,1,265.04,Electronics,301,3,8,17
1844,397,2024-03-17,1900-01-01 08:21:00,8,Butter,2,425.31,Dairy & Eggs,160,3,8,17
1844,397,2024-03-17,1900-01-01 08:21:00,8,Dress,3,463.05,Clothing,169,3,8,17
1845,302,2024-04-26,1900-01-01 21:14:00,21,Soda,3,23.76,Beverages,538,4,21,26
1845,302,2024-04-26,1900-01-01 21:14:00,21,Chocolate,3,483.51,Snacks,237,4,21,26
1845,302,2024-04-26,1900-01-01 21:14:00,21,Eggs,1,88.12,Dairy & Eggs,474,4,21,26
1845,302,2024-04-26,1900-01-01 21:14:00,21,Tea,2,154.19,Beverages,604,4,21,26
1845,302,2024-04-26,1900-01-01 21:14:00,21,Lentils,3,386.29,Grains & Staples,847,4,21,26
1846,374,2024-12-24,1900-01-01 20:02:00,20,Sugar,1,410.75,Grains & Staples,829,12,20,24
1846,374,2024-12-24,1900-01-01 20:02:00,20,Tissue,3,42.08,Household,925,12,20,24
1846,374,2024-12-24,1900-01-01 20:02:00,20,Beef,3,491.2,Meat & Seafood,486,12,20,24
1847,72,2024-04-13,1900-01-01 07:20:00,7,Bread,2,250.54,Bakery,111,4,7,13
1847,72,2024-04-13,1900-01-01 07:20:00,7,Banana,3,73.67,Fruits & Vegetables,831,4,7,13
1847,72,2024-04-13,1900-01-01 07:20:00,7,Pastry,1,37.63,Bakery,749,4,7,13
1848,428,2024-03-31,1900-01-01 16:03:00,16,Butter,3,94.36,Dairy & Eggs,327,3,16,31
1848,428,2024-03-31,1900-01-01 16:03:00,16,Chicken Breast,2,171.02,Meat & Seafood,713,3,16,31
1848,428,2024-03-31,1900-01-01 16:03:00,16,Coffee,2,325.95,Beverages,352,3,16,31
1848,428,2024-03-31,1900-01-01 16:03:00,16,Toothpaste,3,368.85,Personal Care,553,3,16,31
1848,428,2024-03-31,1900-01-01 16:03:00,16,Pen,1,132.97,Stationery,986,3,16,31
1848,428,2024-03-31,1900-01-01 16:03:00,16,Chocolate,3,242.19,Snacks,494,3,16,31
1848,428,2024-03-31,1900-01-01 16:03:00,16,Chocolate,1,408.15,Snacks,998,3,16,31
1849,287,2024-10-29,1900-01-01 11:42:00,11,Detergent,2,252.49,Household,915,10,11,29
1849,287,2024-10-29,1900-01-01 11:42:00,11,Croissant,3,60.71,Bakery,179,10,11,29
1849,287,2024-10-29,1900-01-01 11:42:00,11,Cake,3,310.09,Bakery,469,10,11,29
1849,287,2024-10-29,1900-01-01 11:42:00,11,Biscuits,3,291.98,Snacks,832,10,11,29
1850,36,2024-04-29,1900-01-01 06:36:00,6,Vitamins,1,231.91,Health & Wellness,887,4,6,29
1850,36,2024-04-29,1900-01-01 06:36:00,6,Coffee,3,445.93,Beverages,312,4,6,29
1850,36,2024-04-29,1900-01-01 06:36:00,6,Chicken Breast,2,166.6,Meat & Seafood,345,4,6,29
1850,36,2024-04-29,1900-01-01 06:36:00,6,Prawns,3,435.1,Meat & Seafood,158,4,6,29
1850,36,2024-04-29,1900-01-01 06:36:00,6,Salt,2,75.94,Grains & Staples,352,4,6,29
1851,102,2024-09-29,1900-01-01 13:51:00,13,Phone Cover,2,289.27,Electronics,102,9,13,29
1851,102,2024-09-29,1900-01-01 13:51:00,13,Milk,2,196.6,Dairy & Eggs,870,9,13,29
1851,102,2024-09-29,1900-01-01 13:51:00,13,Wheat Flour,2,142.35,Grains & Staples,528,9,13,29
1851,102,2024-09-29,1900-01-01 13:51:00,13,Toothpaste,2,155.49,Personal Care,647,9,13,29
1852,68,2024-04-05,1900-01-01 06:21:00,6,Coffee,1,346.0,Beverages,622,4,6,5
1852,68,2024-04-05,1900-01-01 06:21:00,6,Charger,2,182.68,Electronics,451,4,6,5
1852,68,2024-04-05,1900-01-01 06:21:00,6,Toilet Paper,3,379.9,Household,387,4,6,5
1852,68,2024-04-05,1900-01-01 06:21:00,6,Sugar,1,27.75,Grains & Staples,355,4,6,5
1853,259,2024-12-20,1900-01-01 22:17:00,22,Vitamins,3,18.94,Health & Wellness,303,12,22,20
1853,259,2024-12-20,1900-01-01 22:17:00,22,Shoes,3,446.02,Footwear,533,12,22,20
1853,259,2024-12-20,1900-01-01 22:17:00,22,Prawns,2,81.39,Meat & Seafood,578,12,22,20
1853,259,2024-12-20,1900-01-01 22:17:00,22,Shampoo,1,476.1,Personal Care,552,12,22,20
1853,259,2024-12-20,1900-01-01 22:17:00,22,Soda,1,48.8,Beverages,599,12,22,20
1853,259,2024-12-20,1900-01-01 22:17:00,22,Wheat Flour,1,333.9,Grains & Staples,629,12,22,20
1854,391,2024-04-12,1900-01-01 17:20:00,17,Marker,2,82.78,Stationery,337,4,17,12
1854,391,2024-04-12,1900-01-01 17:20:00,17,Pasta,2,103.26,Grains & Staples,752,4,17,12
1854,391,2024-04-12,1900-01-01 17:20:00,17,Mixer Grinder,1,395.12,Electronics,275,4,17,12
1854,391,2024-04-12,1900-01-01 17:20:00,17,Dress,1,306.63,Clothing,529,4,17,12
1854,391,2024-04-12,1900-01-01 17:20:00,17,Prawns,2,71.73,Meat & Seafood,674,4,17,12
1854,391,2024-04-12,1900-01-01 17:20:00,17,Baby Food,2,352.93,Baby Care,105,4,17,12
1855,28,2024-11-05,1900-01-01 22:41:00,22,Pen,1,98.89,Stationery,170,11,22,5
1855,28,2024-11-05,1900-01-01 22:41:00,22,Fiction Book,3,17.41,Books,423,11,22,5
1855,28,2024-11-05,1900-01-01 22:41:00,22,Detergent,1,259.08,Household,666,11,22,5
1856,451,2024-02-11,1900-01-01 14:33:00,14,Popcorn,1,412.73,Snacks,244,2,14,11
1856,451,2024-02-11,1900-01-01 14:33:00,14,Tissue,1,184.61,Household,955,2,14,11
1856,451,2024-02-11,1900-01-01 14:33:00,14,Cooking Oil,2,210.84,Grains & Staples,361,2,14,11
1856,451,2024-02-11,1900-01-01 14:33:00,14,Juice,1,289.96,Beverages,755,2,14,11
1857,8,2024-03-19,1900-01-01 13:38:00,13,Tomato,2,322.74,Fruits & Vegetables,146,3,13,19
1857,8,2024-03-19,1900-01-01 13:38:00,13,Potato,1,479.6,Fruits & Vegetables,340,3,13,19
1857,8,2024-03-19,1900-01-01 13:38:00,13,Beef,2,162.48,Meat & Seafood,885,3,13,19
1857,8,2024-03-19,1900-01-01 13:38:00,13,Biscuits,2,378.64,Snacks,468,3,13,19
1857,8,2024-03-19,1900-01-01 13:38:00,13,Salt,1,385.74,Grains & Staples,644,3,13,19
1857,8,2024-03-19,1900-01-01 13:38:00,13,Toothpaste,3,309.22,Personal Care,329,3,13,19
1857,8,2024-03-19,1900-01-01 13:38:00,13,Fish,2,233.45,Meat & Seafood,504,3,13,19
1858,47,2024-06-14,1900-01-01 19:32:00,19,Dishwashing Liquid,2,396.12,Household,296,6,19,14
1858,47,2024-06-14,1900-01-01 19:32:00,19,Prawns,2,150.34,Meat & Seafood,163,6,19,14
1858,47,2024-06-14,1900-01-01 19:32:00,19,Toilet Paper,1,201.48,Household,529,6,19,14
1858,47,2024-06-14,1900-01-01 19:32:00,19,Floor Cleaner,1,308.03,Household,935,6,19,14
1859,129,2024-12-01,1900-01-01 12:12:00,12,Dress,3,75.38,Clothing,566,12,12,1
1859,129,2024-12-01,1900-01-01 12:12:00,12,Milk,2,110.36,Dairy & Eggs,750,12,12,1
1859,129,2024-12-01,1900-01-01 12:12:00,12,Baby Food,1,147.58,Baby Care,842,12,12,1
1859,129,2024-12-01,1900-01-01 12:12:00,12,Milk,3,274.09,Dairy & Eggs,331,12,12,1
1859,129,2024-12-01,1900-01-01 12:12:00,12,Shoes,1,232.74,Footwear,706,12,12,1
1860,209,2024-08-28,1900-01-01 18:21:00,18,Pastry,2,267.62,Bakery,303,8,18,28
1860,209,2024-08-28,1900-01-01 18:21:00,18,Rice,1,64.06,Grains & Staples,988,8,18,28
1860,209,2024-08-28,1900-01-01 18:21:00,18,Potato,2,445.19,Fruits & Vegetables,445,8,18,28
1860,209,2024-08-28,1900-01-01 18:21:00,18,Marker,3,23.45,Stationery,522,8,18,28
1860,209,2024-08-28,1900-01-01 18:21:00,18,Popcorn,1,154.25,Snacks,703,8,18,28
1861,52,2024-12-04,1900-01-01 08:25:00,8,Detergent,1,301.21,Household,680,12,8,4
1861,52,2024-12-04,1900-01-01 08:25:00,8,Chips,1,331.15,Snacks,881,12,8,4
1861,52,2024-12-04,1900-01-01 08:25:00,8,Dishwashing Liquid,2,334.47,Household,248,12,8,4
1862,164,2024-11-15,1900-01-01 11:43:00,11,Jeans,2,201.12,Clothing,852,11,11,15
1862,164,2024-11-15,1900-01-01 11:43:00,11,Chicken Breast,2,357.21,Meat & Seafood,394,11,11,15
1862,164,2024-11-15,1900-01-01 11:43:00,11,Pastry,1,497.32,Bakery,439,11,11,15
1863,205,2024-09-20,1900-01-01 11:36:00,11,Orange,2,461.34,Fruits & Vegetables,119,9,11,20
1863,205,2024-09-20,1900-01-01 11:36:00,11,Jeans,1,397.95,Clothing,551,9,11,20
1863,205,2024-09-20,1900-01-01 11:36:00,11,Detergent,3,79.0,Household,478,9,11,20
1863,205,2024-09-20,1900-01-01 11:36:00,11,Tea,2,429.58,Beverages,232,9,11,20
1864,24,2024-06-02,1900-01-01 16:00:00,16,Spinach,3,71.25,Fruits & Vegetables,979,6,16,2
1864,24,2024-06-02,1900-01-01 16:00:00,16,Energy Drink,2,296.05,Beverages,984,6,16,2
1864,24,2024-06-02,1900-01-01 16:00:00,16,Soap,1,379.23,Personal Care,141,6,16,2
1864,24,2024-06-02,1900-01-01 16:00:00,16,Chocolate,2,468.62,Snacks,559,6,16,2
1864,24,2024-06-02,1900-01-01 16:00:00,16,Salt,3,262.83,Grains & Staples,807,6,16,2
1865,94,2024-05-29,1900-01-01 13:02:00,13,Toilet Paper,1,155.64,Household,409,5,13,29
1865,94,2024-05-29,1900-01-01 13:02:00,13,Baby Food,2,223.24,Baby Care,812,5,13,29
1865,94,2024-05-29,1900-01-01 13:02:00,13,Toothpaste,3,331.84,Personal Care,723,5,13,29
1865,94,2024-05-29,1900-01-01 13:02:00,13,Tomato,3,253.36,Fruits & Vegetables,464,5,13,29
1865,94,2024-05-29,1900-01-01 13:02:00,13,Saree,2,88.23,Clothing,414,5,13,29
1866,65,2024-05-12,1900-01-01 14:56:00,14,Toothpaste,3,231.87,Personal Care,110,5,14,12
1866,65,2024-05-12,1900-01-01 14:56:00,14,Juice,2,147.16,Beverages,284,5,14,12
1866,65,2024-05-12,1900-01-01 14:56:00,14,Bread,3,440.3,Bakery,542,5,14,12
1866,65,2024-05-12,1900-01-01 14:56:00,14,Pastry,1,414.12,Bakery,197,5,14,12
1866,65,2024-05-12,1900-01-01 14:56:00,14,Jeans,2,438.31,Clothing,420,5,14,12
1866,65,2024-05-12,1900-01-01 14:56:00,14,Fish,2,106.38,Meat & Seafood,927,5,14,12
1866,65,2024-05-12,1900-01-01 14:56:00,14,Fish,1,210.35,Meat & Seafood,699,5,14,12
1867,323,2024-01-09,1900-01-01 17:39:00,17,Bread,1,419.6,Bakery,239,1,17,9
1867,323,2024-01-09,1900-01-01 17:39:00,17,Shoes,1,302.54,Footwear,465,1,17,9
1867,323,2024-01-09,1900-01-01 17:39:00,17,Chips,2,478.25,Snacks,279,1,17,9
1867,323,2024-01-09,1900-01-01 17:39:00,17,Beef,2,224.13,Meat & Seafood,809,1,17,9
1868,374,2024-08-18,1900-01-01 14:18:00,14,Earphones,3,119.77,Electronics,157,8,14,18
1868,374,2024-08-18,1900-01-01 14:18:00,14,Baby Food,2,432.98,Baby Care,832,8,14,18
1868,374,2024-08-18,1900-01-01 14:18:00,14,Cookies,2,176.71,Bakery,489,8,14,18
1868,374,2024-08-18,1900-01-01 14:18:00,14,Pen,3,290.15,Stationery,990,8,14,18
1868,374,2024-08-18,1900-01-01 14:18:00,14,Bread,2,319.4,Bakery,922,8,14,18
1868,374,2024-08-18,1900-01-01 14:18:00,14,Potato,1,114.62,Fruits & Vegetables,322,8,14,18
1868,374,2024-08-18,1900-01-01 14:18:00,14,Pain Reliever,1,223.87,Health & Wellness,408,8,14,18
1869,422,2024-03-19,1900-01-01 06:06:00,6,Belt,1,36.74,Clothing Accessories,798,3,6,19
1869,422,2024-03-19,1900-01-01 06:06:00,6,Cookies,3,484.39,Bakery,811,3,6,19
1869,422,2024-03-19,1900-01-01 06:06:00,6,Croissant,2,492.13,Bakery,383,3,6,19
1870,224,2024-04-13,1900-01-01 21:00:00,21,Saree,3,473.01,Clothing,318,4,21,13
1870,224,2024-04-13,1900-01-01 21:00:00,21,Coffee,2,97.09,Beverages,232,4,21,13
1870,224,2024-04-13,1900-01-01 21:00:00,21,Phone Cover,1,224.13,Electronics,648,4,21,13
1870,224,2024-04-13,1900-01-01 21:00:00,21,Floor Cleaner,3,149.1,Household,270,4,21,13
1870,224,2024-04-13,1900-01-01 21:00:00,21,Carrot,2,182.82,Fruits & Vegetables,307,4,21,13
1870,224,2024-04-13,1900-01-01 21:00:00,21,Prawns,2,457.1,Meat & Seafood,631,4,21,13
1871,231,2024-11-27,1900-01-01 17:52:00,17,Coffee,2,30.09,Beverages,966,11,17,27
1871,231,2024-11-27,1900-01-01 17:52:00,17,Shirt,3,339.2,Clothing,121,11,17,27
1871,231,2024-11-27,1900-01-01 17:52:00,17,Dishwashing Liquid,1,371.11,Household,661,11,17,27
1871,231,2024-11-27,1900-01-01 17:52:00,17,Pastry,1,421.33,Bakery,910,11,17,27
1871,231,2024-11-27,1900-01-01 17:52:00,17,Diapers,3,236.59,Baby Care,153,11,17,27
1871,231,2024-11-27,1900-01-01 17:52:00,17,Chicken Breast,1,381.49,Meat & Seafood,212,11,17,27
1872,450,2024-07-20,1900-01-01 22:57:00,22,Bread,2,273.83,Bakery,899,7,22,20
1872,450,2024-07-20,1900-01-01 22:57:00,22,Charger,3,338.67,Electronics,362,7,22,20
1872,450,2024-07-20,1900-01-01 22:57:00,22,Orange,3,477.39,Fruits & Vegetables,114,7,22,20
1872,450,2024-07-20,1900-01-01 22:57:00,22,Pasta,3,333.43,Grains & Staples,723,7,22,20
1872,450,2024-07-20,1900-01-01 22:57:00,22,Pastry,2,497.99,Bakery,191,7,22,20
1873,410,2024-02-07,1900-01-01 09:49:00,9,Rice,1,210.75,Grains & Staples,947,2,9,7
1873,410,2024-02-07,1900-01-01 09:49:00,9,Onion,1,36.52,Fruits & Vegetables,256,2,9,7
1873,410,2024-02-07,1900-01-01 09:49:00,9,Apple,3,197.97,Fruits & Vegetables,849,2,9,7
1873,410,2024-02-07,1900-01-01 09:49:00,9,Yogurt,3,200.63,Dairy & Eggs,184,2,9,7
1873,410,2024-02-07,1900-01-01 09:49:00,9,Charger,1,48.63,Electronics,530,2,9,7
1873,410,2024-02-07,1900-01-01 09:49:00,9,Charger,1,37.95,Electronics,437,2,9,7
1874,161,2024-03-28,1900-01-01 14:09:00,14,Milk,1,164.61,Dairy & Eggs,592,3,14,28
1874,161,2024-03-28,1900-01-01 14:09:00,14,Baby Food,2,412.14,Baby Care,378,3,14,28
1874,161,2024-03-28,1900-01-01 14:09:00,14,Sugar,2,305.66,Grains & Staples,358,3,14,28
1874,161,2024-03-28,1900-01-01 14:09:00,14,Orange,3,333.43,Fruits & Vegetables,573,3,14,28
1875,106,2024-02-25,1900-01-01 08:18:00,8,Vitamins,3,379.68,Health & Wellness,802,2,8,25
1875,106,2024-02-25,1900-01-01 08:18:00,8,Belt,3,471.1,Clothing Accessories,155,2,8,25
1875,106,2024-02-25,1900-01-01 08:18:00,8,Popcorn,3,211.07,Snacks,956,2,8,25
1875,106,2024-02-25,1900-01-01 08:18:00,8,Cake,2,259.77,Bakery,831,2,8,25
1876,214,2024-04-28,1900-01-01 15:26:00,15,Coffee,2,332.01,Beverages,609,4,15,28
1876,214,2024-04-28,1900-01-01 15:26:00,15,Wheat Flour,3,387.83,Grains & Staples,228,4,15,28
1876,214,2024-04-28,1900-01-01 15:26:00,15,Notebook,3,294.29,Stationery,180,4,15,28
1876,214,2024-04-28,1900-01-01 15:26:00,15,Cookies,1,313.76,Bakery,813,4,15,28
1876,214,2024-04-28,1900-01-01 15:26:00,15,Mixer Grinder,1,214.86,Electronics,807,4,15,28
1877,283,2024-09-15,1900-01-01 15:13:00,15,Rice,3,199.06,Grains & Staples,867,9,15,15
1877,283,2024-09-15,1900-01-01 15:13:00,15,Floor Cleaner,3,133.6,Household,223,9,15,15
1877,283,2024-09-15,1900-01-01 15:13:00,15,Fish,1,81.85,Meat & Seafood,322,9,15,15
1878,206,2024-09-25,1900-01-01 10:26:00,10,Rice,3,83.54,Grains & Staples,620,9,10,25
1878,206,2024-09-25,1900-01-01 10:26:00,10,Spinach,2,261.8,Fruits & Vegetables,872,9,10,25
1878,206,2024-09-25,1900-01-01 10:26:00,10,Chicken Breast,3,318.81,Meat & Seafood,230,9,10,25
1878,206,2024-09-25,1900-01-01 10:26:00,10,Dishwashing Liquid,3,201.69,Household,265,9,10,25
1878,206,2024-09-25,1900-01-01 10:26:00,10,Charger,1,471.1,Electronics,241,9,10,25
1878,206,2024-09-25,1900-01-01 10:26:00,10,Eggs,3,270.71,Dairy & Eggs,401,9,10,25
1878,206,2024-09-25,1900-01-01 10:26:00,10,Floor Cleaner,1,289.27,Household,567,9,10,25
1879,353,2024-12-16,1900-01-01 16:05:00,16,Educational Book,2,23.59,Books,552,12,16,16
1879,353,2024-12-16,1900-01-01 16:05:00,16,Shirt,3,79.37,Clothing,522,12,16,16
1879,353,2024-12-16,1900-01-01 16:05:00,16,Toilet Paper,3,23.43,Household,839,12,16,16
1879,353,2024-12-16,1900-01-01 16:05:00,16,Butter,3,294.28,Dairy & Eggs,755,12,16,16
1880,357,2024-09-04,1900-01-01 16:00:00,16,Toilet Paper,1,82.74,Household,748,9,16,4
1880,357,2024-09-04,1900-01-01 16:00:00,16,Biscuits,1,154.39,Snacks,615,9,16,4
1880,357,2024-09-04,1900-01-01 16:00:00,16,Prawns,3,129.16,Meat & Seafood,251,9,16,4
1880,357,2024-09-04,1900-01-01 16:00:00,16,Pen,1,269.94,Stationery,801,9,16,4
1880,357,2024-09-04,1900-01-01 16:00:00,16,Cooking Oil,3,156.43,Grains & Staples,674,9,16,4
1880,357,2024-09-04,1900-01-01 16:00:00,16,Charger,1,464.08,Electronics,979,9,16,4
1881,463,2024-08-24,1900-01-01 14:18:00,14,Phone Cover,2,412.47,Electronics,286,8,14,24
1881,463,2024-08-24,1900-01-01 14:18:00,14,Electric Kettle,3,204.45,Electronics,987,8,14,24
1881,463,2024-08-24,1900-01-01 14:18:00,14,Phone Cover,1,260.84,Electronics,108,8,14,24
1881,463,2024-08-24,1900-01-01 14:18:00,14,Face Wash,3,180.82,Personal Care,833,8,14,24
1881,463,2024-08-24,1900-01-01 14:18:00,14,Dishwashing Liquid,3,156.28,Household,891,8,14,24
1881,463,2024-08-24,1900-01-01 14:18:00,14,Fish,1,253.66,Meat & Seafood,147,8,14,24
1881,463,2024-08-24,1900-01-01 14:18:00,14,Eggs,1,442.8,Dairy & Eggs,234,8,14,24
1882,184,2024-02-02,1900-01-01 07:51:00,7,Belt,3,427.27,Clothing Accessories,978,2,7,2
1882,184,2024-02-02,1900-01-01 07:51:00,7,Cheese,1,397.72,Dairy & Eggs,455,2,7,2
1882,184,2024-02-02,1900-01-01 07:51:00,7,Electric Kettle,3,214.29,Electronics,502,2,7,2
1882,184,2024-02-02,1900-01-01 07:51:00,7,Rice,1,137.49,Grains & Staples,121,2,7,2
1882,184,2024-02-02,1900-01-01 07:51:00,7,Baby Food,1,310.91,Baby Care,619,2,7,2
1882,184,2024-02-02,1900-01-01 07:51:00,7,Dress,2,132.85,Clothing,232,2,7,2
1882,184,2024-02-02,1900-01-01 07:51:00,7,Soda,2,287.29,Beverages,837,2,7,2
1883,49,2024-03-15,1900-01-01 18:44:00,18,Dishwashing Liquid,1,472.25,Household,944,3,18,15
1883,49,2024-03-15,1900-01-01 18:44:00,18,Lentils,1,35.61,Grains & Staples,124,3,18,15
1883,49,2024-03-15,1900-01-01 18:44:00,18,Butter,2,474.03,Dairy & Eggs,947,3,18,15
1883,49,2024-03-15,1900-01-01 18:44:00,18,Beef,1,47.83,Meat & Seafood,959,3,18,15
1883,49,2024-03-15,1900-01-01 18:44:00,18,Mixer Grinder,3,469.56,Electronics,560,3,18,15
1883,49,2024-03-15,1900-01-01 18:44:00,18,Prawns,1,62.04,Meat & Seafood,749,3,18,15
1883,49,2024-03-15,1900-01-01 18:44:00,18,Dress,3,360.9,Clothing,630,3,18,15
1884,18,2024-02-27,1900-01-01 07:55:00,7,Banana,2,351.4,Fruits & Vegetables,988,2,7,27
1884,18,2024-02-27,1900-01-01 07:55:00,7,Belt,2,142.14,Clothing Accessories,372,2,7,27
1884,18,2024-02-27,1900-01-01 07:55:00,7,Toothpaste,1,343.44,Personal Care,965,2,7,27
1884,18,2024-02-27,1900-01-01 07:55:00,7,Cake,2,308.83,Bakery,974,2,7,27
1884,18,2024-02-27,1900-01-01 07:55:00,7,Chips,3,92.14,Snacks,376,2,7,27
1884,18,2024-02-27,1900-01-01 07:55:00,7,Educational Book,2,426.97,Books,579,2,7,27
1885,23,2024-10-25,1900-01-01 07:55:00,7,Shoes,1,143.63,Footwear,539,10,7,25
1885,23,2024-10-25,1900-01-01 07:55:00,7,Banana,2,42.18,Fruits & Vegetables,797,10,7,25
1885,23,2024-10-25,1900-01-01 07:55:00,7,Electric Kettle,3,393.07,Electronics,872,10,7,25
1885,23,2024-10-25,1900-01-01 07:55:00,7,Spices,1,242.45,Grains & Staples,668,10,7,25
1885,23,2024-10-25,1900-01-01 07:55:00,7,Face Wash,1,461.13,Personal Care,202,10,7,25
1885,23,2024-10-25,1900-01-01 07:55:00,7,Marker,2,180.62,Stationery,831,10,7,25
1886,164,2024-05-05,1900-01-01 16:26:00,16,Cookies,3,269.95,Bakery,475,5,16,5
1886,164,2024-05-05,1900-01-01 16:26:00,16,Salt,2,429.22,Grains & Staples,378,5,16,5
1886,164,2024-05-05,1900-01-01 16:26:00,16,Baby Food,1,379.14,Baby Care,386,5,16,5
1887,193,2024-12-16,1900-01-01 08:44:00,8,Notebook,1,328.32,Stationery,556,12,8,16
1887,193,2024-12-16,1900-01-01 08:44:00,8,Saree,3,387.27,Clothing,643,12,8,16
1887,193,2024-12-16,1900-01-01 08:44:00,8,Shampoo,1,314.64,Personal Care,981,12,8,16
1888,361,2024-01-18,1900-01-01 14:00:00,14,Pain Reliever,3,182.52,Health & Wellness,955,1,14,18
1888,361,2024-01-18,1900-01-01 14:00:00,14,Saree,3,340.05,Clothing,951,1,14,18
1888,361,2024-01-18,1900-01-01 14:00:00,14,Phone Cover,2,483.2,Electronics,512,1,14,18
1888,361,2024-01-18,1900-01-01 14:00:00,14,Marker,2,301.53,Stationery,692,1,14,18
1888,361,2024-01-18,1900-01-01 14:00:00,14,Orange,3,397.0,Fruits & Vegetables,512,1,14,18
1888,361,2024-01-18,1900-01-01 14:00:00,14,Eggs,1,45.66,Dairy & Eggs,134,1,14,18
1889,318,2024-03-03,1900-01-01 13:39:00,13,Sugar,1,90.09,Grains & Staples,318,3,13,3
1889,318,2024-03-03,1900-01-01 13:39:00,13,Marker,1,411.72,Stationery,565,3,13,3
1889,318,2024-03-03,1900-01-01 13:39:00,13,Yogurt,2,16.31,Dairy & Eggs,855,3,13,3
1889,318,2024-03-03,1900-01-01 13:39:00,13,Chocolate,3,198.72,Snacks,373,3,13,3
1889,318,2024-03-03,1900-01-01 13:39:00,13,Phone Cover,1,452.11,Electronics,340,3,13,3
1890,146,2024-12-28,1900-01-01 14:43:00,14,Wheat Flour,2,371.75,Grains & Staples,384,12,14,28
1890,146,2024-12-28,1900-01-01 14:43:00,14,Spinach,2,119.36,Fruits & Vegetables,216,12,14,28
1890,146,2024-12-28,1900-01-01 14:43:00,14,Beef,2,199.72,Meat & Seafood,106,12,14,28
1890,146,2024-12-28,1900-01-01 14:43:00,14,Spices,1,412.28,Grains & Staples,983,12,14,28
1890,146,2024-12-28,1900-01-01 14:43:00,14,Beef,3,354.71,Meat & Seafood,878,12,14,28
1890,146,2024-12-28,1900-01-01 14:43:00,14,Toothpaste,3,442.22,Personal Care,469,12,14,28
1890,146,2024-12-28,1900-01-01 14:43:00,14,Bread,3,444.37,Bakery,760,12,14,28
1891,358,2024-07-08,1900-01-01 20:59:00,20,Juice,1,426.05,Beverages,260,7,20,8
1891,358,2024-07-08,1900-01-01 20:59:00,20,Milk,1,388.83,Dairy & Eggs,819,7,20,8
1891,358,2024-07-08,1900-01-01 20:59:00,20,Croissant,2,41.41,Bakery,106,7,20,8
1892,62,2024-03-05,1900-01-01 18:38:00,18,Toilet Paper,2,467.9,Household,478,3,18,5
1892,62,2024-03-05,1900-01-01 18:38:00,18,Belt,2,456.99,Clothing Accessories,320,3,18,5
1892,62,2024-03-05,1900-01-01 18:38:00,18,Salt,2,476.14,Grains & Staples,346,3,18,5
1892,62,2024-03-05,1900-01-01 18:38:00,18,Tomato,1,179.16,Fruits & Vegetables,301,3,18,5
1892,62,2024-03-05,1900-01-01 18:38:00,18,Tissue,1,437.31,Household,682,3,18,5
1893,23,2024-03-12,1900-01-01 06:12:00,6,Cookies,3,421.71,Bakery,313,3,6,12
1893,23,2024-03-12,1900-01-01 06:12:00,6,Spices,3,134.08,Grains & Staples,920,3,6,12
1893,23,2024-03-12,1900-01-01 06:12:00,6,Bread,3,485.66,Bakery,552,3,6,12
1893,23,2024-03-12,1900-01-01 06:12:00,6,Jeans,1,222.21,Clothing,937,3,6,12
1893,23,2024-03-12,1900-01-01 06:12:00,6,Cookies,1,223.38,Bakery,410,3,6,12
1893,23,2024-03-12,1900-01-01 06:12:00,6,Sugar,1,250.1,Grains & Staples,237,3,6,12
1894,376,2024-01-13,1900-01-01 16:57:00,16,Tissue,2,194.16,Household,676,1,16,13
1894,376,2024-01-13,1900-01-01 16:57:00,16,Rice,3,169.98,Grains & Staples,356,1,16,13
1894,376,2024-01-13,1900-01-01 16:57:00,16,Tomato,3,314.9,Fruits & Vegetables,342,1,16,13
1894,376,2024-01-13,1900-01-01 16:57:00,16,Diapers,1,407.23,Baby Care,271,1,16,13
1895,193,2024-10-07,1900-01-01 07:21:00,7,Sugar,2,128.69,Grains & Staples,241,10,7,7
1895,193,2024-10-07,1900-01-01 07:21:00,7,Orange,1,266.71,Fruits & Vegetables,783,10,7,7
1895,193,2024-10-07,1900-01-01 07:21:00,7,Electric Kettle,1,266.94,Electronics,744,10,7,7
1895,193,2024-10-07,1900-01-01 07:21:00,7,Shirt,2,16.44,Clothing,435,10,7,7
1895,193,2024-10-07,1900-01-01 07:21:00,7,Juice,2,68.49,Beverages,862,10,7,7
1895,193,2024-10-07,1900-01-01 07:21:00,7,Salt,1,297.47,Grains & Staples,273,10,7,7
1896,448,2024-12-04,1900-01-01 08:15:00,8,Educational Book,2,304.11,Books,301,12,8,4
1896,448,2024-12-04,1900-01-01 08:15:00,8,Jeans,1,50.2,Clothing,863,12,8,4
1896,448,2024-12-04,1900-01-01 08:15:00,8,Tissue,2,175.95,Household,404,12,8,4
1896,448,2024-12-04,1900-01-01 08:15:00,8,Biscuits,1,493.48,Snacks,439,12,8,4
1896,448,2024-12-04,1900-01-01 08:15:00,8,Chocolate,1,339.1,Snacks,217,12,8,4
1896,448,2024-12-04,1900-01-01 08:15:00,8,Fiction Book,3,175.38,Books,739,12,8,4
1896,448,2024-12-04,1900-01-01 08:15:00,8,Belt,2,393.41,Clothing Accessories,171,12,8,4
1897,409,2024-12-25,1900-01-01 07:23:00,7,Educational Book,1,145.79,Books,951,12,7,25
1897,409,2024-12-25,1900-01-01 07:23:00,7,Charger,2,269.94,Electronics,247,12,7,25
1897,409,2024-12-25,1900-01-01 07:23:00,7,Floor Cleaner,1,263.89,Household,590,12,7,25
1897,409,2024-12-25,1900-01-01 07:23:00,7,Energy Drink,3,481.63,Beverages,301,12,7,25
1897,409,2024-12-25,1900-01-01 07:23:00,7,Potato,1,10.69,Fruits & Vegetables,509,12,7,25
1898,105,2024-07-28,1900-01-01 12:17:00,12,Chocolate,1,418.17,Snacks,210,7,12,28
1898,105,2024-07-28,1900-01-01 12:17:00,12,Yogurt,2,363.97,Dairy & Eggs,744,7,12,28
1898,105,2024-07-28,1900-01-01 12:17:00,12,Banana,1,277.04,Fruits & Vegetables,561,7,12,28
1898,105,2024-07-28,1900-01-01 12:17:00,12,Dishwashing Liquid,1,205.3,Household,263,7,12,28
1898,105,2024-07-28,1900-01-01 12:17:00,12,Spinach,2,431.5,Fruits & Vegetables,486,7,12,28
1898,105,2024-07-28,1900-01-01 12:17:00,12,Chips,3,130.02,Snacks,616,7,12,28
1898,105,2024-07-28,1900-01-01 12:17:00,12,Spices,2,77.23,Grains & Staples,568,7,12,28
1899,485,2024-09-29,1900-01-01 09:44:00,9,Fiction Book,2,421.49,Books,377,9,9,29
1899,485,2024-09-29,1900-01-01 09:44:00,9,Energy Drink,2,392.99,Beverages,440,9,9,29
1899,485,2024-09-29,1900-01-01 09:44:00,9,Baby Food,2,345.68,Baby Care,337,9,9,29
1899,485,2024-09-29,1900-01-01 09:44:00,9,Cookies,3,468.41,Bakery,326,9,9,29
1899,485,2024-09-29,1900-01-01 09:44:00,9,Tomato,3,142.86,Fruits & Vegetables,914,9,9,29
1900,341,2024-08-15,1900-01-01 20:27:00,20,Pasta,3,274.73,Grains & Staples,379,8,20,15
1900,341,2024-08-15,1900-01-01 20:27:00,20,Pen,1,198.0,Stationery,502,8,20,15
1900,341,2024-08-15,1900-01-01 20:27:00,20,Fish,2,390.81,Meat & Seafood,461,8,20,15
1900,341,2024-08-15,1900-01-01 20:27:00,20,Dishwashing Liquid,3,139.4,Household,407,8,20,15
1900,341,2024-08-15,1900-01-01 20:27:00,20,Dishwashing Liquid,2,225.21,Household,186,8,20,15
1900,341,2024-08-15,1900-01-01 20:27:00,20,Butter,2,474.13,Dairy & Eggs,772,8,20,15
1901,414,2024-02-25,1900-01-01 11:12:00,11,Pain Reliever,3,468.25,Health & Wellness,132,2,11,25
1901,414,2024-02-25,1900-01-01 11:12:00,11,Shoes,3,174.03,Footwear,648,2,11,25
1901,414,2024-02-25,1900-01-01 11:12:00,11,Pain Reliever,3,280.09,Health & Wellness,126,2,11,25
1901,414,2024-02-25,1900-01-01 11:12:00,11,Cheese,1,372.31,Dairy & Eggs,806,2,11,25
1901,414,2024-02-25,1900-01-01 11:12:00,11,Fish,3,32.89,Meat & Seafood,292,2,11,25
1901,414,2024-02-25,1900-01-01 11:12:00,11,Detergent,1,257.15,Household,462,2,11,25
1902,4,2024-06-30,1900-01-01 17:54:00,17,Dishwashing Liquid,2,189.89,Household,775,6,17,30
1902,4,2024-06-30,1900-01-01 17:54:00,17,Earphones,1,50.17,Electronics,251,6,17,30
1902,4,2024-06-30,1900-01-01 17:54:00,17,Apple,2,348.44,Fruits & Vegetables,229,6,17,30
1903,183,2024-03-14,1900-01-01 10:41:00,10,Detergent,2,493.72,Household,192,3,10,14
1903,183,2024-03-14,1900-01-01 10:41:00,10,Dress,1,194.6,Clothing,285,3,10,14
1903,183,2024-03-14,1900-01-01 10:41:00,10,Earphones,1,90.93,Electronics,901,3,10,14
1903,183,2024-03-14,1900-01-01 10:41:00,10,Pastry,2,17.56,Bakery,678,3,10,14
1904,43,2024-05-20,1900-01-01 08:11:00,8,Soap,3,203.62,Personal Care,854,5,8,20
1904,43,2024-05-20,1900-01-01 08:11:00,8,Phone Cover,2,321.79,Electronics,250,5,8,20
1904,43,2024-05-20,1900-01-01 08:11:00,8,Spices,1,478.22,Grains & Staples,556,5,8,20
1904,43,2024-05-20,1900-01-01 08:11:00,8,Vitamins,1,184.94,Health & Wellness,500,5,8,20
1904,43,2024-05-20,1900-01-01 08:11:00,8,Face Wash,3,161.65,Personal Care,674,5,8,20
1905,303,2024-09-05,1900-01-01 22:07:00,22,Cheese,2,372.75,Dairy & Eggs,678,9,22,5
1905,303,2024-09-05,1900-01-01 22:07:00,22,Baby Food,2,214.19,Baby Care,517,9,22,5
1905,303,2024-09-05,1900-01-01 22:07:00,22,Mixer Grinder,2,170.64,Electronics,475,9,22,5
1906,252,2024-01-05,1900-01-01 22:55:00,22,Energy Drink,1,11.48,Beverages,900,1,22,5
1906,252,2024-01-05,1900-01-01 22:55:00,22,Electric Kettle,1,144.04,Electronics,727,1,22,5
1906,252,2024-01-05,1900-01-01 22:55:00,22,Detergent,1,207.33,Household,961,1,22,5
1906,252,2024-01-05,1900-01-01 22:55:00,22,Saree,1,344.51,Clothing,768,1,22,5
1906,252,2024-01-05,1900-01-01 22:55:00,22,Energy Drink,2,183.1,Beverages,885,1,22,5
1906,252,2024-01-05,1900-01-01 22:55:00,22,Beef,1,477.07,Meat & Seafood,327,1,22,5
1907,98,2024-07-05,1900-01-01 06:10:00,6,Educational Book,2,455.81,Books,442,7,6,5
1907,98,2024-07-05,1900-01-01 06:10:00,6,Phone Cover,2,170.51,Electronics,530,7,6,5
1907,98,2024-07-05,1900-01-01 06:10:00,6,Soap,1,143.64,Personal Care,417,7,6,5
1907,98,2024-07-05,1900-01-01 06:10:00,6,Salt,3,341.67,Grains & Staples,387,7,6,5
1907,98,2024-07-05,1900-01-01 06:10:00,6,Toothpaste,1,197.12,Personal Care,538,7,6,5
1907,98,2024-07-05,1900-01-01 06:10:00,6,Carrot,2,135.68,Fruits & Vegetables,930,7,6,5
1908,57,2024-11-27,1900-01-01 14:52:00,14,Popcorn,1,476.06,Snacks,190,11,14,27
1908,57,2024-11-27,1900-01-01 14:52:00,14,Earphones,1,315.12,Electronics,936,11,14,27
1908,57,2024-11-27,1900-01-01 14:52:00,14,Butter,2,371.88,Dairy & Eggs,382,11,14,27
1908,57,2024-11-27,1900-01-01 14:52:00,14,Cake,3,480.9,Bakery,500,11,14,27
1908,57,2024-11-27,1900-01-01 14:52:00,14,Popcorn,1,397.54,Snacks,893,11,14,27
1909,475,2024-03-03,1900-01-01 17:09:00,17,Onion,3,245.97,Fruits & Vegetables,501,3,17,3
1909,475,2024-03-03,1900-01-01 17:09:00,17,Popcorn,2,353.26,Snacks,334,3,17,3
1909,475,2024-03-03,1900-01-01 17:09:00,17,Chicken Breast,1,379.29,Meat & Seafood,586,3,17,3
1909,475,2024-03-03,1900-01-01 17:09:00,17,Shirt,1,391.91,Clothing,163,3,17,3
1909,475,2024-03-03,1900-01-01 17:09:00,17,Eggs,2,361.69,Dairy & Eggs,993,3,17,3
1909,475,2024-03-03,1900-01-01 17:09:00,17,Cookies,1,190.59,Bakery,450,3,17,3
1910,357,2024-07-01,1900-01-01 15:53:00,15,Dress,3,63.59,Clothing,680,7,15,1
1910,357,2024-07-01,1900-01-01 15:53:00,15,Belt,3,127.79,Clothing Accessories,743,7,15,1
1910,357,2024-07-01,1900-01-01 15:53:00,15,Chips,3,361.63,Snacks,301,7,15,1
1910,357,2024-07-01,1900-01-01 15:53:00,15,Banana,1,460.57,Fruits & Vegetables,933,7,15,1
1910,357,2024-07-01,1900-01-01 15:53:00,15,Energy Drink,3,414.58,Beverages,372,7,15,1
1911,334,2024-02-20,1900-01-01 18:14:00,18,Phone Cover,1,82.36,Electronics,275,2,18,20
1911,334,2024-02-20,1900-01-01 18:14:00,18,Butter,1,307.42,Dairy & Eggs,944,2,18,20
1911,334,2024-02-20,1900-01-01 18:14:00,18,Fiction Book,1,284.16,Books,378,2,18,20
1911,334,2024-02-20,1900-01-01 18:14:00,18,Charger,1,223.71,Electronics,164,2,18,20
1911,334,2024-02-20,1900-01-01 18:14:00,18,Face Wash,1,119.54,Personal Care,923,2,18,20
1911,334,2024-02-20,1900-01-01 18:14:00,18,Energy Drink,2,224.29,Beverages,106,2,18,20
1912,342,2024-01-30,1900-01-01 14:36:00,14,Fiction Book,2,119.07,Books,177,1,14,30
1912,342,2024-01-30,1900-01-01 14:36:00,14,Tissue,2,167.14,Household,585,1,14,30
1912,342,2024-01-30,1900-01-01 14:36:00,14,Croissant,2,316.76,Bakery,478,1,14,30
1912,342,2024-01-30,1900-01-01 14:36:00,14,Diapers,2,347.8,Baby Care,405,1,14,30
1912,342,2024-01-30,1900-01-01 14:36:00,14,Popcorn,2,380.19,Snacks,137,1,14,30
1913,498,2024-03-23,1900-01-01 20:31:00,20,Spices,1,451.07,Grains & Staples,333,3,20,23
1913,498,2024-03-23,1900-01-01 20:31:00,20,Toothpaste,2,431.3,Personal Care,814,3,20,23
1913,498,2024-03-23,1900-01-01 20:31:00,20,Orange,3,256.14,Fruits & Vegetables,155,3,20,23
1913,498,2024-03-23,1900-01-01 20:31:00,20,Charger,2,335.4,Electronics,530,3,20,23
1913,498,2024-03-23,1900-01-01 20:31:00,20,Chicken Breast,2,283.3,Meat & Seafood,494,3,20,23
1913,498,2024-03-23,1900-01-01 20:31:00,20,Tea,3,279.04,Beverages,472,3,20,23
1914,108,2024-04-04,1900-01-01 14:37:00,14,Banana,3,410.46,Fruits & Vegetables,327,4,14,4
1914,108,2024-04-04,1900-01-01 14:37:00,14,Educational Book,3,496.72,Books,885,4,14,4
1914,108,2024-04-04,1900-01-01 14:37:00,14,Baby Food,1,415.21,Baby Care,180,4,14,4
1914,108,2024-04-04,1900-01-01 14:37:00,14,Dishwashing Liquid,2,142.41,Household,140,4,14,4
1915,101,2024-08-10,1900-01-01 14:11:00,14,Bread,1,212.72,Bakery,655,8,14,10
1915,101,2024-08-10,1900-01-01 14:11:00,14,Juice,2,460.99,Beverages,776,8,14,10
1915,101,2024-08-10,1900-01-01 14:11:00,14,Milk,3,309.84,Dairy & Eggs,571,8,14,10
1915,101,2024-08-10,1900-01-01 14:11:00,14,Chicken Breast,1,204.22,Meat & Seafood,148,8,14,10
1915,101,2024-08-10,1900-01-01 14:11:00,14,Cooking Oil,1,182.67,Grains & Staples,643,8,14,10
1915,101,2024-08-10,1900-01-01 14:11:00,14,Pen,3,85.17,Stationery,650,8,14,10
1916,149,2024-11-09,1900-01-01 13:28:00,13,Spices,1,412.49,Grains & Staples,406,11,13,9
1916,149,2024-11-09,1900-01-01 13:28:00,13,Yogurt,1,373.13,Dairy & Eggs,321,11,13,9
1916,149,2024-11-09,1900-01-01 13:28:00,13,Dishwashing Liquid,1,162.94,Household,439,11,13,9
1916,149,2024-11-09,1900-01-01 13:28:00,13,Prawns,2,15.17,Meat & Seafood,147,11,13,9
1917,183,2024-06-01,1900-01-01 08:40:00,8,Potato,1,321.54,Fruits & Vegetables,340,6,8,1
1917,183,2024-06-01,1900-01-01 08:40:00,8,Phone Cover,2,39.04,Electronics,469,6,8,1
1917,183,2024-06-01,1900-01-01 08:40:00,8,Fiction Book,3,380.19,Books,505,6,8,1
1917,183,2024-06-01,1900-01-01 08:40:00,8,Pastry,3,374.34,Bakery,333,6,8,1
1917,183,2024-06-01,1900-01-01 08:40:00,8,Energy Drink,2,316.73,Beverages,698,6,8,1
1917,183,2024-06-01,1900-01-01 08:40:00,8,Popcorn,1,164.68,Snacks,940,6,8,1
1918,186,2024-07-16,1900-01-01 15:07:00,15,Chicken Breast,3,238.38,Meat & Seafood,977,7,15,16
1918,186,2024-07-16,1900-01-01 15:07:00,15,Fish,2,479.57,Meat & Seafood,360,7,15,16
1918,186,2024-07-16,1900-01-01 15:07:00,15,Orange,2,190.93,Fruits & Vegetables,848,7,15,16
1918,186,2024-07-16,1900-01-01 15:07:00,15,Detergent,2,87.77,Household,289,7,15,16
1919,499,2024-06-07,1900-01-01 10:44:00,10,Detergent,2,251.4,Household,743,6,10,7
1919,499,2024-06-07,1900-01-01 10:44:00,10,Mixer Grinder,3,418.54,Electronics,513,6,10,7
1919,499,2024-06-07,1900-01-01 10:44:00,10,Croissant,1,149.87,Bakery,217,6,10,7
1919,499,2024-06-07,1900-01-01 10:44:00,10,Soda,3,107.24,Beverages,421,6,10,7
1920,67,2024-03-20,1900-01-01 11:29:00,11,Chicken Breast,2,494.67,Meat & Seafood,413,3,11,20
1920,67,2024-03-20,1900-01-01 11:29:00,11,Toilet Paper,2,123.78,Household,981,3,11,20
1920,67,2024-03-20,1900-01-01 11:29:00,11,Juice,2,466.8,Beverages,655,3,11,20
1920,67,2024-03-20,1900-01-01 11:29:00,11,Shampoo,1,72.92,Personal Care,862,3,11,20
1920,67,2024-03-20,1900-01-01 11:29:00,11,Dress,2,229.74,Clothing,649,3,11,20
1920,67,2024-03-20,1900-01-01 11:29:00,11,Yogurt,2,226.94,Dairy & Eggs,595,3,11,20
1920,67,2024-03-20,1900-01-01 11:29:00,11,Yogurt,3,300.52,Dairy & Eggs,779,3,11,20
1921,430,2024-01-27,1900-01-01 15:14:00,15,Croissant,3,48.92,Bakery,728,1,15,27
1921,430,2024-01-27,1900-01-01 15:14:00,15,Cheese,3,118.35,Dairy & Eggs,990,1,15,27
1921,430,2024-01-27,1900-01-01 15:14:00,15,Tissue,2,201.94,Household,634,1,15,27
1921,430,2024-01-27,1900-01-01 15:14:00,15,Energy Drink,1,316.9,Beverages,948,1,15,27
1921,430,2024-01-27,1900-01-01 15:14:00,15,Beef,1,258.34,Meat & Seafood,872,1,15,27
1921,430,2024-01-27,1900-01-01 15:14:00,15,Baby Food,3,407.67,Baby Care,723,1,15,27
1921,430,2024-01-27,1900-01-01 15:14:00,15,Educational Book,2,441.87,Books,901,1,15,27
1922,238,2024-02-11,1900-01-01 16:57:00,16,Detergent,1,134.43,Household,121,2,16,11
1922,238,2024-02-11,1900-01-01 16:57:00,16,Tissue,2,368.38,Household,689,2,16,11
1922,238,2024-02-11,1900-01-01 16:57:00,16,Tissue,2,276.37,Household,852,2,16,11
1922,238,2024-02-11,1900-01-01 16:57:00,16,Wheat Flour,2,90.74,Grains & Staples,743,2,16,11
1922,238,2024-02-11,1900-01-01 16:57:00,16,Jeans,1,376.45,Clothing,936,2,16,11
1922,238,2024-02-11,1900-01-01 16:57:00,16,Pen,3,449.84,Stationery,651,2,16,11
1923,122,2024-10-23,1900-01-01 22:34:00,22,Tissue,2,275.17,Household,603,10,22,23
1923,122,2024-10-23,1900-01-01 22:34:00,22,Apple,1,182.25,Fruits & Vegetables,343,10,22,23
1923,122,2024-10-23,1900-01-01 22:34:00,22,Charger,1,463.11,Electronics,276,10,22,23
1923,122,2024-10-23,1900-01-01 22:34:00,22,Sugar,3,260.95,Grains & Staples,760,10,22,23
1923,122,2024-10-23,1900-01-01 22:34:00,22,Popcorn,3,164.07,Snacks,663,10,22,23
1924,348,2024-12-13,1900-01-01 19:00:00,19,Charger,1,258.49,Electronics,304,12,19,13
1924,348,2024-12-13,1900-01-01 19:00:00,19,Chips,1,170.59,Snacks,864,12,19,13
1924,348,2024-12-13,1900-01-01 19:00:00,19,Orange,2,97.02,Fruits & Vegetables,256,12,19,13
1924,348,2024-12-13,1900-01-01 19:00:00,19,Toilet Paper,3,225.12,Household,463,12,19,13
1924,348,2024-12-13,1900-01-01 19:00:00,19,Detergent,1,240.6,Household,458,12,19,13
1925,32,2024-02-03,1900-01-01 12:45:00,12,Yogurt,2,236.63,Dairy & Eggs,932,2,12,3
1925,32,2024-02-03,1900-01-01 12:45:00,12,Juice,3,138.16,Beverages,782,2,12,3
1925,32,2024-02-03,1900-01-01 12:45:00,12,Cheese,3,143.02,Dairy & Eggs,530,2,12,3
1925,32,2024-02-03,1900-01-01 12:45:00,12,Belt,2,216.39,Clothing Accessories,136,2,12,3
1925,32,2024-02-03,1900-01-01 12:45:00,12,Diapers,3,466.37,Baby Care,779,2,12,3
1925,32,2024-02-03,1900-01-01 12:45:00,12,Energy Drink,2,392.77,Beverages,856,2,12,3
1925,32,2024-02-03,1900-01-01 12:45:00,12,Banana,2,360.6,Fruits & Vegetables,486,2,12,3
1926,34,2024-04-23,1900-01-01 12:02:00,12,Toothpaste,2,138.59,Personal Care,636,4,12,23
1926,34,2024-04-23,1900-01-01 12:02:00,12,Dishwashing Liquid,1,443.28,Household,278,4,12,23
1926,34,2024-04-23,1900-01-01 12:02:00,12,Sugar,3,470.2,Grains & Staples,407,4,12,23
1926,34,2024-04-23,1900-01-01 12:02:00,12,Floor Cleaner,2,468.34,Household,895,4,12,23
1926,34,2024-04-23,1900-01-01 12:02:00,12,Pain Reliever,3,344.14,Health & Wellness,965,4,12,23
1926,34,2024-04-23,1900-01-01 12:02:00,12,Fiction Book,3,368.89,Books,881,4,12,23
1926,34,2024-04-23,1900-01-01 12:02:00,12,Mixer Grinder,3,122.6,Electronics,337,4,12,23
1927,387,2024-04-04,1900-01-01 22:54:00,22,Cooking Oil,3,72.56,Grains & Staples,617,4,22,4
1927,387,2024-04-04,1900-01-01 22:54:00,22,Chips,1,179.67,Snacks,652,4,22,4
1927,387,2024-04-04,1900-01-01 22:54:00,22,Eggs,3,182.59,Dairy & Eggs,194,4,22,4
1927,387,2024-04-04,1900-01-01 22:54:00,22,Toothpaste,1,229.8,Personal Care,847,4,22,4
1927,387,2024-04-04,1900-01-01 22:54:00,22,Pain Reliever,3,482.42,Health & Wellness,168,4,22,4
1928,150,2024-03-07,1900-01-01 21:25:00,21,Spinach,1,370.46,Fruits & Vegetables,218,3,21,7
1928,150,2024-03-07,1900-01-01 21:25:00,21,Rice,2,456.07,Grains & Staples,603,3,21,7
1928,150,2024-03-07,1900-01-01 21:25:00,21,Pastry,3,118.95,Bakery,961,3,21,7
1929,312,2024-10-09,1900-01-01 14:59:00,14,Beef,1,302.92,Meat & Seafood,281,10,14,9
1929,312,2024-10-09,1900-01-01 14:59:00,14,Fiction Book,1,444.83,Books,453,10,14,9
1929,312,2024-10-09,1900-01-01 14:59:00,14,Biscuits,3,148.4,Snacks,915,10,14,9
1929,312,2024-10-09,1900-01-01 14:59:00,14,Pasta,1,429.08,Grains & Staples,834,10,14,9
1929,312,2024-10-09,1900-01-01 14:59:00,14,Lentils,2,381.76,Grains & Staples,604,10,14,9
1929,312,2024-10-09,1900-01-01 14:59:00,14,Dress,3,485.73,Clothing,777,10,14,9
1930,93,2024-02-03,1900-01-01 16:20:00,16,Soda,1,163.45,Beverages,634,2,16,3
1930,93,2024-02-03,1900-01-01 16:20:00,16,Beef,3,334.01,Meat & Seafood,502,2,16,3
1930,93,2024-02-03,1900-01-01 16:20:00,16,Croissant,1,195.91,Bakery,765,2,16,3
1930,93,2024-02-03,1900-01-01 16:20:00,16,Shoes,2,440.21,Footwear,221,2,16,3
1930,93,2024-02-03,1900-01-01 16:20:00,16,Biscuits,3,271.61,Snacks,177,2,16,3
1931,432,2024-05-14,1900-01-01 21:45:00,21,Pen,3,76.02,Stationery,162,5,21,14
1931,432,2024-05-14,1900-01-01 21:45:00,21,Wheat Flour,1,141.23,Grains & Staples,707,5,21,14
1931,432,2024-05-14,1900-01-01 21:45:00,21,Mixer Grinder,3,336.05,Electronics,153,5,21,14
1932,41,2024-09-02,1900-01-01 18:26:00,18,Marker,3,102.06,Stationery,234,9,18,2
1932,41,2024-09-02,1900-01-01 18:26:00,18,Fish,1,130.85,Meat & Seafood,644,9,18,2
1932,41,2024-09-02,1900-01-01 18:26:00,18,Energy Drink,2,341.59,Beverages,905,9,18,2
1932,41,2024-09-02,1900-01-01 18:26:00,18,Potato,3,357.18,Fruits & Vegetables,871,9,18,2
1932,41,2024-09-02,1900-01-01 18:26:00,18,Prawns,2,295.62,Meat & Seafood,788,9,18,2
1932,41,2024-09-02,1900-01-01 18:26:00,18,Soap,1,170.6,Personal Care,153,9,18,2
1933,468,2024-06-28,1900-01-01 12:25:00,12,Chips,1,40.19,Snacks,364,6,12,28
1933,468,2024-06-28,1900-01-01 12:25:00,12,Electric Kettle,3,210.93,Electronics,423,6,12,28
1933,468,2024-06-28,1900-01-01 12:25:00,12,Earphones,2,264.11,Electronics,177,6,12,28
1934,281,2024-09-03,1900-01-01 10:06:00,10,Pastry,1,349.49,Bakery,509,9,10,3
1934,281,2024-09-03,1900-01-01 10:06:00,10,Beef,2,397.99,Meat & Seafood,234,9,10,3
1934,281,2024-09-03,1900-01-01 10:06:00,10,Toothpaste,1,242.31,Personal Care,225,9,10,3
1934,281,2024-09-03,1900-01-01 10:06:00,10,Baby Food,2,105.34,Baby Care,348,9,10,3
1935,147,2024-10-03,1900-01-01 19:06:00,19,Floor Cleaner,3,302.4,Household,834,10,19,3
1935,147,2024-10-03,1900-01-01 19:06:00,19,Charger,1,258.33,Electronics,886,10,19,3
1935,147,2024-10-03,1900-01-01 19:06:00,19,Shoes,3,39.58,Footwear,513,10,19,3
1936,472,2024-04-16,1900-01-01 19:25:00,19,Prawns,3,131.96,Meat & Seafood,596,4,19,16
1936,472,2024-04-16,1900-01-01 19:25:00,19,Yogurt,2,96.12,Dairy & Eggs,864,4,19,16
1936,472,2024-04-16,1900-01-01 19:25:00,19,Toilet Paper,1,251.68,Household,337,4,19,16
1936,472,2024-04-16,1900-01-01 19:25:00,19,Bread,1,497.89,Bakery,192,4,19,16
1936,472,2024-04-16,1900-01-01 19:25:00,19,Cheese,3,179.41,Dairy & Eggs,122,4,19,16
1936,472,2024-04-16,1900-01-01 19:25:00,19,Energy Drink,2,51.98,Beverages,449,4,19,16
1937,357,2024-04-13,1900-01-01 08:17:00,8,Face Wash,2,187.37,Personal Care,259,4,8,13
1937,357,2024-04-13,1900-01-01 08:17:00,8,Sugar,3,48.44,Grains & Staples,931,4,8,13
1937,357,2024-04-13,1900-01-01 08:17:00,8,Fish,1,491.0,Meat & Seafood,717,4,8,13
1937,357,2024-04-13,1900-01-01 08:17:00,8,Face Wash,2,145.38,Personal Care,347,4,8,13
1937,357,2024-04-13,1900-01-01 08:17:00,8,Lentils,3,164.61,Grains & Staples,213,4,8,13
1937,357,2024-04-13,1900-01-01 08:17:00,8,Cooking Oil,2,84.11,Grains & Staples,686,4,8,13
1937,357,2024-04-13,1900-01-01 08:17:00,8,Pasta,2,423.64,Grains & Staples,386,4,8,13
1938,288,2024-02-12,1900-01-01 10:16:00,10,Pain Reliever,1,394.03,Health & Wellness,366,2,10,12
1938,288,2024-02-12,1900-01-01 10:16:00,10,Cookies,3,254.87,Bakery,895,2,10,12
1938,288,2024-02-12,1900-01-01 10:16:00,10,Chocolate,3,160.01,Snacks,869,2,10,12
1938,288,2024-02-12,1900-01-01 10:16:00,10,Popcorn,2,229.12,Snacks,334,2,10,12
1938,288,2024-02-12,1900-01-01 10:16:00,10,Rice,3,298.13,Grains & Staples,932,2,10,12
1939,56,2024-07-20,1900-01-01 20:26:00,20,Dishwashing Liquid,3,336.49,Household,571,7,20,20
1939,56,2024-07-20,1900-01-01 20:26:00,20,Cake,1,140.25,Bakery,153,7,20,20
1939,56,2024-07-20,1900-01-01 20:26:00,20,Baby Food,2,384.89,Baby Care,639,7,20,20
1940,485,2024-11-13,1900-01-01 19:15:00,19,Mixer Grinder,1,73.21,Electronics,278,11,19,13
1940,485,2024-11-13,1900-01-01 19:15:00,19,Popcorn,2,254.15,Snacks,825,11,19,13
1940,485,2024-11-13,1900-01-01 19:15:00,19,Coffee,3,216.57,Beverages,800,11,19,13
1940,485,2024-11-13,1900-01-01 19:15:00,19,Croissant,3,387.45,Bakery,432,11,19,13
1940,485,2024-11-13,1900-01-01 19:15:00,19,Chips,1,116.03,Snacks,518,11,19,13
1941,416,2024-12-08,1900-01-01 07:41:00,7,Soap,2,244.4,Personal Care,122,12,7,8
1941,416,2024-12-08,1900-01-01 07:41:00,7,Notebook,1,206.14,Stationery,291,12,7,8
1941,416,2024-12-08,1900-01-01 07:41:00,7,Salt,3,11.04,Grains & Staples,263,12,7,8
1941,416,2024-12-08,1900-01-01 07:41:00,7,Pastry,3,285.95,Bakery,313,12,7,8
1942,313,2024-10-05,1900-01-01 18:46:00,18,Toothpaste,1,67.31,Personal Care,905,10,18,5
1942,313,2024-10-05,1900-01-01 18:46:00,18,Croissant,1,262.46,Bakery,946,10,18,5
1942,313,2024-10-05,1900-01-01 18:46:00,18,Apple,3,461.43,Fruits & Vegetables,364,10,18,5
1942,313,2024-10-05,1900-01-01 18:46:00,18,Potato,2,53.11,Fruits & Vegetables,148,10,18,5
1942,313,2024-10-05,1900-01-01 18:46:00,18,Juice,3,258.94,Beverages,254,10,18,5
1942,313,2024-10-05,1900-01-01 18:46:00,18,Earphones,1,418.62,Electronics,655,10,18,5
1942,313,2024-10-05,1900-01-01 18:46:00,18,Wheat Flour,3,463.12,Grains & Staples,219,10,18,5
1943,423,2024-01-02,1900-01-01 12:03:00,12,Saree,1,56.45,Clothing,370,1,12,2
1943,423,2024-01-02,1900-01-01 12:03:00,12,Marker,2,43.41,Stationery,486,1,12,2
1943,423,2024-01-02,1900-01-01 12:03:00,12,Onion,3,256.81,Fruits & Vegetables,233,1,12,2
1943,423,2024-01-02,1900-01-01 12:03:00,12,Cake,2,462.01,Bakery,734,1,12,2
1943,423,2024-01-02,1900-01-01 12:03:00,12,Notebook,2,433.8,Stationery,583,1,12,2
1944,382,2024-09-08,1900-01-01 07:29:00,7,Energy Drink,3,441.08,Beverages,574,9,7,8
1944,382,2024-09-08,1900-01-01 07:29:00,7,Tomato,1,114.55,Fruits & Vegetables,445,9,7,8
1944,382,2024-09-08,1900-01-01 07:29:00,7,Prawns,1,125.45,Meat & Seafood,940,9,7,8
1945,157,2024-08-07,1900-01-01 13:57:00,13,Onion,2,486.68,Fruits & Vegetables,288,8,13,7
1945,157,2024-08-07,1900-01-01 13:57:00,13,Juice,2,115.98,Beverages,252,8,13,7
1945,157,2024-08-07,1900-01-01 13:57:00,13,Shirt,2,363.9,Clothing,949,8,13,7
1945,157,2024-08-07,1900-01-01 13:57:00,13,Rice,2,389.44,Grains & Staples,524,8,13,7
1946,74,2024-04-07,1900-01-01 13:56:00,13,Shampoo,1,184.64,Personal Care,871,4,13,7
1946,74,2024-04-07,1900-01-01 13:56:00,13,Popcorn,3,269.34,Snacks,793,4,13,7
1946,74,2024-04-07,1900-01-01 13:56:00,13,Energy Drink,2,415.98,Beverages,232,4,13,7
1946,74,2024-04-07,1900-01-01 13:56:00,13,Popcorn,2,367.34,Snacks,556,4,13,7
1946,74,2024-04-07,1900-01-01 13:56:00,13,Vitamins,3,24.0,Health & Wellness,407,4,13,7
1947,8,2024-02-18,1900-01-01 21:16:00,21,Educational Book,1,473.93,Books,860,2,21,18
1947,8,2024-02-18,1900-01-01 21:16:00,21,Dishwashing Liquid,1,322.02,Household,905,2,21,18
1947,8,2024-02-18,1900-01-01 21:16:00,21,Cookies,1,400.85,Bakery,386,2,21,18
1947,8,2024-02-18,1900-01-01 21:16:00,21,Belt,1,366.78,Clothing Accessories,343,2,21,18
1947,8,2024-02-18,1900-01-01 21:16:00,21,Wheat Flour,3,439.44,Grains & Staples,588,2,21,18
1947,8,2024-02-18,1900-01-01 21:16:00,21,Butter,3,55.71,Dairy & Eggs,816,2,21,18
1947,8,2024-02-18,1900-01-01 21:16:00,21,Phone Cover,3,23.03,Electronics,192,2,21,18
1948,88,2024-02-04,1900-01-01 08:35:00,8,Shirt,2,299.92,Clothing,328,2,8,4
1948,88,2024-02-04,1900-01-01 08:35:00,8,Earphones,3,434.78,Electronics,677,2,8,4
1948,88,2024-02-04,1900-01-01 08:35:00,8,Popcorn,3,419.12,Snacks,626,2,8,4
1948,88,2024-02-04,1900-01-01 08:35:00,8,Yogurt,2,212.97,Dairy & Eggs,134,2,8,4
1948,88,2024-02-04,1900-01-01 08:35:00,8,Coffee,2,285.1,Beverages,146,2,8,4
1948,88,2024-02-04,1900-01-01 08:35:00,8,Earphones,3,152.03,Electronics,183,2,8,4
1948,88,2024-02-04,1900-01-01 08:35:00,8,Carrot,3,130.75,Fruits & Vegetables,503,2,8,4
1949,113,2024-01-03,1900-01-01 12:08:00,12,Rice,3,304.41,Grains & Staples,578,1,12,3
1949,113,2024-01-03,1900-01-01 12:08:00,12,Cooking Oil,3,427.53,Grains & Staples,869,1,12,3
1949,113,2024-01-03,1900-01-01 12:08:00,12,Shirt,3,444.02,Clothing,998,1,12,3
1949,113,2024-01-03,1900-01-01 12:08:00,12,Soap,1,359.45,Personal Care,487,1,12,3
1950,6,2024-03-31,1900-01-01 09:51:00,9,Banana,2,305.0,Fruits & Vegetables,596,3,9,31
1950,6,2024-03-31,1900-01-01 09:51:00,9,Notebook,1,106.96,Stationery,676,3,9,31
1950,6,2024-03-31,1900-01-01 09:51:00,9,Spices,3,477.63,Grains & Staples,985,3,9,31
1950,6,2024-03-31,1900-01-01 09:51:00,9,Popcorn,1,251.65,Snacks,760,3,9,31
1950,6,2024-03-31,1900-01-01 09:51:00,9,Shirt,3,111.71,Clothing,499,3,9,31
1951,209,2024-08-11,1900-01-01 12:07:00,12,Earphones,3,389.12,Electronics,911,8,12,11
1951,209,2024-08-11,1900-01-01 12:07:00,12,Soap,2,140.84,Personal Care,192,8,12,11
1951,209,2024-08-11,1900-01-01 12:07:00,12,Shampoo,1,380.16,Personal Care,375,8,12,11
1951,209,2024-08-11,1900-01-01 12:07:00,12,Cooking Oil,1,350.15,Grains & Staples,635,8,12,11
1951,209,2024-08-11,1900-01-01 12:07:00,12,Electric Kettle,1,127.11,Electronics,178,8,12,11
1951,209,2024-08-11,1900-01-01 12:07:00,12,Milk,2,483.87,Dairy & Eggs,695,8,12,11
1951,209,2024-08-11,1900-01-01 12:07:00,12,Shirt,3,212.91,Clothing,137,8,12,11
1952,312,2024-08-09,1900-01-01 19:10:00,19,Yogurt,3,109.05,Dairy & Eggs,456,8,19,9
1952,312,2024-08-09,1900-01-01 19:10:00,19,Butter,2,15.43,Dairy & Eggs,195,8,19,9
1952,312,2024-08-09,1900-01-01 19:10:00,19,Pastry,2,101.48,Bakery,709,8,19,9
1952,312,2024-08-09,1900-01-01 19:10:00,19,Dishwashing Liquid,3,162.3,Household,125,8,19,9
1952,312,2024-08-09,1900-01-01 19:10:00,19,Soda,2,223.35,Beverages,139,8,19,9
1952,312,2024-08-09,1900-01-01 19:10:00,19,Energy Drink,2,186.97,Beverages,368,8,19,9
1952,312,2024-08-09,1900-01-01 19:10:00,19,Shampoo,2,44.55,Personal Care,371,8,19,9
1953,55,2024-05-31,1900-01-01 11:41:00,11,Cheese,2,348.16,Dairy & Eggs,761,5,11,31
1953,55,2024-05-31,1900-01-01 11:41:00,11,Croissant,1,442.88,Bakery,896,5,11,31
1953,55,2024-05-31,1900-01-01 11:41:00,11,Cookies,2,355.05,Bakery,851,5,11,31
1953,55,2024-05-31,1900-01-01 11:41:00,11,Fish,1,327.76,Meat & Seafood,654,5,11,31
1953,55,2024-05-31,1900-01-01 11:41:00,11,Cookies,2,110.85,Bakery,220,5,11,31
1954,211,2024-05-28,1900-01-01 17:01:00,17,Tomato,3,141.51,Fruits & Vegetables,623,5,17,28
1954,211,2024-05-28,1900-01-01 17:01:00,17,Notebook,1,51.28,Stationery,906,5,17,28
1954,211,2024-05-28,1900-01-01 17:01:00,17,Energy Drink,1,12.58,Beverages,939,5,17,28
1954,211,2024-05-28,1900-01-01 17:01:00,17,Energy Drink,2,427.18,Beverages,800,5,17,28
1954,211,2024-05-28,1900-01-01 17:01:00,17,Coffee,1,390.3,Beverages,998,5,17,28
1954,211,2024-05-28,1900-01-01 17:01:00,17,Vitamins,2,491.23,Health & Wellness,684,5,17,28
1954,211,2024-05-28,1900-01-01 17:01:00,17,Banana,3,133.54,Fruits & Vegetables,904,5,17,28
1955,74,2024-10-31,1900-01-01 21:56:00,21,Lentils,3,60.4,Grains & Staples,238,10,21,31
1955,74,2024-10-31,1900-01-01 21:56:00,21,Spices,3,459.17,Grains & Staples,756,10,21,31
1955,74,2024-10-31,1900-01-01 21:56:00,21,Carrot,3,178.63,Fruits & Vegetables,136,10,21,31
1955,74,2024-10-31,1900-01-01 21:56:00,21,Face Wash,1,70.33,Personal Care,903,10,21,31
1955,74,2024-10-31,1900-01-01 21:56:00,21,Tea,2,40.32,Beverages,655,10,21,31
1955,74,2024-10-31,1900-01-01 21:56:00,21,Marker,3,411.86,Stationery,783,10,21,31
1955,74,2024-10-31,1900-01-01 21:56:00,21,Energy Drink,2,108.66,Beverages,575,10,21,31
1956,101,2024-01-30,1900-01-01 11:27:00,11,Belt,1,277.95,Clothing Accessories,311,1,11,30
1956,101,2024-01-30,1900-01-01 11:27:00,11,Chicken Breast,3,209.14,Meat & Seafood,399,1,11,30
1956,101,2024-01-30,1900-01-01 11:27:00,11,Diapers,2,145.5,Baby Care,324,1,11,30
1956,101,2024-01-30,1900-01-01 11:27:00,11,Bread,3,172.75,Bakery,499,1,11,30
1956,101,2024-01-30,1900-01-01 11:27:00,11,Onion,1,130.29,Fruits & Vegetables,561,1,11,30
1957,489,2024-04-22,1900-01-01 11:47:00,11,Energy Drink,1,73.97,Beverages,377,4,11,22
1957,489,2024-04-22,1900-01-01 11:47:00,11,Eggs,1,470.4,Dairy & Eggs,938,4,11,22
1957,489,2024-04-22,1900-01-01 11:47:00,11,Shoes,3,247.35,Footwear,180,4,11,22
1958,160,2024-11-30,1900-01-01 06:35:00,6,Croissant,2,424.0,Bakery,732,11,6,30
1958,160,2024-11-30,1900-01-01 06:35:00,6,Lentils,2,480.2,Grains & Staples,490,11,6,30
1958,160,2024-11-30,1900-01-01 06:35:00,6,Yogurt,1,127.9,Dairy & Eggs,350,11,6,30
1958,160,2024-11-30,1900-01-01 06:35:00,6,Cheese,2,425.92,Dairy & Eggs,557,11,6,30
1958,160,2024-11-30,1900-01-01 06:35:00,6,Saree,2,272.65,Clothing,145,11,6,30
1958,160,2024-11-30,1900-01-01 06:35:00,6,Cheese,2,474.41,Dairy & Eggs,777,11,6,30
1959,421,2024-09-11,1900-01-01 17:13:00,17,Coffee,1,384.55,Beverages,593,9,17,11
1959,421,2024-09-11,1900-01-01 17:13:00,17,Jeans,3,344.51,Clothing,675,9,17,11
1959,421,2024-09-11,1900-01-01 17:13:00,17,Shampoo,2,220.64,Personal Care,621,9,17,11
1959,421,2024-09-11,1900-01-01 17:13:00,17,Baby Food,1,477.27,Baby Care,639,9,17,11
1959,421,2024-09-11,1900-01-01 17:13:00,17,Soda,2,187.15,Beverages,340,9,17,11
1959,421,2024-09-11,1900-01-01 17:13:00,17,Potato,2,285.46,Fruits & Vegetables,243,9,17,11
1960,481,2024-02-04,1900-01-01 17:33:00,17,Lentils,3,221.56,Grains & Staples,935,2,17,4
1960,481,2024-02-04,1900-01-01 17:33:00,17,Sugar,1,113.92,Grains & Staples,821,2,17,4
1960,481,2024-02-04,1900-01-01 17:33:00,17,Marker,1,119.45,Stationery,110,2,17,4
1960,481,2024-02-04,1900-01-01 17:33:00,17,Shirt,3,246.86,Clothing,919,2,17,4
1960,481,2024-02-04,1900-01-01 17:33:00,17,Face Wash,1,454.11,Personal Care,399,2,17,4
1961,69,2024-07-12,1900-01-01 19:09:00,19,Mixer Grinder,1,269.46,Electronics,918,7,19,12
1961,69,2024-07-12,1900-01-01 19:09:00,19,Onion,3,77.8,Fruits & Vegetables,947,7,19,12
1961,69,2024-07-12,1900-01-01 19:09:00,19,Soap,1,464.76,Personal Care,163,7,19,12
1962,436,2024-12-28,1900-01-01 08:43:00,8,Face Wash,1,353.44,Personal Care,312,12,8,28
1962,436,2024-12-28,1900-01-01 08:43:00,8,Rice,3,347.37,Grains & Staples,212,12,8,28
1962,436,2024-12-28,1900-01-01 08:43:00,8,Spices,2,62.25,Grains & Staples,733,12,8,28
1962,436,2024-12-28,1900-01-01 08:43:00,8,Chips,3,421.71,Snacks,506,12,8,28
1962,436,2024-12-28,1900-01-01 08:43:00,8,Salt,2,440.06,Grains & Staples,737,12,8,28
1963,79,2024-05-23,1900-01-01 21:21:00,21,Apple,1,150.65,Fruits & Vegetables,659,5,21,23
1963,79,2024-05-23,1900-01-01 21:21:00,21,Shirt,1,216.07,Clothing,113,5,21,23
1963,79,2024-05-23,1900-01-01 21:21:00,21,Salt,2,375.25,Grains & Staples,973,5,21,23
1963,79,2024-05-23,1900-01-01 21:21:00,21,Biscuits,1,128.39,Snacks,744,5,21,23
1963,79,2024-05-23,1900-01-01 21:21:00,21,Croissant,2,333.55,Bakery,433,5,21,23
1963,79,2024-05-23,1900-01-01 21:21:00,21,Prawns,2,59.15,Meat & Seafood,244,5,21,23
1964,293,2024-06-25,1900-01-01 16:46:00,16,Soap,3,10.24,Personal Care,127,6,16,25
1964,293,2024-06-25,1900-01-01 16:46:00,16,Yogurt,2,314.39,Dairy & Eggs,210,6,16,25
1964,293,2024-06-25,1900-01-01 16:46:00,16,Tomato,1,32.59,Fruits & Vegetables,511,6,16,25
1964,293,2024-06-25,1900-01-01 16:46:00,16,Popcorn,3,435.48,Snacks,103,6,16,25
1964,293,2024-06-25,1900-01-01 16:46:00,16,Mixer Grinder,1,475.7,Electronics,481,6,16,25
1964,293,2024-06-25,1900-01-01 16:46:00,16,Earphones,3,299.3,Electronics,755,6,16,25
1964,293,2024-06-25,1900-01-01 16:46:00,16,Biscuits,1,328.17,Snacks,988,6,16,25
1965,415,2024-07-10,1900-01-01 19:21:00,19,Phone Cover,3,113.32,Electronics,548,7,19,10
1965,415,2024-07-10,1900-01-01 19:21:00,19,Saree,1,313.61,Clothing,203,7,19,10
1965,415,2024-07-10,1900-01-01 19:21:00,19,Juice,2,92.03,Beverages,123,7,19,10
1965,415,2024-07-10,1900-01-01 19:21:00,19,Biscuits,3,22.46,Snacks,924,7,19,10
1965,415,2024-07-10,1900-01-01 19:21:00,19,Banana,2,244.12,Fruits & Vegetables,316,7,19,10
1965,415,2024-07-10,1900-01-01 19:21:00,19,Soap,2,20.87,Personal Care,194,7,19,10
1965,415,2024-07-10,1900-01-01 19:21:00,19,Banana,3,308.82,Fruits & Vegetables,257,7,19,10
1966,464,2024-12-28,1900-01-01 15:14:00,15,Marker,3,264.53,Stationery,876,12,15,28
1966,464,2024-12-28,1900-01-01 15:14:00,15,Banana,3,369.31,Fruits & Vegetables,878,12,15,28
1966,464,2024-12-28,1900-01-01 15:14:00,15,Baby Food,3,44.4,Baby Care,283,12,15,28
1966,464,2024-12-28,1900-01-01 15:14:00,15,Cheese,3,420.21,Dairy & Eggs,671,12,15,28
1967,221,2024-04-09,1900-01-01 07:13:00,7,Banana,3,276.99,Fruits & Vegetables,959,4,7,9
1967,221,2024-04-09,1900-01-01 07:13:00,7,Soda,2,253.87,Beverages,883,4,7,9
1967,221,2024-04-09,1900-01-01 07:13:00,7,Pasta,2,448.33,Grains & Staples,358,4,7,9
1967,221,2024-04-09,1900-01-01 07:13:00,7,Carrot,3,153.64,Fruits & Vegetables,285,4,7,9
1967,221,2024-04-09,1900-01-01 07:13:00,7,Phone Cover,3,142.5,Electronics,484,4,7,9
1968,400,2024-08-15,1900-01-01 10:58:00,10,Popcorn,2,90.22,Snacks,124,8,10,15
1968,400,2024-08-15,1900-01-01 10:58:00,10,Onion,2,77.13,Fruits & Vegetables,969,8,10,15
1968,400,2024-08-15,1900-01-01 10:58:00,10,Pen,2,450.86,Stationery,507,8,10,15
1968,400,2024-08-15,1900-01-01 10:58:00,10,Apple,2,278.04,Fruits & Vegetables,482,8,10,15
1968,400,2024-08-15,1900-01-01 10:58:00,10,Chicken Breast,1,409.42,Meat & Seafood,524,8,10,15
1968,400,2024-08-15,1900-01-01 10:58:00,10,Shampoo,1,250.47,Personal Care,426,8,10,15
1968,400,2024-08-15,1900-01-01 10:58:00,10,Soda,3,202.61,Beverages,114,8,10,15
1969,335,2024-02-13,1900-01-01 21:37:00,21,Spinach,2,470.91,Fruits & Vegetables,623,2,21,13
1969,335,2024-02-13,1900-01-01 21:37:00,21,Dishwashing Liquid,1,438.54,Household,437,2,21,13
1969,335,2024-02-13,1900-01-01 21:37:00,21,Lentils,1,440.2,Grains & Staples,744,2,21,13
1969,335,2024-02-13,1900-01-01 21:37:00,21,Educational Book,2,18.88,Books,481,2,21,13
1970,438,2024-10-25,1900-01-01 18:52:00,18,Dress,2,29.95,Clothing,748,10,18,25
1970,438,2024-10-25,1900-01-01 18:52:00,18,Banana,1,450.76,Fruits & Vegetables,992,10,18,25
1970,438,2024-10-25,1900-01-01 18:52:00,18,Marker,1,40.1,Stationery,688,10,18,25
1970,438,2024-10-25,1900-01-01 18:52:00,18,Electric Kettle,2,211.8,Electronics,815,10,18,25
1970,438,2024-10-25,1900-01-01 18:52:00,18,Chicken Breast,1,193.02,Meat & Seafood,319,10,18,25
1970,438,2024-10-25,1900-01-01 18:52:00,18,Saree,3,299.22,Clothing,801,10,18,25
1970,438,2024-10-25,1900-01-01 18:52:00,18,Dishwashing Liquid,3,257.1,Household,255,10,18,25
1971,381,2024-10-06,1900-01-01 08:28:00,8,Cookies,3,398.82,Bakery,431,10,8,6
1971,381,2024-10-06,1900-01-01 08:28:00,8,Chicken Breast,2,145.43,Meat & Seafood,505,10,8,6
1971,381,2024-10-06,1900-01-01 08:28:00,8,Apple,3,282.38,Fruits & Vegetables,210,10,8,6
1972,91,2024-11-18,1900-01-01 12:13:00,12,Soap,2,39.39,Personal Care,615,11,12,18
1972,91,2024-11-18,1900-01-01 12:13:00,12,Fiction Book,2,359.68,Books,995,11,12,18
1972,91,2024-11-18,1900-01-01 12:13:00,12,Cheese,2,290.7,Dairy & Eggs,185,11,12,18
1972,91,2024-11-18,1900-01-01 12:13:00,12,Potato,1,343.65,Fruits & Vegetables,195,11,12,18
1973,208,2024-01-13,1900-01-01 15:12:00,15,Floor Cleaner,2,344.08,Household,696,1,15,13
1973,208,2024-01-13,1900-01-01 15:12:00,15,Beef,1,152.55,Meat & Seafood,976,1,15,13
1973,208,2024-01-13,1900-01-01 15:12:00,15,Marker,3,261.49,Stationery,190,1,15,13
1974,1,2024-11-26,1900-01-01 14:00:00,14,Tomato,1,332.69,Fruits & Vegetables,919,11,14,26
1974,1,2024-11-26,1900-01-01 14:00:00,14,Juice,3,366.58,Beverages,455,11,14,26
1974,1,2024-11-26,1900-01-01 14:00:00,14,Tomato,1,20.93,Fruits & Vegetables,232,11,14,26
1974,1,2024-11-26,1900-01-01 14:00:00,14,Jeans,2,456.13,Clothing,760,11,14,26
1974,1,2024-11-26,1900-01-01 14:00:00,14,Coffee,3,336.15,Beverages,594,11,14,26
1974,1,2024-11-26,1900-01-01 14:00:00,14,Butter,1,127.65,Dairy & Eggs,403,11,14,26
1974,1,2024-11-26,1900-01-01 14:00:00,14,Toothpaste,1,190.38,Personal Care,853,11,14,26
1975,481,2024-08-12,1900-01-01 06:01:00,6,Eggs,3,112.26,Dairy & Eggs,129,8,6,12
1975,481,2024-08-12,1900-01-01 06:01:00,6,Floor Cleaner,1,389.2,Household,975,8,6,12
1975,481,2024-08-12,1900-01-01 06:01:00,6,Bread,3,174.57,Bakery,630,8,6,12
1976,232,2024-10-30,1900-01-01 22:25:00,22,Fiction Book,1,67.28,Books,214,10,22,30
1976,232,2024-10-30,1900-01-01 22:25:00,22,Croissant,2,363.23,Bakery,594,10,22,30
1976,232,2024-10-30,1900-01-01 22:25:00,22,Butter,3,151.68,Dairy & Eggs,863,10,22,30
1977,193,2024-04-10,1900-01-01 12:11:00,12,Charger,2,496.13,Electronics,833,4,12,10
1977,193,2024-04-10,1900-01-01 12:11:00,12,Cake,1,44.75,Bakery,494,4,12,10
1977,193,2024-04-10,1900-01-01 12:11:00,12,Toilet Paper,3,24.57,Household,341,4,12,10
1978,217,2024-10-25,1900-01-01 08:52:00,8,Eggs,1,341.85,Dairy & Eggs,657,10,8,25
1978,217,2024-10-25,1900-01-01 08:52:00,8,Apple,1,16.85,Fruits & Vegetables,159,10,8,25
1978,217,2024-10-25,1900-01-01 08:52:00,8,Potato,3,314.48,Fruits & Vegetables,418,10,8,25
1978,217,2024-10-25,1900-01-01 08:52:00,8,Floor Cleaner,1,491.73,Household,629,10,8,25
1978,217,2024-10-25,1900-01-01 08:52:00,8,Fiction Book,2,448.5,Books,687,10,8,25
1978,217,2024-10-25,1900-01-01 08:52:00,8,Charger,3,48.01,Electronics,703,10,8,25
1979,123,2024-04-21,1900-01-01 22:02:00,22,Toilet Paper,2,364.21,Household,340,4,22,21
1979,123,2024-04-21,1900-01-01 22:02:00,22,Chips,3,389.04,Snacks,494,4,22,21
1979,123,2024-04-21,1900-01-01 22:02:00,22,Floor Cleaner,2,371.75,Household,112,4,22,21
1979,123,2024-04-21,1900-01-01 22:02:00,22,Diapers,2,89.02,Baby Care,804,4,22,21
1980,170,2024-02-11,1900-01-01 11:27:00,11,Pastry,3,462.59,Bakery,608,2,11,11
1980,170,2024-02-11,1900-01-01 11:27:00,11,Dishwashing Liquid,2,142.83,Household,745,2,11,11
1980,170,2024-02-11,1900-01-01 11:27:00,11,Baby Food,3,182.59,Baby Care,542,2,11,11
1980,170,2024-02-11,1900-01-01 11:27:00,11,Salt,3,122.18,Grains & Staples,298,2,11,11
1980,170,2024-02-11,1900-01-01 11:27:00,11,Onion,2,24.24,Fruits & Vegetables,690,2,11,11
1980,170,2024-02-11,1900-01-01 11:27:00,11,Yogurt,2,66.36,Dairy & Eggs,491,2,11,11
1980,170,2024-02-11,1900-01-01 11:27:00,11,Milk,3,495.68,Dairy & Eggs,386,2,11,11
1981,169,2024-07-06,1900-01-01 09:09:00,9,Rice,2,180.51,Grains & Staples,862,7,9,6
1981,169,2024-07-06,1900-01-01 09:09:00,9,Croissant,2,352.36,Bakery,585,7,9,6
1981,169,2024-07-06,1900-01-01 09:09:00,9,Croissant,3,63.6,Bakery,949,7,9,6
1981,169,2024-07-06,1900-01-01 09:09:00,9,Toilet Paper,1,235.37,Household,929,7,9,6
1982,181,2024-01-27,1900-01-01 22:21:00,22,Fish,3,230.65,Meat & Seafood,212,1,22,27
1982,181,2024-01-27,1900-01-01 22:21:00,22,Chips,2,330.05,Snacks,994,1,22,27
1982,181,2024-01-27,1900-01-01 22:21:00,22,Popcorn,3,213.87,Snacks,181,1,22,27
1982,181,2024-01-27,1900-01-01 22:21:00,22,Croissant,1,415.56,Bakery,767,1,22,27
1982,181,2024-01-27,1900-01-01 22:21:00,22,Phone Cover,1,244.7,Electronics,431,1,22,27
1982,181,2024-01-27,1900-01-01 22:21:00,22,Banana,3,214.68,Fruits & Vegetables,489,1,22,27
1982,181,2024-01-27,1900-01-01 22:21:00,22,Juice,1,203.88,Beverages,878,1,22,27
1983,14,2024-03-04,1900-01-01 20:22:00,20,Popcorn,3,106.17,Snacks,956,3,20,4
1983,14,2024-03-04,1900-01-01 20:22:00,20,Carrot,3,106.33,Fruits & Vegetables,343,3,20,4
1983,14,2024-03-04,1900-01-01 20:22:00,20,Saree,1,145.74,Clothing,967,3,20,4
1984,229,2024-01-19,1900-01-01 12:45:00,12,Charger,2,447.59,Electronics,196,1,12,19
1984,229,2024-01-19,1900-01-01 12:45:00,12,Vitamins,2,212.72,Health & Wellness,329,1,12,19
1984,229,2024-01-19,1900-01-01 12:45:00,12,Dishwashing Liquid,3,280.57,Household,686,1,12,19
1984,229,2024-01-19,1900-01-01 12:45:00,12,Spices,2,254.44,Grains & Staples,534,1,12,19
1984,229,2024-01-19,1900-01-01 12:45:00,12,Belt,1,47.65,Clothing Accessories,470,1,12,19
1984,229,2024-01-19,1900-01-01 12:45:00,12,Onion,2,313.45,Fruits & Vegetables,704,1,12,19
1985,355,2024-12-18,1900-01-01 12:09:00,12,Energy Drink,3,337.77,Beverages,270,12,12,18
1985,355,2024-12-18,1900-01-01 12:09:00,12,Shoes,2,424.94,Footwear,926,12,12,18
1985,355,2024-12-18,1900-01-01 12:09:00,12,Chicken Breast,1,466.16,Meat & Seafood,395,12,12,18
1985,355,2024-12-18,1900-01-01 12:09:00,12,Potato,2,497.12,Fruits & Vegetables,464,12,12,18
1985,355,2024-12-18,1900-01-01 12:09:00,12,Biscuits,3,43.66,Snacks,632,12,12,18
1985,355,2024-12-18,1900-01-01 12:09:00,12,Electric Kettle,1,259.57,Electronics,748,12,12,18
1985,355,2024-12-18,1900-01-01 12:09:00,12,Coffee,1,299.47,Beverages,972,12,12,18
1986,275,2024-04-26,1900-01-01 19:37:00,19,Energy Drink,2,439.51,Beverages,908,4,19,26
1986,275,2024-04-26,1900-01-01 19:37:00,19,Salt,3,117.94,Grains & Staples,128,4,19,26
1986,275,2024-04-26,1900-01-01 19:37:00,19,Carrot,1,309.43,Fruits & Vegetables,552,4,19,26
1987,100,2024-12-03,1900-01-01 20:48:00,20,Tissue,3,258.72,Household,700,12,20,3
1987,100,2024-12-03,1900-01-01 20:48:00,20,Coffee,3,448.99,Beverages,785,12,20,3
1987,100,2024-12-03,1900-01-01 20:48:00,20,Pasta,2,196.64,Grains & Staples,260,12,20,3
1987,100,2024-12-03,1900-01-01 20:48:00,20,Rice,2,224.19,Grains & Staples,829,12,20,3
1987,100,2024-12-03,1900-01-01 20:48:00,20,Butter,3,139.15,Dairy & Eggs,709,12,20,3
1988,257,2024-12-20,1900-01-01 11:40:00,11,Cooking Oil,2,42.57,Grains & Staples,512,12,11,20
1988,257,2024-12-20,1900-01-01 11:40:00,11,Pen,2,393.81,Stationery,207,12,11,20
1988,257,2024-12-20,1900-01-01 11:40:00,11,Shoes,3,332.5,Footwear,146,12,11,20
1988,257,2024-12-20,1900-01-01 11:40:00,11,Onion,2,496.77,Fruits & Vegetables,471,12,11,20
1988,257,2024-12-20,1900-01-01 11:40:00,11,Spices,2,36.53,Grains & Staples,200,12,11,20
1989,334,2024-06-26,1900-01-01 06:34:00,6,Potato,2,460.39,Fruits & Vegetables,299,6,6,26
1989,334,2024-06-26,1900-01-01 06:34:00,6,Shirt,2,285.56,Clothing,611,6,6,26
1989,334,2024-06-26,1900-01-01 06:34:00,6,Juice,1,159.62,Beverages,614,6,6,26
1989,334,2024-06-26,1900-01-01 06:34:00,6,Soap,3,462.72,Personal Care,202,6,6,26
1990,467,2024-11-26,1900-01-01 09:44:00,9,Cooking Oil,1,296.46,Grains & Staples,491,11,9,26
1990,467,2024-11-26,1900-01-01 09:44:00,9,Banana,1,44.27,Fruits & Vegetables,852,11,9,26
1990,467,2024-11-26,1900-01-01 09:44:00,9,Baby Food,2,204.33,Baby Care,404,11,9,26
1991,418,2024-11-02,1900-01-01 10:22:00,10,Pastry,2,87.08,Bakery,262,11,10,2
1991,418,2024-11-02,1900-01-01 10:22:00,10,Baby Food,2,160.98,Baby Care,912,11,10,2
1991,418,2024-11-02,1900-01-01 10:22:00,10,Diapers,2,18.22,Baby Care,653,11,10,2
1992,27,2024-02-24,1900-01-01 06:39:00,6,Shirt,3,39.52,Clothing,663,2,6,24
1992,27,2024-02-24,1900-01-01 06:39:00,6,Tea,1,254.14,Beverages,140,2,6,24
1992,27,2024-02-24,1900-01-01 06:39:00,6,Educational Book,3,59.01,Books,393,2,6,24
1992,27,2024-02-24,1900-01-01 06:39:00,6,Dishwashing Liquid,3,335.27,Household,961,2,6,24
1992,27,2024-02-24,1900-01-01 06:39:00,6,Notebook,2,467.31,Stationery,413,2,6,24
1992,27,2024-02-24,1900-01-01 06:39:00,6,Croissant,1,111.71,Bakery,715,2,6,24
1992,27,2024-02-24,1900-01-01 06:39:00,6,Face Wash,2,293.3,Personal Care,163,2,6,24
1993,144,2024-02-14,1900-01-01 13:32:00,13,Marker,1,433.66,Stationery,250,2,13,14
1993,144,2024-02-14,1900-01-01 13:32:00,13,Soda,1,425.87,Beverages,461,2,13,14
1993,144,2024-02-14,1900-01-01 13:32:00,13,Cake,1,308.01,Bakery,573,2,13,14
1993,144,2024-02-14,1900-01-01 13:32:00,13,Educational Book,3,129.69,Books,964,2,13,14
1993,144,2024-02-14,1900-01-01 13:32:00,13,Earphones,1,121.7,Electronics,642,2,13,14
1993,144,2024-02-14,1900-01-01 13:32:00,13,Saree,1,124.98,Clothing,774,2,13,14
1994,202,2024-03-19,1900-01-01 21:40:00,21,Phone Cover,3,75.79,Electronics,799,3,21,19
1994,202,2024-03-19,1900-01-01 21:40:00,21,Charger,3,260.04,Electronics,860,3,21,19
1994,202,2024-03-19,1900-01-01 21:40:00,21,Prawns,3,436.06,Meat & Seafood,365,3,21,19
1995,56,2024-09-04,1900-01-01 15:41:00,15,Face Wash,3,247.25,Personal Care,839,9,15,4
1995,56,2024-09-04,1900-01-01 15:41:00,15,Tissue,1,497.22,Household,861,9,15,4
1995,56,2024-09-04,1900-01-01 15:41:00,15,Beef,3,10.68,Meat & Seafood,360,9,15,4
1995,56,2024-09-04,1900-01-01 15:41:00,15,Sugar,2,412.13,Grains & Staples,584,9,15,4
1995,56,2024-09-04,1900-01-01 15:41:00,15,Educational Book,3,459.0,Books,536,9,15,4
1995,56,2024-09-04,1900-01-01 15:41:00,15,Croissant,2,58.01,Bakery,703,9,15,4
1995,56,2024-09-04,1900-01-01 15:41:00,15,Potato,2,320.45,Fruits & Vegetables,581,9,15,4
1996,493,2024-11-13,1900-01-01 11:39:00,11,Sugar,2,225.28,Grains & Staples,257,11,11,13
1996,493,2024-11-13,1900-01-01 11:39:00,11,Popcorn,3,149.77,Snacks,803,11,11,13
1996,493,2024-11-13,1900-01-01 11:39:00,11,Tomato,1,49.35,Fruits & Vegetables,487,11,11,13
1996,493,2024-11-13,1900-01-01 11:39:00,11,Onion,2,79.95,Fruits & Vegetables,789,11,11,13
1996,493,2024-11-13,1900-01-01 11:39:00,11,Baby Food,2,399.55,Baby Care,584,11,11,13
1996,493,2024-11-13,1900-01-01 11:39:00,11,Butter,3,186.9,Dairy & Eggs,169,11,11,13
1997,40,2024-11-13,1900-01-01 15:30:00,15,Educational Book,2,144.72,Books,510,11,15,13
1997,40,2024-11-13,1900-01-01 15:30:00,15,Soda,3,365.39,Beverages,701,11,15,13
1997,40,2024-11-13,1900-01-01 15:30:00,15,Dress,3,273.92,Clothing,218,11,15,13
1997,40,2024-11-13,1900-01-01 15:30:00,15,Shoes,2,266.86,Footwear,400,11,15,13
1997,40,2024-11-13,1900-01-01 15:30:00,15,Banana,1,131.24,Fruits & Vegetables,430,11,15,13
1997,40,2024-11-13,1900-01-01 15:30:00,15,Banana,3,314.0,Fruits & Vegetables,357,11,15,13
1998,93,2024-10-18,1900-01-01 13:54:00,13,Charger,2,356.38,Electronics,520,10,13,18
1998,93,2024-10-18,1900-01-01 13:54:00,13,Fish,3,443.33,Meat & Seafood,822,10,13,18
1998,93,2024-10-18,1900-01-01 13:54:00,13,Vitamins,1,436.41,Health & Wellness,892,10,13,18
1998,93,2024-10-18,1900-01-01 13:54:00,13,Soda,2,172.24,Beverages,758,10,13,18
1998,93,2024-10-18,1900-01-01 13:54:00,13,Earphones,3,195.96,Electronics,481,10,13,18
1998,93,2024-10-18,1900-01-01 13:54:00,13,Chocolate,2,22.53,Snacks,681,10,13,18
1998,93,2024-10-18,1900-01-01 13:54:00,13,Educational Book,3,63.55,Books,670,10,13,18
1999,225,2024-10-15,1900-01-01 07:40:00,7,Banana,1,67.02,Fruits & Vegetables,133,10,7,15
1999,225,2024-10-15,1900-01-01 07:40:00,7,Salt,3,431.36,Grains & Staples,713,10,7,15
1999,225,2024-10-15,1900-01-01 07:40:00,7,Shampoo,2,195.13,Personal Care,437,10,7,15
1999,225,2024-10-15,1900-01-01 07:40:00,7,Onion,3,424.15,Fruits & Vegetables,262,10,7,15
1999,225,2024-10-15,1900-01-01 07:40:00,7,Belt,2,144.3,Clothing Accessories,972,10,7,15
1999,225,2024-10-15,1900-01-01 07:40:00,7,Spices,1,240.45,Grains & Staples,671,10,7,15
2000,496,2024-07-09,1900-01-01 07:42:00,7,Spices,3,317.21,Grains & Staples,586,7,7,9
2000,496,2024-07-09,1900-01-01 07:42:00,7,Popcorn,3,302.91,Snacks,802,7,7,9
2000,496,2024-07-09,1900-01-01 07:42:00,7,Croissant,2,49.7,Bakery,218,7,7,9
2000,496,2024-07-09,1900-01-01 07:42:00,7,Coffee,1,191.74,Beverages,688,7,7,9
2000,496,2024-07-09,1900-01-01 07:42:00,7,Vitamins,2,96.69,Health & Wellness,148,7,7,9
2000,496,2024-07-09,1900-01-01 07:42:00,7,Onion,2,252.1,Fruits & Vegetables,540,7,7,9
2001,425,2024-12-18,1900-01-01 21:16:00,21,Face Wash,2,81.59,Personal Care,462,12,21,18
2001,425,2024-12-18,1900-01-01 21:16:00,21,Cake,1,437.94,Bakery,303,12,21,18
2001,425,2024-12-18,1900-01-01 21:16:00,21,Soap,2,97.56,Personal Care,343,12,21,18
2001,425,2024-12-18,1900-01-01 21:16:00,21,Biscuits,2,173.26,Snacks,394,12,21,18
2001,425,2024-12-18,1900-01-01 21:16:00,21,Electric Kettle,1,391.62,Electronics,572,12,21,18
2002,185,2024-08-17,1900-01-01 19:24:00,19,Diapers,3,316.54,Baby Care,435,8,19,17
2002,185,2024-08-17,1900-01-01 19:24:00,19,Tissue,2,492.37,Household,322,8,19,17
2002,185,2024-08-17,1900-01-01 19:24:00,19,Chips,3,444.8,Snacks,599,8,19,17
2003,189,2024-05-03,1900-01-01 10:35:00,10,Prawns,2,211.41,Meat & Seafood,825,5,10,3
2003,189,2024-05-03,1900-01-01 10:35:00,10,Notebook,2,189.2,Stationery,317,5,10,3
2003,189,2024-05-03,1900-01-01 10:35:00,10,Juice,2,266.74,Beverages,952,5,10,3
2004,224,2024-02-10,1900-01-01 11:27:00,11,Cheese,2,403.02,Dairy & Eggs,318,2,11,10
2004,224,2024-02-10,1900-01-01 11:27:00,11,Salt,2,346.69,Grains & Staples,669,2,11,10
2004,224,2024-02-10,1900-01-01 11:27:00,11,Fish,3,264.5,Meat & Seafood,440,2,11,10
2004,224,2024-02-10,1900-01-01 11:27:00,11,Pastry,3,77.29,Bakery,913,2,11,10
2004,224,2024-02-10,1900-01-01 11:27:00,11,Cookies,3,280.94,Bakery,680,2,11,10
2004,224,2024-02-10,1900-01-01 11:27:00,11,Shoes,1,102.23,Footwear,806,2,11,10
2004,224,2024-02-10,1900-01-01 11:27:00,11,Cake,1,194.22,Bakery,834,2,11,10
2005,189,2024-08-27,1900-01-01 18:54:00,18,Belt,1,464.4,Clothing Accessories,495,8,18,27
2005,189,2024-08-27,1900-01-01 18:54:00,18,Earphones,2,29.2,Electronics,733,8,18,27
2005,189,2024-08-27,1900-01-01 18:54:00,18,Vitamins,3,175.8,Health & Wellness,494,8,18,27
2005,189,2024-08-27,1900-01-01 18:54:00,18,Charger,3,229.9,Electronics,772,8,18,27
2005,189,2024-08-27,1900-01-01 18:54:00,18,Eggs,1,449.97,Dairy & Eggs,720,8,18,27
2005,189,2024-08-27,1900-01-01 18:54:00,18,Fiction Book,3,471.48,Books,179,8,18,27
2005,189,2024-08-27,1900-01-01 18:54:00,18,Dishwashing Liquid,2,348.17,Household,849,8,18,27
2006,247,2024-05-25,1900-01-01 13:29:00,13,Pastry,2,457.26,Bakery,240,5,13,25
2006,247,2024-05-25,1900-01-01 13:29:00,13,Earphones,3,88.85,Electronics,485,5,13,25
2006,247,2024-05-25,1900-01-01 13:29:00,13,Spices,1,200.0,Grains & Staples,108,5,13,25
2006,247,2024-05-25,1900-01-01 13:29:00,13,Lentils,2,278.41,Grains & Staples,774,5,13,25
2006,247,2024-05-25,1900-01-01 13:29:00,13,Notebook,2,41.5,Stationery,188,5,13,25
2007,291,2024-12-23,1900-01-01 13:00:00,13,Baby Food,3,400.3,Baby Care,309,12,13,23
2007,291,2024-12-23,1900-01-01 13:00:00,13,Carrot,3,227.84,Fruits & Vegetables,741,12,13,23
2007,291,2024-12-23,1900-01-01 13:00:00,13,Eggs,1,130.33,Dairy & Eggs,148,12,13,23
2007,291,2024-12-23,1900-01-01 13:00:00,13,Chicken Breast,2,228.49,Meat & Seafood,948,12,13,23
2007,291,2024-12-23,1900-01-01 13:00:00,13,Banana,3,263.18,Fruits & Vegetables,616,12,13,23
2007,291,2024-12-23,1900-01-01 13:00:00,13,Milk,3,11.98,Dairy & Eggs,425,12,13,23
2007,291,2024-12-23,1900-01-01 13:00:00,13,Pasta,1,250.98,Grains & Staples,265,12,13,23
2008,291,2024-11-19,1900-01-01 06:03:00,6,Fiction Book,3,351.87,Books,212,11,6,19
2008,291,2024-11-19,1900-01-01 06:03:00,6,Yogurt,1,158.23,Dairy & Eggs,747,11,6,19
2008,291,2024-11-19,1900-01-01 06:03:00,6,Tissue,3,132.98,Household,726,11,6,19
2008,291,2024-11-19,1900-01-01 06:03:00,6,Jeans,3,177.92,Clothing,352,11,6,19
2009,60,2024-12-10,1900-01-01 09:47:00,9,Notebook,1,26.16,Stationery,249,12,9,10
2009,60,2024-12-10,1900-01-01 09:47:00,9,Pastry,1,121.18,Bakery,310,12,9,10
2009,60,2024-12-10,1900-01-01 09:47:00,9,Coffee,3,436.36,Beverages,504,12,9,10
2009,60,2024-12-10,1900-01-01 09:47:00,9,Rice,1,139.57,Grains & Staples,899,12,9,10
2009,60,2024-12-10,1900-01-01 09:47:00,9,Prawns,2,146.62,Meat & Seafood,364,12,9,10
2009,60,2024-12-10,1900-01-01 09:47:00,9,Cake,1,329.73,Bakery,272,12,9,10
2009,60,2024-12-10,1900-01-01 09:47:00,9,Saree,3,403.62,Clothing,756,12,9,10
2010,22,2024-03-10,1900-01-01 15:40:00,15,Banana,2,309.14,Fruits & Vegetables,279,3,15,10
2010,22,2024-03-10,1900-01-01 15:40:00,15,Onion,3,245.0,Fruits & Vegetables,849,3,15,10
2010,22,2024-03-10,1900-01-01 15:40:00,15,Lentils,1,430.39,Grains & Staples,756,3,15,10
2010,22,2024-03-10,1900-01-01 15:40:00,15,Wheat Flour,2,40.23,Grains & Staples,321,3,15,10
2010,22,2024-03-10,1900-01-01 15:40:00,15,Potato,1,169.23,Fruits & Vegetables,129,3,15,10
2010,22,2024-03-10,1900-01-01 15:40:00,15,Soda,1,58.91,Beverages,313,3,15,10
2011,167,2024-08-30,1900-01-01 10:00:00,10,Pastry,3,111.25,Bakery,855,8,10,30
2011,167,2024-08-30,1900-01-01 10:00:00,10,Chips,3,46.73,Snacks,563,8,10,30
2011,167,2024-08-30,1900-01-01 10:00:00,10,Dishwashing Liquid,3,120.96,Household,696,8,10,30
2011,167,2024-08-30,1900-01-01 10:00:00,10,Chips,3,479.53,Snacks,285,8,10,30
2012,62,2024-08-17,1900-01-01 09:09:00,9,Cooking Oil,1,431.99,Grains & Staples,695,8,9,17
2012,62,2024-08-17,1900-01-01 09:09:00,9,Baby Food,2,287.01,Baby Care,462,8,9,17
2012,62,2024-08-17,1900-01-01 09:09:00,9,Fish,3,217.48,Meat & Seafood,654,8,9,17
2012,62,2024-08-17,1900-01-01 09:09:00,9,Vitamins,2,101.31,Health & Wellness,249,8,9,17
2012,62,2024-08-17,1900-01-01 09:09:00,9,Pastry,1,133.28,Bakery,685,8,9,17
2012,62,2024-08-17,1900-01-01 09:09:00,9,Saree,1,31.33,Clothing,737,8,9,17
2013,376,2024-10-01,1900-01-01 12:47:00,12,Phone Cover,2,464.12,Electronics,779,10,12,1
2013,376,2024-10-01,1900-01-01 12:47:00,12,Croissant,2,365.38,Bakery,656,10,12,1
2013,376,2024-10-01,1900-01-01 12:47:00,12,Soda,3,484.47,Beverages,382,10,12,1
2013,376,2024-10-01,1900-01-01 12:47:00,12,Potato,1,435.95,Fruits & Vegetables,911,10,12,1
2013,376,2024-10-01,1900-01-01 12:47:00,12,Spices,3,74.06,Grains & Staples,992,10,12,1
2014,373,2024-07-16,1900-01-01 21:54:00,21,Diapers,2,136.58,Baby Care,957,7,21,16
2014,373,2024-07-16,1900-01-01 21:54:00,21,Lentils,1,320.74,Grains & Staples,128,7,21,16
2014,373,2024-07-16,1900-01-01 21:54:00,21,Spinach,1,373.48,Fruits & Vegetables,862,7,21,16
2014,373,2024-07-16,1900-01-01 21:54:00,21,Soda,1,36.35,Beverages,254,7,21,16
2015,147,2024-05-13,1900-01-01 11:57:00,11,Wheat Flour,3,327.72,Grains & Staples,733,5,11,13
2015,147,2024-05-13,1900-01-01 11:57:00,11,Cooking Oil,3,432.79,Grains & Staples,284,5,11,13
2015,147,2024-05-13,1900-01-01 11:57:00,11,Orange,2,241.55,Fruits & Vegetables,667,5,11,13
2015,147,2024-05-13,1900-01-01 11:57:00,11,Belt,3,306.87,Clothing Accessories,137,5,11,13
2015,147,2024-05-13,1900-01-01 11:57:00,11,Baby Food,1,238.83,Baby Care,606,5,11,13
2015,147,2024-05-13,1900-01-01 11:57:00,11,Potato,2,254.1,Fruits & Vegetables,789,5,11,13
2016,190,2024-03-05,1900-01-01 21:09:00,21,Face Wash,3,234.43,Personal Care,558,3,21,5
2016,190,2024-03-05,1900-01-01 21:09:00,21,Energy Drink,3,86.89,Beverages,126,3,21,5
2016,190,2024-03-05,1900-01-01 21:09:00,21,Tea,2,401.81,Beverages,813,3,21,5
2016,190,2024-03-05,1900-01-01 21:09:00,21,Banana,2,329.96,Fruits & Vegetables,797,3,21,5
2016,190,2024-03-05,1900-01-01 21:09:00,21,Earphones,1,50.53,Electronics,925,3,21,5
2016,190,2024-03-05,1900-01-01 21:09:00,21,Spices,1,473.39,Grains & Staples,976,3,21,5
2016,190,2024-03-05,1900-01-01 21:09:00,21,Cookies,2,297.37,Bakery,824,3,21,5
2017,494,2024-02-23,1900-01-01 14:49:00,14,Educational Book,3,450.2,Books,367,2,14,23
2017,494,2024-02-23,1900-01-01 14:49:00,14,Belt,2,409.76,Clothing Accessories,113,2,14,23
2017,494,2024-02-23,1900-01-01 14:49:00,14,Diapers,1,370.17,Baby Care,300,2,14,23
2017,494,2024-02-23,1900-01-01 14:49:00,14,Milk,1,83.64,Dairy & Eggs,672,2,14,23
2017,494,2024-02-23,1900-01-01 14:49:00,14,Beef,3,86.69,Meat & Seafood,168,2,14,23
2018,144,2024-05-12,1900-01-01 20:55:00,20,Electric Kettle,2,450.0,Electronics,955,5,20,12
2018,144,2024-05-12,1900-01-01 20:55:00,20,Dress,1,222.17,Clothing,826,5,20,12
2018,144,2024-05-12,1900-01-01 20:55:00,20,Banana,2,406.23,Fruits & Vegetables,822,5,20,12
2019,440,2024-10-12,1900-01-01 17:07:00,17,Detergent,1,81.96,Household,418,10,17,12
2019,440,2024-10-12,1900-01-01 17:07:00,17,Yogurt,2,108.7,Dairy & Eggs,146,10,17,12
2019,440,2024-10-12,1900-01-01 17:07:00,17,Face Wash,2,426.79,Personal Care,402,10,17,12
2019,440,2024-10-12,1900-01-01 17:07:00,17,Soap,1,291.1,Personal Care,687,10,17,12
2019,440,2024-10-12,1900-01-01 17:07:00,17,Butter,2,498.79,Dairy & Eggs,627,10,17,12
2019,440,2024-10-12,1900-01-01 17:07:00,17,Salt,2,252.24,Grains & Staples,636,10,17,12
2019,440,2024-10-12,1900-01-01 17:07:00,17,Onion,1,209.85,Fruits & Vegetables,781,10,17,12
2020,388,2024-10-29,1900-01-01 20:22:00,20,Sugar,3,393.52,Grains & Staples,723,10,20,29
2020,388,2024-10-29,1900-01-01 20:22:00,20,Cookies,3,211.52,Bakery,524,10,20,29
2020,388,2024-10-29,1900-01-01 20:22:00,20,Fiction Book,2,487.12,Books,684,10,20,29
2020,388,2024-10-29,1900-01-01 20:22:00,20,Cheese,2,111.06,Dairy & Eggs,691,10,20,29
2020,388,2024-10-29,1900-01-01 20:22:00,20,Lentils,1,278.99,Grains & Staples,194,10,20,29
2021,393,2024-10-10,1900-01-01 15:56:00,15,Fish,1,198.3,Meat & Seafood,250,10,15,10
2021,393,2024-10-10,1900-01-01 15:56:00,15,Wheat Flour,1,12.7,Grains & Staples,935,10,15,10
2021,393,2024-10-10,1900-01-01 15:56:00,15,Rice,3,492.01,Grains & Staples,833,10,15,10
2021,393,2024-10-10,1900-01-01 15:56:00,15,Pastry,3,213.53,Bakery,687,10,15,10
2021,393,2024-10-10,1900-01-01 15:56:00,15,Educational Book,3,493.85,Books,416,10,15,10
2021,393,2024-10-10,1900-01-01 15:56:00,15,Toilet Paper,2,22.27,Household,419,10,15,10
2022,352,2024-07-06,1900-01-01 17:56:00,17,Spinach,3,469.14,Fruits & Vegetables,460,7,17,6
2022,352,2024-07-06,1900-01-01 17:56:00,17,Chips,3,27.09,Snacks,434,7,17,6
2022,352,2024-07-06,1900-01-01 17:56:00,17,Pain Reliever,3,29.47,Health & Wellness,267,7,17,6
2023,168,2024-10-25,1900-01-01 21:37:00,21,Potato,1,257.7,Fruits & Vegetables,719,10,21,25
2023,168,2024-10-25,1900-01-01 21:37:00,21,Energy Drink,3,257.88,Beverages,383,10,21,25
2023,168,2024-10-25,1900-01-01 21:37:00,21,Notebook,2,395.32,Stationery,904,10,21,25
2023,168,2024-10-25,1900-01-01 21:37:00,21,Shirt,1,469.58,Clothing,289,10,21,25
2023,168,2024-10-25,1900-01-01 21:37:00,21,Cheese,1,398.99,Dairy & Eggs,255,10,21,25
2023,168,2024-10-25,1900-01-01 21:37:00,21,Marker,3,410.28,Stationery,149,10,21,25
2024,317,2024-10-15,1900-01-01 15:30:00,15,Mixer Grinder,3,29.92,Electronics,629,10,15,15
2024,317,2024-10-15,1900-01-01 15:30:00,15,Notebook,2,427.36,Stationery,273,10,15,15
2024,317,2024-10-15,1900-01-01 15:30:00,15,Soda,2,410.08,Beverages,630,10,15,15
2024,317,2024-10-15,1900-01-01 15:30:00,15,Biscuits,3,114.0,Snacks,527,10,15,15
2024,317,2024-10-15,1900-01-01 15:30:00,15,Cookies,1,308.16,Bakery,589,10,15,15
2025,78,2024-02-04,1900-01-01 18:07:00,18,Belt,1,76.88,Clothing Accessories,564,2,18,4
2025,78,2024-02-04,1900-01-01 18:07:00,18,Prawns,2,306.92,Meat & Seafood,164,2,18,4
2025,78,2024-02-04,1900-01-01 18:07:00,18,Shampoo,1,304.05,Personal Care,324,2,18,4
2025,78,2024-02-04,1900-01-01 18:07:00,18,Potato,3,318.02,Fruits & Vegetables,204,2,18,4
2025,78,2024-02-04,1900-01-01 18:07:00,18,Detergent,2,148.6,Household,959,2,18,4
2026,392,2024-06-12,1900-01-01 14:10:00,14,Toothpaste,2,278.87,Personal Care,624,6,14,12
2026,392,2024-06-12,1900-01-01 14:10:00,14,Energy Drink,1,383.19,Beverages,870,6,14,12
2026,392,2024-06-12,1900-01-01 14:10:00,14,Milk,1,232.7,Dairy & Eggs,935,6,14,12
2026,392,2024-06-12,1900-01-01 14:10:00,14,Spinach,3,211.77,Fruits & Vegetables,570,6,14,12
2026,392,2024-06-12,1900-01-01 14:10:00,14,Tea,1,408.33,Beverages,293,6,14,12
2027,286,2024-12-30,1900-01-01 12:02:00,12,Mixer Grinder,1,45.41,Electronics,537,12,12,30
2027,286,2024-12-30,1900-01-01 12:02:00,12,Jeans,3,47.91,Clothing,568,12,12,30
2027,286,2024-12-30,1900-01-01 12:02:00,12,Toilet Paper,3,331.0,Household,574,12,12,30
2027,286,2024-12-30,1900-01-01 12:02:00,12,Prawns,1,194.5,Meat & Seafood,475,12,12,30
2027,286,2024-12-30,1900-01-01 12:02:00,12,Pasta,2,452.07,Grains & Staples,413,12,12,30
2027,286,2024-12-30,1900-01-01 12:02:00,12,Cookies,3,247.3,Bakery,460,12,12,30
2027,286,2024-12-30,1900-01-01 12:02:00,12,Shampoo,2,115.82,Personal Care,407,12,12,30
2028,163,2024-04-09,1900-01-01 22:46:00,22,Chicken Breast,1,406.35,Meat & Seafood,501,4,22,9
2028,163,2024-04-09,1900-01-01 22:46:00,22,Wheat Flour,2,243.02,Grains & Staples,172,4,22,9
2028,163,2024-04-09,1900-01-01 22:46:00,22,Popcorn,1,357.07,Snacks,176,4,22,9
2028,163,2024-04-09,1900-01-01 22:46:00,22,Toilet Paper,1,217.78,Household,964,4,22,9
2029,86,2024-01-17,1900-01-01 18:58:00,18,Pastry,2,313.14,Bakery,812,1,18,17
2029,86,2024-01-17,1900-01-01 18:58:00,18,Chocolate,3,464.15,Snacks,588,1,18,17
2029,86,2024-01-17,1900-01-01 18:58:00,18,Toothpaste,1,167.83,Personal Care,639,1,18,17
2029,86,2024-01-17,1900-01-01 18:58:00,18,Carrot,2,229.62,Fruits & Vegetables,695,1,18,17
2030,259,2024-03-30,1900-01-01 09:10:00,9,Educational Book,2,245.03,Books,636,3,9,30
2030,259,2024-03-30,1900-01-01 09:10:00,9,Baby Food,1,192.36,Baby Care,948,3,9,30
2030,259,2024-03-30,1900-01-01 09:10:00,9,Sugar,2,310.11,Grains & Staples,501,3,9,30
2031,204,2024-02-22,1900-01-01 11:06:00,11,Spices,2,123.77,Grains & Staples,114,2,11,22
2031,204,2024-02-22,1900-01-01 11:06:00,11,Toothpaste,1,146.03,Personal Care,245,2,11,22
2031,204,2024-02-22,1900-01-01 11:06:00,11,Tomato,2,471.36,Fruits & Vegetables,857,2,11,22
2031,204,2024-02-22,1900-01-01 11:06:00,11,Tissue,1,202.73,Household,189,2,11,22
2031,204,2024-02-22,1900-01-01 11:06:00,11,Yogurt,3,295.4,Dairy & Eggs,775,2,11,22
2032,87,2024-01-26,1900-01-01 15:01:00,15,Pasta,1,114.68,Grains & Staples,824,1,15,26
2032,87,2024-01-26,1900-01-01 15:01:00,15,Toilet Paper,3,297.01,Household,817,1,15,26
2032,87,2024-01-26,1900-01-01 15:01:00,15,Tissue,3,120.45,Household,678,1,15,26
2033,493,2024-07-20,1900-01-01 22:16:00,22,Tea,3,87.4,Beverages,305,7,22,20
2033,493,2024-07-20,1900-01-01 22:16:00,22,Mixer Grinder,1,126.54,Electronics,205,7,22,20
2033,493,2024-07-20,1900-01-01 22:16:00,22,Cooking Oil,2,325.12,Grains & Staples,250,7,22,20
2033,493,2024-07-20,1900-01-01 22:16:00,22,Earphones,3,429.51,Electronics,837,7,22,20
2033,493,2024-07-20,1900-01-01 22:16:00,22,Juice,3,100.96,Beverages,325,7,22,20
2033,493,2024-07-20,1900-01-01 22:16:00,22,Coffee,1,320.05,Beverages,674,7,22,20
2034,99,2024-11-26,1900-01-01 18:00:00,18,Eggs,2,454.9,Dairy & Eggs,142,11,18,26
2034,99,2024-11-26,1900-01-01 18:00:00,18,Toilet Paper,2,262.38,Household,394,11,18,26
2034,99,2024-11-26,1900-01-01 18:00:00,18,Salt,3,451.11,Grains & Staples,945,11,18,26
2034,99,2024-11-26,1900-01-01 18:00:00,18,Salt,1,83.48,Grains & Staples,900,11,18,26
2034,99,2024-11-26,1900-01-01 18:00:00,18,Tea,1,423.82,Beverages,792,11,18,26
2035,462,2024-12-03,1900-01-01 15:57:00,15,Soda,3,250.98,Beverages,165,12,15,3
2035,462,2024-12-03,1900-01-01 15:57:00,15,Bread,2,210.33,Bakery,450,12,15,3
2035,462,2024-12-03,1900-01-01 15:57:00,15,Carrot,1,22.48,Fruits & Vegetables,368,12,15,3
2035,462,2024-12-03,1900-01-01 15:57:00,15,Phone Cover,2,428.05,Electronics,427,12,15,3
2035,462,2024-12-03,1900-01-01 15:57:00,15,Rice,2,198.26,Grains & Staples,655,12,15,3
2035,462,2024-12-03,1900-01-01 15:57:00,15,Chocolate,3,499.31,Snacks,199,12,15,3
2036,52,2024-08-26,1900-01-01 18:03:00,18,Bread,2,106.3,Bakery,328,8,18,26
2036,52,2024-08-26,1900-01-01 18:03:00,18,Pain Reliever,2,289.18,Health & Wellness,669,8,18,26
2036,52,2024-08-26,1900-01-01 18:03:00,18,Salt,3,104.66,Grains & Staples,889,8,18,26
2036,52,2024-08-26,1900-01-01 18:03:00,18,Tea,3,441.63,Beverages,927,8,18,26
2037,182,2024-10-05,1900-01-01 13:15:00,13,Butter,3,175.27,Dairy & Eggs,584,10,13,5
2037,182,2024-10-05,1900-01-01 13:15:00,13,Chips,3,24.83,Snacks,920,10,13,5
2037,182,2024-10-05,1900-01-01 13:15:00,13,Onion,2,422.15,Fruits & Vegetables,120,10,13,5
2037,182,2024-10-05,1900-01-01 13:15:00,13,Toilet Paper,2,478.92,Household,497,10,13,5
2037,182,2024-10-05,1900-01-01 13:15:00,13,Tomato,1,462.99,Fruits & Vegetables,330,10,13,5
2038,7,2024-02-22,1900-01-01 16:57:00,16,Prawns,1,141.63,Meat & Seafood,986,2,16,22
2038,7,2024-02-22,1900-01-01 16:57:00,16,Yogurt,2,493.28,Dairy & Eggs,614,2,16,22
2038,7,2024-02-22,1900-01-01 16:57:00,16,Croissant,2,244.02,Bakery,463,2,16,22
2038,7,2024-02-22,1900-01-01 16:57:00,16,Eggs,2,167.25,Dairy & Eggs,851,2,16,22
2038,7,2024-02-22,1900-01-01 16:57:00,16,Milk,1,248.89,Dairy & Eggs,594,2,16,22
2039,489,2024-11-20,1900-01-01 08:39:00,8,Cheese,1,389.48,Dairy & Eggs,183,11,8,20
2039,489,2024-11-20,1900-01-01 08:39:00,8,Soda,3,192.58,Beverages,179,11,8,20
2039,489,2024-11-20,1900-01-01 08:39:00,8,Salt,3,146.69,Grains & Staples,268,11,8,20
2039,489,2024-11-20,1900-01-01 08:39:00,8,Tea,1,435.67,Beverages,675,11,8,20
2039,489,2024-11-20,1900-01-01 08:39:00,8,Soap,2,19.51,Personal Care,423,11,8,20
2040,332,2024-04-13,1900-01-01 14:23:00,14,Mixer Grinder,2,322.89,Electronics,417,4,14,13
2040,332,2024-04-13,1900-01-01 14:23:00,14,Carrot,1,82.33,Fruits & Vegetables,708,4,14,13
2040,332,2024-04-13,1900-01-01 14:23:00,14,Marker,2,96.6,Stationery,205,4,14,13
2040,332,2024-04-13,1900-01-01 14:23:00,14,Pasta,2,79.62,Grains & Staples,778,4,14,13
2040,332,2024-04-13,1900-01-01 14:23:00,14,Cake,2,434.56,Bakery,880,4,14,13
2040,332,2024-04-13,1900-01-01 14:23:00,14,Bread,3,64.09,Bakery,819,4,14,13
2041,212,2024-10-23,1900-01-01 06:50:00,6,Yogurt,1,101.09,Dairy & Eggs,508,10,6,23
2041,212,2024-10-23,1900-01-01 06:50:00,6,Charger,1,278.68,Electronics,481,10,6,23
2041,212,2024-10-23,1900-01-01 06:50:00,6,Floor Cleaner,3,474.71,Household,898,10,6,23
2041,212,2024-10-23,1900-01-01 06:50:00,6,Floor Cleaner,1,28.37,Household,939,10,6,23
2041,212,2024-10-23,1900-01-01 06:50:00,6,Cake,1,140.68,Bakery,887,10,6,23
2041,212,2024-10-23,1900-01-01 06:50:00,6,Rice,2,383.54,Grains & Staples,783,10,6,23
2041,212,2024-10-23,1900-01-01 06:50:00,6,Dress,2,385.73,Clothing,553,10,6,23
2042,207,2024-03-19,1900-01-01 11:42:00,11,Energy Drink,3,349.82,Beverages,924,3,11,19
2042,207,2024-03-19,1900-01-01 11:42:00,11,Belt,2,52.39,Clothing Accessories,948,3,11,19
2042,207,2024-03-19,1900-01-01 11:42:00,11,Pen,2,63.18,Stationery,823,3,11,19
2042,207,2024-03-19,1900-01-01 11:42:00,11,Pasta,3,441.53,Grains & Staples,569,3,11,19
2042,207,2024-03-19,1900-01-01 11:42:00,11,Milk,2,276.21,Dairy & Eggs,213,3,11,19
2043,473,2024-05-25,1900-01-01 21:33:00,21,Cookies,1,96.55,Bakery,294,5,21,25
2043,473,2024-05-25,1900-01-01 21:33:00,21,Spices,3,352.07,Grains & Staples,357,5,21,25
2043,473,2024-05-25,1900-01-01 21:33:00,21,Toothpaste,3,277.92,Personal Care,455,5,21,25
2044,480,2024-02-11,1900-01-01 11:20:00,11,Diapers,2,130.01,Baby Care,834,2,11,11
2044,480,2024-02-11,1900-01-01 11:20:00,11,Popcorn,3,82.89,Snacks,914,2,11,11
2044,480,2024-02-11,1900-01-01 11:20:00,11,Wheat Flour,3,396.45,Grains & Staples,420,2,11,11
2044,480,2024-02-11,1900-01-01 11:20:00,11,Spinach,3,109.99,Fruits & Vegetables,854,2,11,11
2044,480,2024-02-11,1900-01-01 11:20:00,11,Saree,1,447.17,Clothing,409,2,11,11
2045,26,2024-04-26,1900-01-01 06:17:00,6,Tea,2,267.72,Beverages,892,4,6,26
2045,26,2024-04-26,1900-01-01 06:17:00,6,Prawns,3,372.29,Meat & Seafood,357,4,6,26
2045,26,2024-04-26,1900-01-01 06:17:00,6,Energy Drink,2,70.96,Beverages,595,4,6,26
2045,26,2024-04-26,1900-01-01 06:17:00,6,Dishwashing Liquid,2,467.45,Household,148,4,6,26
2045,26,2024-04-26,1900-01-01 06:17:00,6,Tea,3,96.73,Beverages,188,4,6,26
2045,26,2024-04-26,1900-01-01 06:17:00,6,Saree,2,163.82,Clothing,216,4,6,26
2045,26,2024-04-26,1900-01-01 06:17:00,6,Soap,1,426.67,Personal Care,679,4,6,26
2046,248,2024-09-03,1900-01-01 08:25:00,8,Chicken Breast,1,83.95,Meat & Seafood,993,9,8,3
2046,248,2024-09-03,1900-01-01 08:25:00,8,Cooking Oil,3,169.55,Grains & Staples,298,9,8,3
2046,248,2024-09-03,1900-01-01 08:25:00,8,Juice,2,106.8,Beverages,952,9,8,3
2046,248,2024-09-03,1900-01-01 08:25:00,8,Prawns,2,490.43,Meat & Seafood,806,9,8,3
2046,248,2024-09-03,1900-01-01 08:25:00,8,Carrot,2,286.78,Fruits & Vegetables,946,9,8,3
2047,447,2024-06-21,1900-01-01 19:52:00,19,Jeans,3,415.24,Clothing,421,6,19,21
2047,447,2024-06-21,1900-01-01 19:52:00,19,Charger,2,188.41,Electronics,667,6,19,21
2047,447,2024-06-21,1900-01-01 19:52:00,19,Diapers,2,92.5,Baby Care,121,6,19,21
2047,447,2024-06-21,1900-01-01 19:52:00,19,Cookies,1,260.56,Bakery,132,6,19,21
2047,447,2024-06-21,1900-01-01 19:52:00,19,Cake,3,474.84,Bakery,824,6,19,21
2047,447,2024-06-21,1900-01-01 19:52:00,19,Diapers,1,230.81,Baby Care,216,6,19,21
2048,18,2024-10-04,1900-01-01 07:26:00,7,Potato,3,349.54,Fruits & Vegetables,419,10,7,4
2048,18,2024-10-04,1900-01-01 07:26:00,7,Bread,3,464.91,Bakery,554,10,7,4
2048,18,2024-10-04,1900-01-01 07:26:00,7,Chicken Breast,2,161.11,Meat & Seafood,884,10,7,4
2048,18,2024-10-04,1900-01-01 07:26:00,7,Yogurt,1,284.51,Dairy & Eggs,946,10,7,4
2048,18,2024-10-04,1900-01-01 07:26:00,7,Diapers,1,64.64,Baby Care,878,10,7,4
2048,18,2024-10-04,1900-01-01 07:26:00,7,Jeans,1,330.92,Clothing,129,10,7,4
2049,287,2024-05-15,1900-01-01 12:28:00,12,Jeans,2,271.24,Clothing,430,5,12,15
2049,287,2024-05-15,1900-01-01 12:28:00,12,Beef,1,56.56,Meat & Seafood,456,5,12,15
2049,287,2024-05-15,1900-01-01 12:28:00,12,Marker,3,266.85,Stationery,737,5,12,15
2049,287,2024-05-15,1900-01-01 12:28:00,12,Fish,2,257.96,Meat & Seafood,101,5,12,15
2049,287,2024-05-15,1900-01-01 12:28:00,12,Vitamins,3,193.99,Health & Wellness,712,5,12,15
2050,131,2024-12-22,1900-01-01 08:11:00,8,Bread,3,31.29,Bakery,491,12,8,22
2050,131,2024-12-22,1900-01-01 08:11:00,8,Banana,2,185.38,Fruits & Vegetables,837,12,8,22
2050,131,2024-12-22,1900-01-01 08:11:00,8,Cookies,3,128.34,Bakery,129,12,8,22
2051,40,2024-06-18,1900-01-01 06:15:00,6,Popcorn,1,166.97,Snacks,986,6,6,18
2051,40,2024-06-18,1900-01-01 06:15:00,6,Salt,3,497.83,Grains & Staples,250,6,6,18
2051,40,2024-06-18,1900-01-01 06:15:00,6,Dishwashing Liquid,2,188.81,Household,145,6,6,18
2051,40,2024-06-18,1900-01-01 06:15:00,6,Shampoo,3,201.64,Personal Care,384,6,6,18
2051,40,2024-06-18,1900-01-01 06:15:00,6,Educational Book,2,477.06,Books,210,6,6,18
2051,40,2024-06-18,1900-01-01 06:15:00,6,Orange,1,340.48,Fruits & Vegetables,188,6,6,18
2052,241,2024-02-16,1900-01-01 13:42:00,13,Coffee,1,206.84,Beverages,973,2,13,16
2052,241,2024-02-16,1900-01-01 13:42:00,13,Tea,3,371.02,Beverages,969,2,13,16
2052,241,2024-02-16,1900-01-01 13:42:00,13,Wheat Flour,2,219.44,Grains & Staples,678,2,13,16
2052,241,2024-02-16,1900-01-01 13:42:00,13,Coffee,3,229.57,Beverages,351,2,13,16
2052,241,2024-02-16,1900-01-01 13:42:00,13,Shirt,2,403.75,Clothing,673,2,13,16
2052,241,2024-02-16,1900-01-01 13:42:00,13,Apple,3,416.01,Fruits & Vegetables,954,2,13,16
2052,241,2024-02-16,1900-01-01 13:42:00,13,Pain Reliever,2,66.79,Health & Wellness,770,2,13,16
2053,495,2024-02-18,1900-01-01 08:18:00,8,Jeans,2,328.37,Clothing,241,2,8,18
2053,495,2024-02-18,1900-01-01 08:18:00,8,Mixer Grinder,3,56.91,Electronics,550,2,8,18
2053,495,2024-02-18,1900-01-01 08:18:00,8,Shoes,1,156.47,Footwear,424,2,8,18
2053,495,2024-02-18,1900-01-01 08:18:00,8,Marker,2,488.76,Stationery,665,2,8,18
2053,495,2024-02-18,1900-01-01 08:18:00,8,Pain Reliever,2,448.05,Health & Wellness,239,2,8,18
2054,175,2024-03-20,1900-01-01 14:49:00,14,Spinach,1,244.94,Fruits & Vegetables,999,3,14,20
2054,175,2024-03-20,1900-01-01 14:49:00,14,Cookies,3,126.64,Bakery,992,3,14,20
2054,175,2024-03-20,1900-01-01 14:49:00,14,Biscuits,1,98.83,Snacks,995,3,14,20
2054,175,2024-03-20,1900-01-01 14:49:00,14,Mixer Grinder,3,84.01,Electronics,570,3,14,20
2054,175,2024-03-20,1900-01-01 14:49:00,14,Eggs,1,37.38,Dairy & Eggs,294,3,14,20
2055,75,2024-09-03,1900-01-01 06:42:00,6,Spinach,2,271.16,Fruits & Vegetables,118,9,6,3
2055,75,2024-09-03,1900-01-01 06:42:00,6,Banana,2,218.94,Fruits & Vegetables,542,9,6,3
2055,75,2024-09-03,1900-01-01 06:42:00,6,Chips,2,56.41,Snacks,458,9,6,3
2056,2,2024-12-04,1900-01-01 16:10:00,16,Croissant,1,490.74,Bakery,798,12,16,4
2056,2,2024-12-04,1900-01-01 16:10:00,16,Pen,1,498.46,Stationery,968,12,16,4
2056,2,2024-12-04,1900-01-01 16:10:00,16,Spices,2,222.48,Grains & Staples,677,12,16,4
2056,2,2024-12-04,1900-01-01 16:10:00,16,Lentils,3,258.93,Grains & Staples,753,12,16,4
2056,2,2024-12-04,1900-01-01 16:10:00,16,Shoes,3,491.39,Footwear,797,12,16,4
2057,176,2024-11-06,1900-01-01 10:17:00,10,Pain Reliever,3,462.26,Health & Wellness,283,11,10,6
2057,176,2024-11-06,1900-01-01 10:17:00,10,Fish,2,42.32,Meat & Seafood,439,11,10,6
2057,176,2024-11-06,1900-01-01 10:17:00,10,Mixer Grinder,2,79.63,Electronics,877,11,10,6
2057,176,2024-11-06,1900-01-01 10:17:00,10,Chicken Breast,2,316.51,Meat & Seafood,954,11,10,6
2058,469,2024-03-20,1900-01-01 06:29:00,6,Milk,1,233.34,Dairy & Eggs,995,3,6,20
2058,469,2024-03-20,1900-01-01 06:29:00,6,Pasta,1,196.44,Grains & Staples,203,3,6,20
2058,469,2024-03-20,1900-01-01 06:29:00,6,Rice,1,472.74,Grains & Staples,742,3,6,20
2058,469,2024-03-20,1900-01-01 06:29:00,6,Chips,2,198.92,Snacks,959,3,6,20
2058,469,2024-03-20,1900-01-01 06:29:00,6,Soda,3,101.2,Beverages,432,3,6,20
2058,469,2024-03-20,1900-01-01 06:29:00,6,Butter,1,246.79,Dairy & Eggs,965,3,6,20
2058,469,2024-03-20,1900-01-01 06:29:00,6,Fiction Book,1,352.78,Books,673,3,6,20
2059,63,2024-10-05,1900-01-01 07:08:00,7,Detergent,2,310.93,Household,267,10,7,5
2059,63,2024-10-05,1900-01-01 07:08:00,7,Yogurt,1,306.88,Dairy & Eggs,764,10,7,5
2059,63,2024-10-05,1900-01-01 07:08:00,7,Phone Cover,3,272.02,Electronics,679,10,7,5
2060,371,2024-05-17,1900-01-01 09:43:00,9,Cake,1,208.8,Bakery,406,5,9,17
2060,371,2024-05-17,1900-01-01 09:43:00,9,Eggs,2,395.84,Dairy & Eggs,446,5,9,17
2060,371,2024-05-17,1900-01-01 09:43:00,9,Lentils,2,104.02,Grains & Staples,549,5,9,17
2060,371,2024-05-17,1900-01-01 09:43:00,9,Wheat Flour,1,366.52,Grains & Staples,218,5,9,17
2060,371,2024-05-17,1900-01-01 09:43:00,9,Cooking Oil,3,59.41,Grains & Staples,980,5,9,17
2060,371,2024-05-17,1900-01-01 09:43:00,9,Saree,3,93.01,Clothing,286,5,9,17
2061,273,2024-01-17,1900-01-01 07:39:00,7,Dishwashing Liquid,3,453.21,Household,311,1,7,17
2061,273,2024-01-17,1900-01-01 07:39:00,7,Pen,3,366.15,Stationery,900,1,7,17
2061,273,2024-01-17,1900-01-01 07:39:00,7,Saree,2,406.92,Clothing,119,1,7,17
2061,273,2024-01-17,1900-01-01 07:39:00,7,Cooking Oil,1,280.78,Grains & Staples,153,1,7,17
2062,321,2024-10-28,1900-01-01 17:51:00,17,Apple,3,307.86,Fruits & Vegetables,685,10,17,28
2062,321,2024-10-28,1900-01-01 17:51:00,17,Fiction Book,2,160.24,Books,443,10,17,28
2062,321,2024-10-28,1900-01-01 17:51:00,17,Popcorn,3,124.03,Snacks,468,10,17,28
2063,10,2024-09-04,1900-01-01 22:00:00,22,Biscuits,3,206.46,Snacks,161,9,22,4
2063,10,2024-09-04,1900-01-01 22:00:00,22,Earphones,1,253.56,Electronics,968,9,22,4
2063,10,2024-09-04,1900-01-01 22:00:00,22,Spices,1,135.07,Grains & Staples,699,9,22,4
2063,10,2024-09-04,1900-01-01 22:00:00,22,Pain Reliever,1,378.42,Health & Wellness,418,9,22,4
2063,10,2024-09-04,1900-01-01 22:00:00,22,Vitamins,3,202.78,Health & Wellness,682,9,22,4
2063,10,2024-09-04,1900-01-01 22:00:00,22,Sugar,3,236.36,Grains & Staples,247,9,22,4
2064,284,2024-04-11,1900-01-01 06:15:00,6,Juice,2,425.44,Beverages,470,4,6,11
2064,284,2024-04-11,1900-01-01 06:15:00,6,Chocolate,1,203.13,Snacks,128,4,6,11
2064,284,2024-04-11,1900-01-01 06:15:00,6,Pain Reliever,3,489.48,Health & Wellness,883,4,6,11
2064,284,2024-04-11,1900-01-01 06:15:00,6,Cheese,2,281.96,Dairy & Eggs,593,4,6,11
2064,284,2024-04-11,1900-01-01 06:15:00,6,Electric Kettle,2,42.12,Electronics,226,4,6,11
2064,284,2024-04-11,1900-01-01 06:15:00,6,Cheese,3,354.83,Dairy & Eggs,602,4,6,11
2064,284,2024-04-11,1900-01-01 06:15:00,6,Milk,1,356.17,Dairy & Eggs,753,4,6,11
2065,273,2024-05-04,1900-01-01 11:16:00,11,Notebook,1,51.95,Stationery,156,5,11,4
2065,273,2024-05-04,1900-01-01 11:16:00,11,Saree,2,360.84,Clothing,705,5,11,4
2065,273,2024-05-04,1900-01-01 11:16:00,11,Mixer Grinder,2,187.21,Electronics,459,5,11,4
2065,273,2024-05-04,1900-01-01 11:16:00,11,Yogurt,1,306.03,Dairy & Eggs,926,5,11,4
2065,273,2024-05-04,1900-01-01 11:16:00,11,Tissue,1,123.72,Household,343,5,11,4
2066,219,2024-03-13,1900-01-01 13:28:00,13,Shampoo,2,104.62,Personal Care,227,3,13,13
2066,219,2024-03-13,1900-01-01 13:28:00,13,Cooking Oil,3,320.05,Grains & Staples,160,3,13,13
2066,219,2024-03-13,1900-01-01 13:28:00,13,Banana,2,410.12,Fruits & Vegetables,893,3,13,13
2066,219,2024-03-13,1900-01-01 13:28:00,13,Coffee,2,416.51,Beverages,393,3,13,13
2067,93,2024-01-28,1900-01-01 15:01:00,15,Pasta,1,258.18,Grains & Staples,846,1,15,28
2067,93,2024-01-28,1900-01-01 15:01:00,15,Apple,3,262.41,Fruits & Vegetables,582,1,15,28
2067,93,2024-01-28,1900-01-01 15:01:00,15,Phone Cover,1,436.48,Electronics,773,1,15,28
2067,93,2024-01-28,1900-01-01 15:01:00,15,Electric Kettle,1,241.88,Electronics,831,1,15,28
2067,93,2024-01-28,1900-01-01 15:01:00,15,Soda,1,262.58,Beverages,912,1,15,28
2067,93,2024-01-28,1900-01-01 15:01:00,15,Shirt,1,303.23,Clothing,296,1,15,28
2068,187,2024-07-13,1900-01-01 06:43:00,6,Prawns,1,267.02,Meat & Seafood,607,7,6,13
2068,187,2024-07-13,1900-01-01 06:43:00,6,Biscuits,3,426.93,Snacks,518,7,6,13
2068,187,2024-07-13,1900-01-01 06:43:00,6,Juice,2,325.3,Beverages,823,7,6,13
2068,187,2024-07-13,1900-01-01 06:43:00,6,Energy Drink,2,92.71,Beverages,785,7,6,13
2068,187,2024-07-13,1900-01-01 06:43:00,6,Shoes,1,87.67,Footwear,960,7,6,13
2069,56,2024-10-28,1900-01-01 18:14:00,18,Milk,1,203.31,Dairy & Eggs,805,10,18,28
2069,56,2024-10-28,1900-01-01 18:14:00,18,Bread,3,323.41,Bakery,557,10,18,28
2069,56,2024-10-28,1900-01-01 18:14:00,18,Detergent,1,438.09,Household,671,10,18,28
2069,56,2024-10-28,1900-01-01 18:14:00,18,Yogurt,3,455.5,Dairy & Eggs,384,10,18,28
2069,56,2024-10-28,1900-01-01 18:14:00,18,Earphones,3,412.08,Electronics,161,10,18,28
2070,41,2024-09-26,1900-01-01 19:36:00,19,Tomato,3,445.18,Fruits & Vegetables,293,9,19,26
2070,41,2024-09-26,1900-01-01 19:36:00,19,Beef,1,157.26,Meat & Seafood,877,9,19,26
2070,41,2024-09-26,1900-01-01 19:36:00,19,Soda,3,131.5,Beverages,575,9,19,26
2070,41,2024-09-26,1900-01-01 19:36:00,19,Diapers,3,230.03,Baby Care,682,9,19,26
2071,282,2024-02-23,1900-01-01 19:31:00,19,Detergent,3,290.36,Household,780,2,19,23
2071,282,2024-02-23,1900-01-01 19:31:00,19,Juice,1,228.7,Beverages,150,2,19,23
2071,282,2024-02-23,1900-01-01 19:31:00,19,Lentils,1,474.58,Grains & Staples,664,2,19,23
2071,282,2024-02-23,1900-01-01 19:31:00,19,Fish,1,295.46,Meat & Seafood,106,2,19,23
2071,282,2024-02-23,1900-01-01 19:31:00,19,Yogurt,3,468.74,Dairy & Eggs,423,2,19,23
2072,43,2024-08-11,1900-01-01 16:52:00,16,Toothpaste,2,17.73,Personal Care,419,8,16,11
2072,43,2024-08-11,1900-01-01 16:52:00,16,Pen,3,189.63,Stationery,221,8,16,11
2072,43,2024-08-11,1900-01-01 16:52:00,16,Notebook,1,336.31,Stationery,283,8,16,11
2072,43,2024-08-11,1900-01-01 16:52:00,16,Fiction Book,1,276.43,Books,292,8,16,11
2072,43,2024-08-11,1900-01-01 16:52:00,16,Phone Cover,2,223.04,Electronics,228,8,16,11
2072,43,2024-08-11,1900-01-01 16:52:00,16,Shoes,1,130.26,Footwear,739,8,16,11
2073,342,2024-12-17,1900-01-01 22:28:00,22,Banana,2,122.28,Fruits & Vegetables,952,12,22,17
2073,342,2024-12-17,1900-01-01 22:28:00,22,Wheat Flour,3,381.33,Grains & Staples,264,12,22,17
2073,342,2024-12-17,1900-01-01 22:28:00,22,Shampoo,1,331.05,Personal Care,422,12,22,17
2073,342,2024-12-17,1900-01-01 22:28:00,22,Floor Cleaner,1,124.72,Household,858,12,22,17
2074,280,2024-12-14,1900-01-01 22:50:00,22,Mixer Grinder,1,137.15,Electronics,639,12,22,14
2074,280,2024-12-14,1900-01-01 22:50:00,22,Banana,3,396.31,Fruits & Vegetables,930,12,22,14
2074,280,2024-12-14,1900-01-01 22:50:00,22,Tea,3,334.42,Beverages,445,12,22,14
2075,495,2024-01-15,1900-01-01 08:54:00,8,Chicken Breast,1,236.83,Meat & Seafood,527,1,8,15
2075,495,2024-01-15,1900-01-01 08:54:00,8,Beef,1,323.42,Meat & Seafood,213,1,8,15
2075,495,2024-01-15,1900-01-01 08:54:00,8,Onion,1,84.39,Fruits & Vegetables,557,1,8,15
2075,495,2024-01-15,1900-01-01 08:54:00,8,Rice,1,414.25,Grains & Staples,692,1,8,15
2076,162,2024-03-21,1900-01-01 21:17:00,21,Saree,3,135.19,Clothing,538,3,21,21
2076,162,2024-03-21,1900-01-01 21:17:00,21,Beef,2,61.87,Meat & Seafood,821,3,21,21
2076,162,2024-03-21,1900-01-01 21:17:00,21,Charger,3,52.58,Electronics,600,3,21,21
2076,162,2024-03-21,1900-01-01 21:17:00,21,Potato,3,21.33,Fruits & Vegetables,437,3,21,21
2076,162,2024-03-21,1900-01-01 21:17:00,21,Rice,3,396.48,Grains & Staples,494,3,21,21
2077,5,2024-03-27,1900-01-01 21:59:00,21,Croissant,3,465.69,Bakery,451,3,21,27
2077,5,2024-03-27,1900-01-01 21:59:00,21,Pasta,2,32.98,Grains & Staples,967,3,21,27
2077,5,2024-03-27,1900-01-01 21:59:00,21,Mixer Grinder,2,230.81,Electronics,723,3,21,27
2078,421,2024-10-11,1900-01-01 10:10:00,10,Carrot,1,313.62,Fruits & Vegetables,931,10,10,11
2078,421,2024-10-11,1900-01-01 10:10:00,10,Baby Food,2,340.74,Baby Care,374,10,10,11
2078,421,2024-10-11,1900-01-01 10:10:00,10,Pasta,3,346.12,Grains & Staples,362,10,10,11
2078,421,2024-10-11,1900-01-01 10:10:00,10,Coffee,3,10.22,Beverages,101,10,10,11
2079,420,2024-04-28,1900-01-01 10:30:00,10,Coffee,2,380.6,Beverages,690,4,10,28
2079,420,2024-04-28,1900-01-01 10:30:00,10,Educational Book,1,63.68,Books,610,4,10,28
2079,420,2024-04-28,1900-01-01 10:30:00,10,Fiction Book,1,434.18,Books,333,4,10,28
2079,420,2024-04-28,1900-01-01 10:30:00,10,Chips,3,340.76,Snacks,561,4,10,28
2079,420,2024-04-28,1900-01-01 10:30:00,10,Toilet Paper,1,159.75,Household,184,4,10,28
2079,420,2024-04-28,1900-01-01 10:30:00,10,Chips,3,189.74,Snacks,932,4,10,28
2080,257,2024-03-27,1900-01-01 13:49:00,13,Earphones,1,153.09,Electronics,377,3,13,27
2080,257,2024-03-27,1900-01-01 13:49:00,13,Shoes,1,55.36,Footwear,626,3,13,27
2080,257,2024-03-27,1900-01-01 13:49:00,13,Charger,3,413.99,Electronics,375,3,13,27
2080,257,2024-03-27,1900-01-01 13:49:00,13,Coffee,3,350.39,Beverages,852,3,13,27
2080,257,2024-03-27,1900-01-01 13:49:00,13,Tea,3,331.01,Beverages,997,3,13,27
2081,257,2024-06-08,1900-01-01 20:06:00,20,Cake,3,104.59,Bakery,669,6,20,8
2081,257,2024-06-08,1900-01-01 20:06:00,20,Saree,3,33.71,Clothing,436,6,20,8
2081,257,2024-06-08,1900-01-01 20:06:00,20,Pen,3,409.63,Stationery,498,6,20,8
2081,257,2024-06-08,1900-01-01 20:06:00,20,Soda,1,414.16,Beverages,998,6,20,8
2081,257,2024-06-08,1900-01-01 20:06:00,20,Diapers,3,349.5,Baby Care,305,6,20,8
2082,409,2024-01-15,1900-01-01 22:43:00,22,Cake,1,489.54,Bakery,411,1,22,15
2082,409,2024-01-15,1900-01-01 22:43:00,22,Apple,2,297.74,Fruits & Vegetables,919,1,22,15
2082,409,2024-01-15,1900-01-01 22:43:00,22,Banana,3,332.75,Fruits & Vegetables,850,1,22,15
2082,409,2024-01-15,1900-01-01 22:43:00,22,Popcorn,1,244.77,Snacks,671,1,22,15
2082,409,2024-01-15,1900-01-01 22:43:00,22,Diapers,1,299.04,Baby Care,946,1,22,15
2083,338,2024-04-29,1900-01-01 15:27:00,15,Baby Food,2,40.45,Baby Care,535,4,15,29
2083,338,2024-04-29,1900-01-01 15:27:00,15,Energy Drink,1,196.92,Beverages,463,4,15,29
2083,338,2024-04-29,1900-01-01 15:27:00,15,Face Wash,1,146.25,Personal Care,343,4,15,29
2084,397,2024-12-24,1900-01-01 09:51:00,9,Tissue,2,425.39,Household,420,12,9,24
2084,397,2024-12-24,1900-01-01 09:51:00,9,Jeans,2,435.68,Clothing,873,12,9,24
2084,397,2024-12-24,1900-01-01 09:51:00,9,Educational Book,3,403.31,Books,900,12,9,24
2084,397,2024-12-24,1900-01-01 09:51:00,9,Shoes,3,110.98,Footwear,790,12,9,24
2084,397,2024-12-24,1900-01-01 09:51:00,9,Orange,1,419.47,Fruits & Vegetables,607,12,9,24
2084,397,2024-12-24,1900-01-01 09:51:00,9,Earphones,3,11.15,Electronics,821,12,9,24
2084,397,2024-12-24,1900-01-01 09:51:00,9,Floor Cleaner,1,418.75,Household,579,12,9,24
2085,190,2024-12-19,1900-01-01 19:08:00,19,Phone Cover,1,221.59,Electronics,800,12,19,19
2085,190,2024-12-19,1900-01-01 19:08:00,19,Onion,2,74.13,Fruits & Vegetables,709,12,19,19
2085,190,2024-12-19,1900-01-01 19:08:00,19,Cheese,3,475.97,Dairy & Eggs,133,12,19,19
2085,190,2024-12-19,1900-01-01 19:08:00,19,Salt,1,471.51,Grains & Staples,144,12,19,19
2085,190,2024-12-19,1900-01-01 19:08:00,19,Fiction Book,2,164.99,Books,213,12,19,19
2085,190,2024-12-19,1900-01-01 19:08:00,19,Apple,1,127.52,Fruits & Vegetables,867,12,19,19
2086,394,2024-09-23,1900-01-01 16:07:00,16,Chicken Breast,2,198.71,Meat & Seafood,913,9,16,23
2086,394,2024-09-23,1900-01-01 16:07:00,16,Fiction Book,3,322.66,Books,361,9,16,23
2086,394,2024-09-23,1900-01-01 16:07:00,16,Wheat Flour,1,218.85,Grains & Staples,110,9,16,23
2086,394,2024-09-23,1900-01-01 16:07:00,16,Rice,3,464.21,Grains & Staples,438,9,16,23
2086,394,2024-09-23,1900-01-01 16:07:00,16,Shampoo,1,424.75,Personal Care,112,9,16,23
2087,190,2024-06-28,1900-01-01 16:32:00,16,Coffee,1,93.65,Beverages,669,6,16,28
2087,190,2024-06-28,1900-01-01 16:32:00,16,Rice,2,240.8,Grains & Staples,276,6,16,28
2087,190,2024-06-28,1900-01-01 16:32:00,16,Detergent,1,256.26,Household,673,6,16,28
2087,190,2024-06-28,1900-01-01 16:32:00,16,Baby Food,1,223.49,Baby Care,691,6,16,28
2088,473,2024-09-25,1900-01-01 17:31:00,17,Fish,1,89.94,Meat & Seafood,863,9,17,25
2088,473,2024-09-25,1900-01-01 17:31:00,17,Vitamins,2,119.16,Health & Wellness,947,9,17,25
2088,473,2024-09-25,1900-01-01 17:31:00,17,Fiction Book,1,322.9,Books,106,9,17,25
2088,473,2024-09-25,1900-01-01 17:31:00,17,Juice,2,147.24,Beverages,116,9,17,25
2088,473,2024-09-25,1900-01-01 17:31:00,17,Baby Food,2,335.58,Baby Care,720,9,17,25
2089,244,2024-11-07,1900-01-01 18:38:00,18,Toothpaste,2,242.34,Personal Care,605,11,18,7
2089,244,2024-11-07,1900-01-01 18:38:00,18,Tea,3,44.46,Beverages,767,11,18,7
2089,244,2024-11-07,1900-01-01 18:38:00,18,Vitamins,3,324.92,Health & Wellness,523,11,18,7
2089,244,2024-11-07,1900-01-01 18:38:00,18,Educational Book,1,94.23,Books,130,11,18,7
2089,244,2024-11-07,1900-01-01 18:38:00,18,Mixer Grinder,1,40.95,Electronics,199,11,18,7
2090,123,2024-04-10,1900-01-01 22:16:00,22,Phone Cover,1,280.55,Electronics,543,4,22,10
2090,123,2024-04-10,1900-01-01 22:16:00,22,Soda,1,475.23,Beverages,763,4,22,10
2090,123,2024-04-10,1900-01-01 22:16:00,22,Biscuits,1,410.07,Snacks,786,4,22,10
2091,166,2024-10-19,1900-01-01 07:49:00,7,Onion,3,75.35,Fruits & Vegetables,127,10,7,19
2091,166,2024-10-19,1900-01-01 07:49:00,7,Spices,2,146.82,Grains & Staples,484,10,7,19
2091,166,2024-10-19,1900-01-01 07:49:00,7,Face Wash,1,22.16,Personal Care,298,10,7,19
2091,166,2024-10-19,1900-01-01 07:49:00,7,Shampoo,3,275.21,Personal Care,537,10,7,19
2091,166,2024-10-19,1900-01-01 07:49:00,7,Onion,2,152.59,Fruits & Vegetables,173,10,7,19
2092,195,2024-09-25,1900-01-01 16:05:00,16,Coffee,1,495.78,Beverages,613,9,16,25
2092,195,2024-09-25,1900-01-01 16:05:00,16,Floor Cleaner,3,392.27,Household,613,9,16,25
2092,195,2024-09-25,1900-01-01 16:05:00,16,Tomato,1,54.32,Fruits & Vegetables,689,9,16,25
2092,195,2024-09-25,1900-01-01 16:05:00,16,Cheese,3,163.47,Dairy & Eggs,823,9,16,25
2093,441,2024-05-14,1900-01-01 07:24:00,7,Soda,2,255.84,Beverages,201,5,7,14
2093,441,2024-05-14,1900-01-01 07:24:00,7,Floor Cleaner,1,62.5,Household,272,5,7,14
2093,441,2024-05-14,1900-01-01 07:24:00,7,Shampoo,1,391.7,Personal Care,226,5,7,14
2093,441,2024-05-14,1900-01-01 07:24:00,7,Rice,3,342.05,Grains & Staples,965,5,7,14
2093,441,2024-05-14,1900-01-01 07:24:00,7,Charger,1,303.74,Electronics,764,5,7,14
2093,441,2024-05-14,1900-01-01 07:24:00,7,Saree,1,219.26,Clothing,962,5,7,14
2094,440,2024-07-16,1900-01-01 07:01:00,7,Shoes,2,326.96,Footwear,298,7,7,16
2094,440,2024-07-16,1900-01-01 07:01:00,7,Phone Cover,3,286.95,Electronics,169,7,7,16
2094,440,2024-07-16,1900-01-01 07:01:00,7,Shoes,3,472.61,Footwear,224,7,7,16
2094,440,2024-07-16,1900-01-01 07:01:00,7,Potato,2,183.19,Fruits & Vegetables,857,7,7,16
2094,440,2024-07-16,1900-01-01 07:01:00,7,Detergent,2,468.22,Household,525,7,7,16
2094,440,2024-07-16,1900-01-01 07:01:00,7,Pain Reliever,2,108.66,Health & Wellness,230,7,7,16
2094,440,2024-07-16,1900-01-01 07:01:00,7,Energy Drink,2,484.29,Beverages,702,7,7,16
2095,413,2024-07-12,1900-01-01 06:45:00,6,Chicken Breast,1,370.36,Meat & Seafood,794,7,6,12
2095,413,2024-07-12,1900-01-01 06:45:00,6,Dishwashing Liquid,3,396.55,Household,972,7,6,12
2095,413,2024-07-12,1900-01-01 06:45:00,6,Potato,3,247.15,Fruits & Vegetables,799,7,6,12
2095,413,2024-07-12,1900-01-01 06:45:00,6,Pen,3,234.35,Stationery,629,7,6,12
2095,413,2024-07-12,1900-01-01 06:45:00,6,Chocolate,2,185.01,Snacks,513,7,6,12
2096,474,2024-12-01,1900-01-01 13:17:00,13,Toilet Paper,1,267.73,Household,319,12,13,1
2096,474,2024-12-01,1900-01-01 13:17:00,13,Notebook,3,108.91,Stationery,777,12,13,1
2096,474,2024-12-01,1900-01-01 13:17:00,13,Chips,3,338.37,Snacks,427,12,13,1
2096,474,2024-12-01,1900-01-01 13:17:00,13,Earphones,2,226.42,Electronics,626,12,13,1
2096,474,2024-12-01,1900-01-01 13:17:00,13,Orange,2,243.48,Fruits & Vegetables,968,12,13,1
2096,474,2024-12-01,1900-01-01 13:17:00,13,Vitamins,1,405.03,Health & Wellness,748,12,13,1
2097,244,2024-07-30,1900-01-01 07:47:00,7,Carrot,1,393.87,Fruits & Vegetables,907,7,7,30
2097,244,2024-07-30,1900-01-01 07:47:00,7,Juice,3,223.63,Beverages,648,7,7,30
2097,244,2024-07-30,1900-01-01 07:47:00,7,Fish,1,147.91,Meat & Seafood,134,7,7,30
2097,244,2024-07-30,1900-01-01 07:47:00,7,Fiction Book,3,480.16,Books,215,7,7,30
2097,244,2024-07-30,1900-01-01 07:47:00,7,Potato,2,438.28,Fruits & Vegetables,294,7,7,30
2097,244,2024-07-30,1900-01-01 07:47:00,7,Shoes,3,175.82,Footwear,334,7,7,30
2097,244,2024-07-30,1900-01-01 07:47:00,7,Spices,3,433.01,Grains & Staples,871,7,7,30
2098,423,2024-07-16,1900-01-01 08:04:00,8,Belt,1,284.51,Clothing Accessories,921,7,8,16
2098,423,2024-07-16,1900-01-01 08:04:00,8,Soda,2,94.99,Beverages,131,7,8,16
2098,423,2024-07-16,1900-01-01 08:04:00,8,Spices,3,130.37,Grains & Staples,540,7,8,16
2099,274,2024-09-25,1900-01-01 10:55:00,10,Yogurt,3,353.31,Dairy & Eggs,904,9,10,25
2099,274,2024-09-25,1900-01-01 10:55:00,10,Toothpaste,2,71.14,Personal Care,554,9,10,25
2099,274,2024-09-25,1900-01-01 10:55:00,10,Vitamins,2,56.05,Health & Wellness,766,9,10,25
2099,274,2024-09-25,1900-01-01 10:55:00,10,Soda,2,273.37,Beverages,737,9,10,25
2099,274,2024-09-25,1900-01-01 10:55:00,10,Milk,1,150.27,Dairy & Eggs,549,9,10,25
2099,274,2024-09-25,1900-01-01 10:55:00,10,Soda,2,326.39,Beverages,497,9,10,25
2100,490,2024-06-29,1900-01-01 09:42:00,9,Saree,2,40.18,Clothing,201,6,9,29
2100,490,2024-06-29,1900-01-01 09:42:00,9,Lentils,3,221.82,Grains & Staples,787,6,9,29
2100,490,2024-06-29,1900-01-01 09:42:00,9,Sugar,1,226.56,Grains & Staples,507,6,9,29
2100,490,2024-06-29,1900-01-01 09:42:00,9,Pen,2,367.21,Stationery,643,6,9,29
2100,490,2024-06-29,1900-01-01 09:42:00,9,Cookies,1,298.09,Bakery,361,6,9,29
2100,490,2024-06-29,1900-01-01 09:42:00,9,Tea,1,437.31,Beverages,244,6,9,29
2100,490,2024-06-29,1900-01-01 09:42:00,9,Soda,1,114.35,Beverages,447,6,9,29
2101,246,2024-01-01,1900-01-01 06:23:00,6,Notebook,1,437.44,Stationery,117,1,6,1
2101,246,2024-01-01,1900-01-01 06:23:00,6,Notebook,1,15.08,Stationery,194,1,6,1
2101,246,2024-01-01,1900-01-01 06:23:00,6,Pasta,1,349.22,Grains & Staples,833,1,6,1
2101,246,2024-01-01,1900-01-01 06:23:00,6,Spinach,2,467.02,Fruits & Vegetables,264,1,6,1
2102,137,2024-10-03,1900-01-01 07:29:00,7,Shirt,3,80.72,Clothing,453,10,7,3
2102,137,2024-10-03,1900-01-01 07:29:00,7,Croissant,1,240.66,Bakery,105,10,7,3
2102,137,2024-10-03,1900-01-01 07:29:00,7,Popcorn,2,319.61,Snacks,644,10,7,3
2103,479,2024-12-01,1900-01-01 17:31:00,17,Cake,3,64.16,Bakery,917,12,17,1
2103,479,2024-12-01,1900-01-01 17:31:00,17,Cooking Oil,1,98.95,Grains & Staples,488,12,17,1
2103,479,2024-12-01,1900-01-01 17:31:00,17,Tissue,2,450.33,Household,628,12,17,1
2103,479,2024-12-01,1900-01-01 17:31:00,17,Tea,3,369.36,Beverages,571,12,17,1
2103,479,2024-12-01,1900-01-01 17:31:00,17,Saree,2,320.06,Clothing,129,12,17,1
2104,232,2024-10-05,1900-01-01 08:04:00,8,Banana,2,205.88,Fruits & Vegetables,881,10,8,5
2104,232,2024-10-05,1900-01-01 08:04:00,8,Shoes,3,67.48,Footwear,546,10,8,5
2104,232,2024-10-05,1900-01-01 08:04:00,8,Chocolate,2,399.06,Snacks,448,10,8,5
2105,388,2024-03-25,1900-01-01 19:47:00,19,Pasta,2,382.38,Grains & Staples,921,3,19,25
2105,388,2024-03-25,1900-01-01 19:47:00,19,Saree,2,126.84,Clothing,186,3,19,25
2105,388,2024-03-25,1900-01-01 19:47:00,19,Toothpaste,2,149.83,Personal Care,912,3,19,25
2105,388,2024-03-25,1900-01-01 19:47:00,19,Shoes,1,325.93,Footwear,799,3,19,25
2105,388,2024-03-25,1900-01-01 19:47:00,19,Sugar,2,420.11,Grains & Staples,172,3,19,25
2105,388,2024-03-25,1900-01-01 19:47:00,19,Chicken Breast,3,297.24,Meat & Seafood,427,3,19,25
2105,388,2024-03-25,1900-01-01 19:47:00,19,Onion,3,19.32,Fruits & Vegetables,276,3,19,25
2106,120,2024-06-04,1900-01-01 14:39:00,14,Spinach,1,17.41,Fruits & Vegetables,541,6,14,4
2106,120,2024-06-04,1900-01-01 14:39:00,14,Spinach,3,26.72,Fruits & Vegetables,948,6,14,4
2106,120,2024-06-04,1900-01-01 14:39:00,14,Potato,3,317.21,Fruits & Vegetables,731,6,14,4
2106,120,2024-06-04,1900-01-01 14:39:00,14,Vitamins,1,156.34,Health & Wellness,543,6,14,4
2106,120,2024-06-04,1900-01-01 14:39:00,14,Belt,2,96.13,Clothing Accessories,847,6,14,4
2106,120,2024-06-04,1900-01-01 14:39:00,14,Chips,1,357.28,Snacks,677,6,14,4
2107,392,2024-05-15,1900-01-01 07:01:00,7,Apple,2,98.88,Fruits & Vegetables,295,5,7,15
2107,392,2024-05-15,1900-01-01 07:01:00,7,Energy Drink,3,185.16,Beverages,948,5,7,15
2107,392,2024-05-15,1900-01-01 07:01:00,7,Spinach,3,349.98,Fruits & Vegetables,368,5,7,15
2107,392,2024-05-15,1900-01-01 07:01:00,7,Notebook,3,201.65,Stationery,565,5,7,15
2107,392,2024-05-15,1900-01-01 07:01:00,7,Phone Cover,3,174.8,Electronics,531,5,7,15
2107,392,2024-05-15,1900-01-01 07:01:00,7,Belt,2,306.38,Clothing Accessories,233,5,7,15
2108,363,2024-11-12,1900-01-01 07:18:00,7,Toothpaste,2,482.98,Personal Care,567,11,7,12
2108,363,2024-11-12,1900-01-01 07:18:00,7,Saree,1,278.29,Clothing,208,11,7,12
2108,363,2024-11-12,1900-01-01 07:18:00,7,Earphones,3,301.39,Electronics,181,11,7,12
2109,338,2024-03-26,1900-01-01 19:36:00,19,Saree,3,499.23,Clothing,799,3,19,26
2109,338,2024-03-26,1900-01-01 19:36:00,19,Electric Kettle,3,193.92,Electronics,582,3,19,26
2109,338,2024-03-26,1900-01-01 19:36:00,19,Marker,2,407.89,Stationery,396,3,19,26
2110,301,2024-09-15,1900-01-01 12:38:00,12,Carrot,1,224.55,Fruits & Vegetables,656,9,12,15
2110,301,2024-09-15,1900-01-01 12:38:00,12,Yogurt,3,353.56,Dairy & Eggs,696,9,12,15
2110,301,2024-09-15,1900-01-01 12:38:00,12,Spinach,3,159.9,Fruits & Vegetables,668,9,12,15
2110,301,2024-09-15,1900-01-01 12:38:00,12,Shampoo,1,391.34,Personal Care,236,9,12,15
2110,301,2024-09-15,1900-01-01 12:38:00,12,Baby Food,2,320.78,Baby Care,625,9,12,15
2110,301,2024-09-15,1900-01-01 12:38:00,12,Soap,2,433.78,Personal Care,125,9,12,15
2110,301,2024-09-15,1900-01-01 12:38:00,12,Dishwashing Liquid,1,133.33,Household,726,9,12,15
2111,388,2024-12-30,1900-01-01 22:48:00,22,Shirt,3,359.77,Clothing,609,12,22,30
2111,388,2024-12-30,1900-01-01 22:48:00,22,Jeans,1,369.74,Clothing,594,12,22,30
2111,388,2024-12-30,1900-01-01 22:48:00,22,Chips,1,278.53,Snacks,864,12,22,30
2111,388,2024-12-30,1900-01-01 22:48:00,22,Chocolate,2,107.38,Snacks,433,12,22,30
2111,388,2024-12-30,1900-01-01 22:48:00,22,Fiction Book,1,449.26,Books,663,12,22,30
2111,388,2024-12-30,1900-01-01 22:48:00,22,Chips,1,297.07,Snacks,800,12,22,30
2111,388,2024-12-30,1900-01-01 22:48:00,22,Eggs,1,49.38,Dairy & Eggs,245,12,22,30
2112,90,2024-11-13,1900-01-01 22:05:00,22,Apple,3,459.08,Fruits & Vegetables,504,11,22,13
2112,90,2024-11-13,1900-01-01 22:05:00,22,Toothpaste,1,323.41,Personal Care,659,11,22,13
2112,90,2024-11-13,1900-01-01 22:05:00,22,Salt,3,96.16,Grains & Staples,681,11,22,13
2112,90,2024-11-13,1900-01-01 22:05:00,22,Juice,3,326.77,Beverages,749,11,22,13
2112,90,2024-11-13,1900-01-01 22:05:00,22,Diapers,1,455.26,Baby Care,338,11,22,13
2112,90,2024-11-13,1900-01-01 22:05:00,22,Cake,2,39.12,Bakery,249,11,22,13
2113,234,2024-01-31,1900-01-01 08:02:00,8,Pen,1,229.59,Stationery,917,1,8,31
2113,234,2024-01-31,1900-01-01 08:02:00,8,Biscuits,2,195.23,Snacks,206,1,8,31
2113,234,2024-01-31,1900-01-01 08:02:00,8,Cookies,3,375.47,Bakery,816,1,8,31
2113,234,2024-01-31,1900-01-01 08:02:00,8,Croissant,3,235.93,Bakery,867,1,8,31
2113,234,2024-01-31,1900-01-01 08:02:00,8,Diapers,3,35.52,Baby Care,437,1,8,31
2113,234,2024-01-31,1900-01-01 08:02:00,8,Lentils,3,213.52,Grains & Staples,157,1,8,31
2114,103,2024-03-01,1900-01-01 19:14:00,19,Banana,3,163.8,Fruits & Vegetables,516,3,19,1
2114,103,2024-03-01,1900-01-01 19:14:00,19,Lentils,2,68.65,Grains & Staples,646,3,19,1
2114,103,2024-03-01,1900-01-01 19:14:00,19,Vitamins,1,107.54,Health & Wellness,896,3,19,1
2114,103,2024-03-01,1900-01-01 19:14:00,19,Prawns,3,428.06,Meat & Seafood,517,3,19,1
2114,103,2024-03-01,1900-01-01 19:14:00,19,Pain Reliever,2,269.21,Health & Wellness,578,3,19,1
2114,103,2024-03-01,1900-01-01 19:14:00,19,Pain Reliever,1,185.9,Health & Wellness,548,3,19,1
2115,302,2024-10-22,1900-01-01 20:31:00,20,Phone Cover,1,166.2,Electronics,567,10,20,22
2115,302,2024-10-22,1900-01-01 20:31:00,20,Toilet Paper,2,420.63,Household,352,10,20,22
2115,302,2024-10-22,1900-01-01 20:31:00,20,Tomato,2,128.67,Fruits & Vegetables,897,10,20,22
2115,302,2024-10-22,1900-01-01 20:31:00,20,Phone Cover,3,152.82,Electronics,641,10,20,22
2115,302,2024-10-22,1900-01-01 20:31:00,20,Tea,2,245.86,Beverages,167,10,20,22
2115,302,2024-10-22,1900-01-01 20:31:00,20,Prawns,2,387.0,Meat & Seafood,545,10,20,22
2115,302,2024-10-22,1900-01-01 20:31:00,20,Jeans,1,13.3,Clothing,644,10,20,22
2116,355,2024-09-29,1900-01-01 08:06:00,8,Fish,3,106.12,Meat & Seafood,963,9,8,29
2116,355,2024-09-29,1900-01-01 08:06:00,8,Juice,1,185.71,Beverages,640,9,8,29
2116,355,2024-09-29,1900-01-01 08:06:00,8,Pain Reliever,1,421.17,Health & Wellness,886,9,8,29
2116,355,2024-09-29,1900-01-01 08:06:00,8,Spinach,2,231.8,Fruits & Vegetables,958,9,8,29
2116,355,2024-09-29,1900-01-01 08:06:00,8,Sugar,3,295.85,Grains & Staples,345,9,8,29
2116,355,2024-09-29,1900-01-01 08:06:00,8,Diapers,3,171.32,Baby Care,849,9,8,29
2116,355,2024-09-29,1900-01-01 08:06:00,8,Milk,1,448.95,Dairy & Eggs,603,9,8,29
2117,230,2024-06-19,1900-01-01 15:17:00,15,Onion,3,440.13,Fruits & Vegetables,826,6,15,19
2117,230,2024-06-19,1900-01-01 15:17:00,15,Shampoo,3,364.87,Personal Care,483,6,15,19
2117,230,2024-06-19,1900-01-01 15:17:00,15,Toothpaste,2,172.19,Personal Care,709,6,15,19
2118,183,2024-08-31,1900-01-01 13:00:00,13,Yogurt,3,325.87,Dairy & Eggs,406,8,13,31
2118,183,2024-08-31,1900-01-01 13:00:00,13,Cheese,1,235.19,Dairy & Eggs,899,8,13,31
2118,183,2024-08-31,1900-01-01 13:00:00,13,Floor Cleaner,1,356.27,Household,108,8,13,31
2118,183,2024-08-31,1900-01-01 13:00:00,13,Salt,2,101.91,Grains & Staples,124,8,13,31
2118,183,2024-08-31,1900-01-01 13:00:00,13,Belt,3,381.59,Clothing Accessories,686,8,13,31
2119,47,2024-05-27,1900-01-01 10:12:00,10,Detergent,1,285.89,Household,228,5,10,27
2119,47,2024-05-27,1900-01-01 10:12:00,10,Dishwashing Liquid,2,11.51,Household,624,5,10,27
2119,47,2024-05-27,1900-01-01 10:12:00,10,Milk,3,51.88,Dairy & Eggs,134,5,10,27
2119,47,2024-05-27,1900-01-01 10:12:00,10,Saree,1,315.14,Clothing,999,5,10,27
2119,47,2024-05-27,1900-01-01 10:12:00,10,Chocolate,3,98.88,Snacks,462,5,10,27
2119,47,2024-05-27,1900-01-01 10:12:00,10,Cookies,2,272.93,Bakery,495,5,10,27
2119,47,2024-05-27,1900-01-01 10:12:00,10,Salt,1,70.34,Grains & Staples,358,5,10,27
2120,194,2024-10-23,1900-01-01 22:28:00,22,Toothpaste,3,79.62,Personal Care,110,10,22,23
2120,194,2024-10-23,1900-01-01 22:28:00,22,Milk,1,302.19,Dairy & Eggs,328,10,22,23
2120,194,2024-10-23,1900-01-01 22:28:00,22,Orange,2,406.96,Fruits & Vegetables,671,10,22,23
2121,257,2024-05-18,1900-01-01 14:06:00,14,Earphones,2,260.26,Electronics,790,5,14,18
2121,257,2024-05-18,1900-01-01 14:06:00,14,Onion,1,381.67,Fruits & Vegetables,380,5,14,18
2121,257,2024-05-18,1900-01-01 14:06:00,14,Sugar,2,190.08,Grains & Staples,632,5,14,18
2121,257,2024-05-18,1900-01-01 14:06:00,14,Dress,2,325.53,Clothing,892,5,14,18
2121,257,2024-05-18,1900-01-01 14:06:00,14,Toilet Paper,3,207.43,Household,958,5,14,18
2122,243,2024-04-11,1900-01-01 18:10:00,18,Chicken Breast,2,227.76,Meat & Seafood,930,4,18,11
2122,243,2024-04-11,1900-01-01 18:10:00,18,Baby Food,1,38.13,Baby Care,596,4,18,11
2122,243,2024-04-11,1900-01-01 18:10:00,18,Biscuits,1,74.87,Snacks,468,4,18,11
2123,246,2024-01-27,1900-01-01 22:25:00,22,Banana,1,22.47,Fruits & Vegetables,684,1,22,27
2123,246,2024-01-27,1900-01-01 22:25:00,22,Cookies,2,35.88,Bakery,331,1,22,27
2123,246,2024-01-27,1900-01-01 22:25:00,22,Juice,3,104.18,Beverages,744,1,22,27
2123,246,2024-01-27,1900-01-01 22:25:00,22,Saree,1,20.54,Clothing,778,1,22,27
2124,293,2024-03-11,1900-01-01 06:59:00,6,Milk,3,378.36,Dairy & Eggs,455,3,6,11
2124,293,2024-03-11,1900-01-01 06:59:00,6,Yogurt,3,148.47,Dairy & Eggs,233,3,6,11
2124,293,2024-03-11,1900-01-01 06:59:00,6,Fiction Book,3,480.06,Books,505,3,6,11
2124,293,2024-03-11,1900-01-01 06:59:00,6,Toilet Paper,1,489.48,Household,597,3,6,11
2124,293,2024-03-11,1900-01-01 06:59:00,6,Belt,2,464.01,Clothing Accessories,433,3,6,11
2125,195,2024-10-23,1900-01-01 07:32:00,7,Popcorn,3,182.17,Snacks,263,10,7,23
2125,195,2024-10-23,1900-01-01 07:32:00,7,Fiction Book,3,493.1,Books,511,10,7,23
2125,195,2024-10-23,1900-01-01 07:32:00,7,Notebook,2,469.09,Stationery,576,10,7,23
2125,195,2024-10-23,1900-01-01 07:32:00,7,Croissant,3,270.1,Bakery,427,10,7,23
2125,195,2024-10-23,1900-01-01 07:32:00,7,Salt,1,342.54,Grains & Staples,755,10,7,23
2125,195,2024-10-23,1900-01-01 07:32:00,7,Banana,1,377.15,Fruits & Vegetables,917,10,7,23
2125,195,2024-10-23,1900-01-01 07:32:00,7,Jeans,1,76.1,Clothing,523,10,7,23
2126,498,2024-02-04,1900-01-01 06:43:00,6,Eggs,2,144.89,Dairy & Eggs,744,2,6,4
2126,498,2024-02-04,1900-01-01 06:43:00,6,Shoes,1,414.22,Footwear,570,2,6,4
2126,498,2024-02-04,1900-01-01 06:43:00,6,Marker,2,81.58,Stationery,726,2,6,4
2126,498,2024-02-04,1900-01-01 06:43:00,6,Pen,2,245.94,Stationery,566,2,6,4
2126,498,2024-02-04,1900-01-01 06:43:00,6,Onion,3,430.19,Fruits & Vegetables,799,2,6,4
2127,156,2024-06-27,1900-01-01 13:16:00,13,Croissant,1,66.63,Bakery,588,6,13,27
2127,156,2024-06-27,1900-01-01 13:16:00,13,Chicken Breast,2,175.97,Meat & Seafood,567,6,13,27
2127,156,2024-06-27,1900-01-01 13:16:00,13,Cooking Oil,1,350.42,Grains & Staples,403,6,13,27
2127,156,2024-06-27,1900-01-01 13:16:00,13,Potato,3,392.67,Fruits & Vegetables,924,6,13,27
2127,156,2024-06-27,1900-01-01 13:16:00,13,Dishwashing Liquid,3,210.37,Household,938,6,13,27
2128,86,2024-08-25,1900-01-01 16:10:00,16,Prawns,3,374.62,Meat & Seafood,922,8,16,25
2128,86,2024-08-25,1900-01-01 16:10:00,16,Chips,3,359.84,Snacks,952,8,16,25
2128,86,2024-08-25,1900-01-01 16:10:00,16,Popcorn,1,126.88,Snacks,141,8,16,25
2128,86,2024-08-25,1900-01-01 16:10:00,16,Potato,3,102.92,Fruits & Vegetables,104,8,16,25
2128,86,2024-08-25,1900-01-01 16:10:00,16,Tomato,2,488.14,Fruits & Vegetables,230,8,16,25
2128,86,2024-08-25,1900-01-01 16:10:00,16,Cake,1,291.46,Bakery,667,8,16,25
2129,259,2024-03-26,1900-01-01 07:54:00,7,Coffee,1,225.04,Beverages,736,3,7,26
2129,259,2024-03-26,1900-01-01 07:54:00,7,Pain Reliever,1,420.99,Health & Wellness,629,3,7,26
2129,259,2024-03-26,1900-01-01 07:54:00,7,Lentils,3,322.39,Grains & Staples,766,3,7,26
2129,259,2024-03-26,1900-01-01 07:54:00,7,Spinach,3,199.71,Fruits & Vegetables,674,3,7,26
2129,259,2024-03-26,1900-01-01 07:54:00,7,Eggs,2,188.86,Dairy & Eggs,664,3,7,26
2130,266,2024-04-30,1900-01-01 14:18:00,14,Face Wash,1,21.37,Personal Care,410,4,14,30
2130,266,2024-04-30,1900-01-01 14:18:00,14,Banana,1,434.97,Fruits & Vegetables,340,4,14,30
2130,266,2024-04-30,1900-01-01 14:18:00,14,Beef,1,215.43,Meat & Seafood,260,4,14,30
2130,266,2024-04-30,1900-01-01 14:18:00,14,Spices,2,180.63,Grains & Staples,276,4,14,30
2130,266,2024-04-30,1900-01-01 14:18:00,14,Pastry,1,128.71,Bakery,387,4,14,30
2131,86,2024-01-23,1900-01-01 08:24:00,8,Tea,2,498.88,Beverages,919,1,8,23
2131,86,2024-01-23,1900-01-01 08:24:00,8,Detergent,3,393.31,Household,525,1,8,23
2131,86,2024-01-23,1900-01-01 08:24:00,8,Toilet Paper,2,305.85,Household,444,1,8,23
2131,86,2024-01-23,1900-01-01 08:24:00,8,Marker,2,407.36,Stationery,969,1,8,23
2131,86,2024-01-23,1900-01-01 08:24:00,8,Eggs,1,148.73,Dairy & Eggs,102,1,8,23
2131,86,2024-01-23,1900-01-01 08:24:00,8,Mixer Grinder,3,391.9,Electronics,809,1,8,23
2131,86,2024-01-23,1900-01-01 08:24:00,8,Jeans,2,227.23,Clothing,899,1,8,23
2132,348,2024-01-22,1900-01-01 12:53:00,12,Tissue,2,281.41,Household,392,1,12,22
2132,348,2024-01-22,1900-01-01 12:53:00,12,Onion,3,485.1,Fruits & Vegetables,554,1,12,22
2132,348,2024-01-22,1900-01-01 12:53:00,12,Face Wash,3,100.62,Personal Care,561,1,12,22
2132,348,2024-01-22,1900-01-01 12:53:00,12,Milk,2,255.13,Dairy & Eggs,792,1,12,22
2132,348,2024-01-22,1900-01-01 12:53:00,12,Notebook,3,204.01,Stationery,151,1,12,22
2133,95,2024-11-06,1900-01-01 18:28:00,18,Electric Kettle,1,241.72,Electronics,916,11,18,6
2133,95,2024-11-06,1900-01-01 18:28:00,18,Salt,2,68.37,Grains & Staples,148,11,18,6
2133,95,2024-11-06,1900-01-01 18:28:00,18,Jeans,2,69.63,Clothing,603,11,18,6
2133,95,2024-11-06,1900-01-01 18:28:00,18,Popcorn,1,451.21,Snacks,170,11,18,6
2133,95,2024-11-06,1900-01-01 18:28:00,18,Eggs,1,217.48,Dairy & Eggs,577,11,18,6
2133,95,2024-11-06,1900-01-01 18:28:00,18,Face Wash,2,453.7,Personal Care,420,11,18,6
2133,95,2024-11-06,1900-01-01 18:28:00,18,Tissue,2,148.78,Household,811,11,18,6
2134,315,2024-07-24,1900-01-01 19:40:00,19,Marker,3,68.41,Stationery,308,7,19,24
2134,315,2024-07-24,1900-01-01 19:40:00,19,Face Wash,3,68.75,Personal Care,308,7,19,24
2134,315,2024-07-24,1900-01-01 19:40:00,19,Salt,2,105.95,Grains & Staples,326,7,19,24
2134,315,2024-07-24,1900-01-01 19:40:00,19,Pen,3,296.1,Stationery,327,7,19,24
2134,315,2024-07-24,1900-01-01 19:40:00,19,Fish,1,435.24,Meat & Seafood,498,7,19,24
2134,315,2024-07-24,1900-01-01 19:40:00,19,Cookies,2,158.96,Bakery,815,7,19,24
2135,16,2024-01-16,1900-01-01 12:43:00,12,Chips,2,151.47,Snacks,968,1,12,16
2135,16,2024-01-16,1900-01-01 12:43:00,12,Orange,3,228.43,Fruits & Vegetables,320,1,12,16
2135,16,2024-01-16,1900-01-01 12:43:00,12,Fiction Book,1,496.3,Books,246,1,12,16
2135,16,2024-01-16,1900-01-01 12:43:00,12,Educational Book,3,184.2,Books,831,1,12,16
2136,279,2024-10-27,1900-01-01 09:48:00,9,Electric Kettle,1,446.5,Electronics,401,10,9,27
2136,279,2024-10-27,1900-01-01 09:48:00,9,Spices,3,382.13,Grains & Staples,975,10,9,27
2136,279,2024-10-27,1900-01-01 09:48:00,9,Cake,1,329.32,Bakery,880,10,9,27
2136,279,2024-10-27,1900-01-01 09:48:00,9,Popcorn,3,407.59,Snacks,279,10,9,27
2137,490,2024-02-16,1900-01-01 11:15:00,11,Coffee,2,108.48,Beverages,931,2,11,16
2137,490,2024-02-16,1900-01-01 11:15:00,11,Prawns,2,99.82,Meat & Seafood,769,2,11,16
2137,490,2024-02-16,1900-01-01 11:15:00,11,Electric Kettle,1,208.63,Electronics,750,2,11,16
2137,490,2024-02-16,1900-01-01 11:15:00,11,Floor Cleaner,1,192.69,Household,454,2,11,16
2137,490,2024-02-16,1900-01-01 11:15:00,11,Pen,2,117.44,Stationery,892,2,11,16
2138,347,2024-11-24,1900-01-01 15:57:00,15,Chips,2,474.72,Snacks,716,11,15,24
2138,347,2024-11-24,1900-01-01 15:57:00,15,Tissue,1,187.93,Household,132,11,15,24
2138,347,2024-11-24,1900-01-01 15:57:00,15,Floor Cleaner,2,383.63,Household,855,11,15,24
2138,347,2024-11-24,1900-01-01 15:57:00,15,Face Wash,3,443.8,Personal Care,662,11,15,24
2139,117,2024-10-24,1900-01-01 19:13:00,19,Vitamins,2,462.17,Health & Wellness,896,10,19,24
2139,117,2024-10-24,1900-01-01 19:13:00,19,Floor Cleaner,3,39.1,Household,257,10,19,24
2139,117,2024-10-24,1900-01-01 19:13:00,19,Dishwashing Liquid,1,85.51,Household,725,10,19,24
2139,117,2024-10-24,1900-01-01 19:13:00,19,Pasta,1,137.83,Grains & Staples,756,10,19,24
2139,117,2024-10-24,1900-01-01 19:13:00,19,Cooking Oil,2,222.48,Grains & Staples,174,10,19,24
2139,117,2024-10-24,1900-01-01 19:13:00,19,Chips,3,112.43,Snacks,415,10,19,24
2140,436,2024-06-25,1900-01-01 20:45:00,20,Toothpaste,1,57.48,Personal Care,323,6,20,25
2140,436,2024-06-25,1900-01-01 20:45:00,20,Tissue,1,238.99,Household,921,6,20,25
2140,436,2024-06-25,1900-01-01 20:45:00,20,Sugar,3,408.07,Grains & Staples,771,6,20,25
2140,436,2024-06-25,1900-01-01 20:45:00,20,Spices,3,285.68,Grains & Staples,540,6,20,25
2140,436,2024-06-25,1900-01-01 20:45:00,20,Chicken Breast,3,207.03,Meat & Seafood,877,6,20,25
2141,282,2024-02-23,1900-01-01 12:44:00,12,Shirt,1,122.8,Clothing,108,2,12,23
2141,282,2024-02-23,1900-01-01 12:44:00,12,Jeans,1,392.73,Clothing,363,2,12,23
2141,282,2024-02-23,1900-01-01 12:44:00,12,Shirt,1,443.04,Clothing,370,2,12,23
2141,282,2024-02-23,1900-01-01 12:44:00,12,Cheese,1,250.86,Dairy & Eggs,719,2,12,23
2141,282,2024-02-23,1900-01-01 12:44:00,12,Diapers,2,112.55,Baby Care,857,2,12,23
2141,282,2024-02-23,1900-01-01 12:44:00,12,Pastry,3,424.77,Bakery,535,2,12,23
2141,282,2024-02-23,1900-01-01 12:44:00,12,Notebook,2,212.92,Stationery,682,2,12,23
2142,423,2024-05-14,1900-01-01 09:32:00,9,Charger,1,98.33,Electronics,279,5,9,14
2142,423,2024-05-14,1900-01-01 09:32:00,9,Pasta,3,260.81,Grains & Staples,621,5,9,14
2142,423,2024-05-14,1900-01-01 09:32:00,9,Toothpaste,2,467.46,Personal Care,754,5,9,14
2142,423,2024-05-14,1900-01-01 09:32:00,9,Detergent,3,454.91,Household,927,5,9,14
2142,423,2024-05-14,1900-01-01 09:32:00,9,Baby Food,2,338.24,Baby Care,624,5,9,14
2142,423,2024-05-14,1900-01-01 09:32:00,9,Coffee,1,235.84,Beverages,744,5,9,14
2142,423,2024-05-14,1900-01-01 09:32:00,9,Tomato,3,267.33,Fruits & Vegetables,236,5,9,14
2143,367,2024-02-14,1900-01-01 10:16:00,10,Toilet Paper,3,429.17,Household,736,2,10,14
2143,367,2024-02-14,1900-01-01 10:16:00,10,Prawns,1,482.48,Meat & Seafood,553,2,10,14
2143,367,2024-02-14,1900-01-01 10:16:00,10,Shampoo,3,406.92,Personal Care,953,2,10,14
2143,367,2024-02-14,1900-01-01 10:16:00,10,Prawns,1,267.6,Meat & Seafood,380,2,10,14
2143,367,2024-02-14,1900-01-01 10:16:00,10,Cake,1,248.35,Bakery,960,2,10,14
2144,132,2024-12-13,1900-01-01 06:47:00,6,Pen,1,305.84,Stationery,584,12,6,13
2144,132,2024-12-13,1900-01-01 06:47:00,6,Biscuits,3,440.07,Snacks,332,12,6,13
2144,132,2024-12-13,1900-01-01 06:47:00,6,Toilet Paper,2,485.25,Household,551,12,6,13
2144,132,2024-12-13,1900-01-01 06:47:00,6,Coffee,3,409.0,Beverages,292,12,6,13
2144,132,2024-12-13,1900-01-01 06:47:00,6,Lentils,1,294.96,Grains & Staples,372,12,6,13
2144,132,2024-12-13,1900-01-01 06:47:00,6,Soda,2,270.19,Beverages,539,12,6,13
2144,132,2024-12-13,1900-01-01 06:47:00,6,Dishwashing Liquid,3,327.16,Household,930,12,6,13
2145,445,2024-11-26,1900-01-01 16:23:00,16,Yogurt,3,446.66,Dairy & Eggs,659,11,16,26
2145,445,2024-11-26,1900-01-01 16:23:00,16,Cooking Oil,3,75.03,Grains & Staples,252,11,16,26
2145,445,2024-11-26,1900-01-01 16:23:00,16,Electric Kettle,1,286.2,Electronics,181,11,16,26
2145,445,2024-11-26,1900-01-01 16:23:00,16,Dishwashing Liquid,3,94.27,Household,902,11,16,26
2145,445,2024-11-26,1900-01-01 16:23:00,16,Spinach,2,240.2,Fruits & Vegetables,544,11,16,26
2146,343,2024-06-23,1900-01-01 10:33:00,10,Popcorn,3,424.32,Snacks,177,6,10,23
2146,343,2024-06-23,1900-01-01 10:33:00,10,Fish,3,94.62,Meat & Seafood,552,6,10,23
2146,343,2024-06-23,1900-01-01 10:33:00,10,Eggs,2,42.75,Dairy & Eggs,442,6,10,23
2146,343,2024-06-23,1900-01-01 10:33:00,10,Wheat Flour,1,348.62,Grains & Staples,520,6,10,23
2146,343,2024-06-23,1900-01-01 10:33:00,10,Beef,1,429.73,Meat & Seafood,825,6,10,23
2146,343,2024-06-23,1900-01-01 10:33:00,10,Bread,2,146.12,Bakery,435,6,10,23
2146,343,2024-06-23,1900-01-01 10:33:00,10,Pen,1,491.55,Stationery,549,6,10,23
2147,284,2024-04-06,1900-01-01 16:36:00,16,Pain Reliever,1,249.66,Health & Wellness,822,4,16,6
2147,284,2024-04-06,1900-01-01 16:36:00,16,Lentils,1,42.1,Grains & Staples,984,4,16,6
2147,284,2024-04-06,1900-01-01 16:36:00,16,Baby Food,2,472.66,Baby Care,423,4,16,6
2147,284,2024-04-06,1900-01-01 16:36:00,16,Chicken Breast,3,131.84,Meat & Seafood,377,4,16,6
2147,284,2024-04-06,1900-01-01 16:36:00,16,Shampoo,3,306.84,Personal Care,447,4,16,6
2147,284,2024-04-06,1900-01-01 16:36:00,16,Croissant,1,300.15,Bakery,673,4,16,6
2147,284,2024-04-06,1900-01-01 16:36:00,16,Earphones,1,303.09,Electronics,911,4,16,6
2148,13,2024-06-29,1900-01-01 12:51:00,12,Cookies,2,93.12,Bakery,332,6,12,29
2148,13,2024-06-29,1900-01-01 12:51:00,12,Onion,1,338.61,Fruits & Vegetables,652,6,12,29
2148,13,2024-06-29,1900-01-01 12:51:00,12,Salt,3,203.3,Grains & Staples,325,6,12,29
2148,13,2024-06-29,1900-01-01 12:51:00,12,Onion,1,349.49,Fruits & Vegetables,541,6,12,29
2149,367,2024-08-27,1900-01-01 10:19:00,10,Fiction Book,2,188.15,Books,843,8,10,27
2149,367,2024-08-27,1900-01-01 10:19:00,10,Shampoo,3,270.13,Personal Care,721,8,10,27
2149,367,2024-08-27,1900-01-01 10:19:00,10,Prawns,2,82.33,Meat & Seafood,140,8,10,27
2149,367,2024-08-27,1900-01-01 10:19:00,10,Notebook,2,232.67,Stationery,253,8,10,27
2149,367,2024-08-27,1900-01-01 10:19:00,10,Fish,2,66.95,Meat & Seafood,643,8,10,27
2150,253,2024-01-15,1900-01-01 15:36:00,15,Charger,2,98.62,Electronics,272,1,15,15
2150,253,2024-01-15,1900-01-01 15:36:00,15,Detergent,3,466.29,Household,923,1,15,15
2150,253,2024-01-15,1900-01-01 15:36:00,15,Apple,2,252.12,Fruits & Vegetables,517,1,15,15
2150,253,2024-01-15,1900-01-01 15:36:00,15,Croissant,3,115.24,Bakery,912,1,15,15
2151,33,2024-04-16,1900-01-01 06:44:00,6,Bread,1,138.24,Bakery,118,4,6,16
2151,33,2024-04-16,1900-01-01 06:44:00,6,Pain Reliever,1,284.3,Health & Wellness,720,4,6,16
2151,33,2024-04-16,1900-01-01 06:44:00,6,Spices,1,309.59,Grains & Staples,407,4,6,16
2151,33,2024-04-16,1900-01-01 06:44:00,6,Fiction Book,2,38.41,Books,807,4,6,16
2151,33,2024-04-16,1900-01-01 06:44:00,6,Toothpaste,3,458.82,Personal Care,351,4,6,16
2151,33,2024-04-16,1900-01-01 06:44:00,6,Eggs,2,178.59,Dairy & Eggs,738,4,6,16
2151,33,2024-04-16,1900-01-01 06:44:00,6,Bread,3,127.8,Bakery,357,4,6,16
2152,404,2024-05-11,1900-01-01 09:22:00,9,Shoes,3,292.67,Footwear,729,5,9,11
2152,404,2024-05-11,1900-01-01 09:22:00,9,Shampoo,1,308.91,Personal Care,535,5,9,11
2152,404,2024-05-11,1900-01-01 09:22:00,9,Chicken Breast,1,463.61,Meat & Seafood,581,5,9,11
2152,404,2024-05-11,1900-01-01 09:22:00,9,Cookies,2,339.51,Bakery,129,5,9,11
2152,404,2024-05-11,1900-01-01 09:22:00,9,Wheat Flour,2,391.61,Grains & Staples,170,5,9,11
2153,125,2024-04-21,1900-01-01 21:36:00,21,Chicken Breast,2,324.03,Meat & Seafood,775,4,21,21
2153,125,2024-04-21,1900-01-01 21:36:00,21,Onion,3,229.16,Fruits & Vegetables,814,4,21,21
2153,125,2024-04-21,1900-01-01 21:36:00,21,Marker,3,67.33,Stationery,150,4,21,21
2153,125,2024-04-21,1900-01-01 21:36:00,21,Milk,3,86.91,Dairy & Eggs,664,4,21,21
2153,125,2024-04-21,1900-01-01 21:36:00,21,Juice,2,202.9,Beverages,883,4,21,21
2153,125,2024-04-21,1900-01-01 21:36:00,21,Cookies,3,366.47,Bakery,263,4,21,21
2153,125,2024-04-21,1900-01-01 21:36:00,21,Rice,3,280.62,Grains & Staples,446,4,21,21
2154,344,2024-06-26,1900-01-01 08:27:00,8,Eggs,2,263.64,Dairy & Eggs,204,6,8,26
2154,344,2024-06-26,1900-01-01 08:27:00,8,Pain Reliever,3,299.1,Health & Wellness,860,6,8,26
2154,344,2024-06-26,1900-01-01 08:27:00,8,Chicken Breast,2,357.34,Meat & Seafood,721,6,8,26
2154,344,2024-06-26,1900-01-01 08:27:00,8,Pain Reliever,1,466.85,Health & Wellness,339,6,8,26
2154,344,2024-06-26,1900-01-01 08:27:00,8,Fish,1,320.71,Meat & Seafood,951,6,8,26
2155,1,2024-04-30,1900-01-01 21:27:00,21,Yogurt,2,246.77,Dairy & Eggs,527,4,21,30
2155,1,2024-04-30,1900-01-01 21:27:00,21,Cooking Oil,1,465.36,Grains & Staples,385,4,21,30
2155,1,2024-04-30,1900-01-01 21:27:00,21,Soda,1,73.28,Beverages,913,4,21,30
2156,190,2024-12-07,1900-01-01 14:59:00,14,Floor Cleaner,1,214.98,Household,579,12,14,7
2156,190,2024-12-07,1900-01-01 14:59:00,14,Onion,3,416.81,Fruits & Vegetables,918,12,14,7
2156,190,2024-12-07,1900-01-01 14:59:00,14,Chips,3,369.64,Snacks,559,12,14,7
2156,190,2024-12-07,1900-01-01 14:59:00,14,Orange,2,30.61,Fruits & Vegetables,475,12,14,7
2156,190,2024-12-07,1900-01-01 14:59:00,14,Juice,3,448.11,Beverages,802,12,14,7
2156,190,2024-12-07,1900-01-01 14:59:00,14,Shampoo,3,323.7,Personal Care,116,12,14,7
2156,190,2024-12-07,1900-01-01 14:59:00,14,Tissue,1,476.85,Household,470,12,14,7
2157,465,2024-01-10,1900-01-01 19:39:00,19,Rice,1,64.19,Grains & Staples,226,1,19,10
2157,465,2024-01-10,1900-01-01 19:39:00,19,Soap,1,28.12,Personal Care,329,1,19,10
2157,465,2024-01-10,1900-01-01 19:39:00,19,Orange,2,356.8,Fruits & Vegetables,118,1,19,10
2157,465,2024-01-10,1900-01-01 19:39:00,19,Electric Kettle,1,388.57,Electronics,597,1,19,10
2157,465,2024-01-10,1900-01-01 19:39:00,19,Tissue,2,499.62,Household,412,1,19,10
2158,405,2024-03-07,1900-01-01 11:30:00,11,Phone Cover,1,10.09,Electronics,580,3,11,7
2158,405,2024-03-07,1900-01-01 11:30:00,11,Spices,3,231.36,Grains & Staples,542,3,11,7
2158,405,2024-03-07,1900-01-01 11:30:00,11,Croissant,1,121.4,Bakery,387,3,11,7
2159,339,2024-01-02,1900-01-01 18:10:00,18,Yogurt,1,18.19,Dairy & Eggs,986,1,18,2
2159,339,2024-01-02,1900-01-01 18:10:00,18,Charger,1,325.41,Electronics,126,1,18,2
2159,339,2024-01-02,1900-01-01 18:10:00,18,Tea,3,180.93,Beverages,696,1,18,2
2159,339,2024-01-02,1900-01-01 18:10:00,18,Eggs,3,119.6,Dairy & Eggs,898,1,18,2
2159,339,2024-01-02,1900-01-01 18:10:00,18,Cooking Oil,2,245.5,Grains & Staples,593,1,18,2
2159,339,2024-01-02,1900-01-01 18:10:00,18,Carrot,2,75.73,Fruits & Vegetables,253,1,18,2
2159,339,2024-01-02,1900-01-01 18:10:00,18,Prawns,2,67.42,Meat & Seafood,168,1,18,2
2160,11,2024-12-11,1900-01-01 16:00:00,16,Cheese,1,375.36,Dairy & Eggs,793,12,16,11
2160,11,2024-12-11,1900-01-01 16:00:00,16,Apple,2,315.02,Fruits & Vegetables,307,12,16,11
2160,11,2024-12-11,1900-01-01 16:00:00,16,Chocolate,3,278.85,Snacks,765,12,16,11
2160,11,2024-12-11,1900-01-01 16:00:00,16,Dress,2,13.02,Clothing,362,12,16,11
2160,11,2024-12-11,1900-01-01 16:00:00,16,Dress,3,468.95,Clothing,240,12,16,11
2161,105,2024-07-20,1900-01-01 18:07:00,18,Juice,3,260.64,Beverages,572,7,18,20
2161,105,2024-07-20,1900-01-01 18:07:00,18,Dress,3,279.88,Clothing,745,7,18,20
2161,105,2024-07-20,1900-01-01 18:07:00,18,Croissant,2,79.02,Bakery,225,7,18,20
2161,105,2024-07-20,1900-01-01 18:07:00,18,Prawns,1,457.84,Meat & Seafood,237,7,18,20
2162,202,2024-11-19,1900-01-01 20:04:00,20,Chocolate,3,217.42,Snacks,538,11,20,19
2162,202,2024-11-19,1900-01-01 20:04:00,20,Soap,2,216.47,Personal Care,600,11,20,19
2162,202,2024-11-19,1900-01-01 20:04:00,20,Banana,2,339.57,Fruits & Vegetables,122,11,20,19
2162,202,2024-11-19,1900-01-01 20:04:00,20,Tissue,1,420.64,Household,708,11,20,19
2162,202,2024-11-19,1900-01-01 20:04:00,20,Juice,1,300.13,Beverages,144,11,20,19
2162,202,2024-11-19,1900-01-01 20:04:00,20,Charger,3,224.8,Electronics,722,11,20,19
2163,259,2024-03-18,1900-01-01 07:39:00,7,Carrot,1,151.16,Fruits & Vegetables,490,3,7,18
2163,259,2024-03-18,1900-01-01 07:39:00,7,Fiction Book,3,486.34,Books,498,3,7,18
2163,259,2024-03-18,1900-01-01 07:39:00,7,Pen,2,67.62,Stationery,742,3,7,18
2163,259,2024-03-18,1900-01-01 07:39:00,7,Vitamins,2,480.7,Health & Wellness,674,3,7,18
2163,259,2024-03-18,1900-01-01 07:39:00,7,Chocolate,1,10.72,Snacks,831,3,7,18
2164,415,2024-03-25,1900-01-01 11:44:00,11,Notebook,3,107.15,Stationery,535,3,11,25
2164,415,2024-03-25,1900-01-01 11:44:00,11,Salt,2,11.96,Grains & Staples,664,3,11,25
2164,415,2024-03-25,1900-01-01 11:44:00,11,Marker,2,393.27,Stationery,617,3,11,25
2164,415,2024-03-25,1900-01-01 11:44:00,11,Toothpaste,1,159.21,Personal Care,654,3,11,25
2165,137,2024-10-02,1900-01-01 18:09:00,18,Educational Book,1,270.95,Books,946,10,18,2
2165,137,2024-10-02,1900-01-01 18:09:00,18,Tea,3,36.55,Beverages,908,10,18,2
2165,137,2024-10-02,1900-01-01 18:09:00,18,Diapers,3,362.86,Baby Care,250,10,18,2
2165,137,2024-10-02,1900-01-01 18:09:00,18,Charger,1,325.82,Electronics,591,10,18,2
2165,137,2024-10-02,1900-01-01 18:09:00,18,Shirt,1,85.41,Clothing,659,10,18,2
2165,137,2024-10-02,1900-01-01 18:09:00,18,Wheat Flour,1,425.87,Grains & Staples,990,10,18,2
2165,137,2024-10-02,1900-01-01 18:09:00,18,Electric Kettle,3,95.22,Electronics,786,10,18,2
2166,311,2024-12-20,1900-01-01 18:04:00,18,Lentils,3,288.51,Grains & Staples,696,12,18,20
2166,311,2024-12-20,1900-01-01 18:04:00,18,Bread,1,48.71,Bakery,379,12,18,20
2166,311,2024-12-20,1900-01-01 18:04:00,18,Mixer Grinder,3,338.47,Electronics,869,12,18,20
2166,311,2024-12-20,1900-01-01 18:04:00,18,Educational Book,2,322.59,Books,955,12,18,20
2166,311,2024-12-20,1900-01-01 18:04:00,18,Croissant,1,367.37,Bakery,515,12,18,20
2166,311,2024-12-20,1900-01-01 18:04:00,18,Chicken Breast,2,437.0,Meat & Seafood,798,12,18,20
2167,8,2024-11-25,1900-01-01 16:13:00,16,Shampoo,1,219.15,Personal Care,406,11,16,25
2167,8,2024-11-25,1900-01-01 16:13:00,16,Salt,3,54.15,Grains & Staples,706,11,16,25
2167,8,2024-11-25,1900-01-01 16:13:00,16,Sugar,3,237.73,Grains & Staples,846,11,16,25
2167,8,2024-11-25,1900-01-01 16:13:00,16,Mixer Grinder,1,163.77,Electronics,437,11,16,25
2167,8,2024-11-25,1900-01-01 16:13:00,16,Detergent,2,56.15,Household,165,11,16,25
2168,52,2024-11-22,1900-01-01 09:38:00,9,Face Wash,3,416.45,Personal Care,656,11,9,22
2168,52,2024-11-22,1900-01-01 09:38:00,9,Energy Drink,3,331.77,Beverages,923,11,9,22
2168,52,2024-11-22,1900-01-01 09:38:00,9,Cookies,3,35.44,Bakery,723,11,9,22
2168,52,2024-11-22,1900-01-01 09:38:00,9,Cookies,1,50.96,Bakery,321,11,9,22
2168,52,2024-11-22,1900-01-01 09:38:00,9,Dishwashing Liquid,1,32.07,Household,591,11,9,22
2168,52,2024-11-22,1900-01-01 09:38:00,9,Chocolate,3,487.94,Snacks,732,11,9,22
2168,52,2024-11-22,1900-01-01 09:38:00,9,Phone Cover,1,176.95,Electronics,860,11,9,22
2169,37,2024-09-19,1900-01-01 12:05:00,12,Shoes,3,486.85,Footwear,941,9,12,19
2169,37,2024-09-19,1900-01-01 12:05:00,12,Chips,2,398.63,Snacks,275,9,12,19
2169,37,2024-09-19,1900-01-01 12:05:00,12,Toilet Paper,3,288.13,Household,793,9,12,19
2169,37,2024-09-19,1900-01-01 12:05:00,12,Marker,1,229.48,Stationery,918,9,12,19
2170,152,2024-11-08,1900-01-01 10:04:00,10,Tomato,2,166.85,Fruits & Vegetables,688,11,10,8
2170,152,2024-11-08,1900-01-01 10:04:00,10,Face Wash,3,108.22,Personal Care,761,11,10,8
2170,152,2024-11-08,1900-01-01 10:04:00,10,Sugar,2,319.6,Grains & Staples,927,11,10,8
2170,152,2024-11-08,1900-01-01 10:04:00,10,Juice,2,457.69,Beverages,555,11,10,8
2171,110,2024-04-26,1900-01-01 22:23:00,22,Rice,1,355.79,Grains & Staples,188,4,22,26
2171,110,2024-04-26,1900-01-01 22:23:00,22,Soda,2,449.48,Beverages,620,4,22,26
2171,110,2024-04-26,1900-01-01 22:23:00,22,Shirt,2,408.55,Clothing,932,4,22,26
2171,110,2024-04-26,1900-01-01 22:23:00,22,Jeans,2,163.21,Clothing,915,4,22,26
2171,110,2024-04-26,1900-01-01 22:23:00,22,Chicken Breast,3,70.64,Meat & Seafood,188,4,22,26
2172,256,2024-02-01,1900-01-01 10:13:00,10,Beef,3,124.92,Meat & Seafood,821,2,10,1
2172,256,2024-02-01,1900-01-01 10:13:00,10,Prawns,1,452.83,Meat & Seafood,516,2,10,1
2172,256,2024-02-01,1900-01-01 10:13:00,10,Salt,2,214.37,Grains & Staples,369,2,10,1
2173,269,2024-12-05,1900-01-01 20:06:00,20,Detergent,3,218.46,Household,542,12,20,5
2173,269,2024-12-05,1900-01-01 20:06:00,20,Vitamins,2,16.1,Health & Wellness,208,12,20,5
2173,269,2024-12-05,1900-01-01 20:06:00,20,Tea,1,112.44,Beverages,209,12,20,5
2174,374,2024-05-14,1900-01-01 18:04:00,18,Pastry,3,265.28,Bakery,172,5,18,14
2174,374,2024-05-14,1900-01-01 18:04:00,18,Cookies,1,287.41,Bakery,994,5,18,14
2174,374,2024-05-14,1900-01-01 18:04:00,18,Chips,1,475.46,Snacks,648,5,18,14
2174,374,2024-05-14,1900-01-01 18:04:00,18,Yogurt,1,358.62,Dairy & Eggs,229,5,18,14
2174,374,2024-05-14,1900-01-01 18:04:00,18,Sugar,1,77.99,Grains & Staples,994,5,18,14
2175,78,2024-07-31,1900-01-01 19:09:00,19,Biscuits,2,258.08,Snacks,844,7,19,31
2175,78,2024-07-31,1900-01-01 19:09:00,19,Orange,3,427.81,Fruits & Vegetables,404,7,19,31
2175,78,2024-07-31,1900-01-01 19:09:00,19,Fiction Book,3,25.07,Books,743,7,19,31
2175,78,2024-07-31,1900-01-01 19:09:00,19,Lentils,1,76.34,Grains & Staples,738,7,19,31
2175,78,2024-07-31,1900-01-01 19:09:00,19,Soap,2,430.25,Personal Care,939,7,19,31
2175,78,2024-07-31,1900-01-01 19:09:00,19,Croissant,1,149.2,Bakery,378,7,19,31
2176,347,2024-06-01,1900-01-01 12:45:00,12,Carrot,3,86.34,Fruits & Vegetables,249,6,12,1
2176,347,2024-06-01,1900-01-01 12:45:00,12,Energy Drink,1,326.17,Beverages,478,6,12,1
2176,347,2024-06-01,1900-01-01 12:45:00,12,Biscuits,3,397.02,Snacks,311,6,12,1
2176,347,2024-06-01,1900-01-01 12:45:00,12,Dress,1,225.08,Clothing,707,6,12,1
2177,148,2024-07-14,1900-01-01 08:27:00,8,Bread,2,41.41,Bakery,756,7,8,14
2177,148,2024-07-14,1900-01-01 08:27:00,8,Spinach,1,83.27,Fruits & Vegetables,486,7,8,14
2177,148,2024-07-14,1900-01-01 08:27:00,8,Face Wash,1,171.14,Personal Care,300,7,8,14
2177,148,2024-07-14,1900-01-01 08:27:00,8,Jeans,2,227.46,Clothing,463,7,8,14
2177,148,2024-07-14,1900-01-01 08:27:00,8,Fish,3,337.44,Meat & Seafood,737,7,8,14
2177,148,2024-07-14,1900-01-01 08:27:00,8,Apple,1,44.59,Fruits & Vegetables,450,7,8,14
2177,148,2024-07-14,1900-01-01 08:27:00,8,Spinach,3,179.82,Fruits & Vegetables,868,7,8,14
2178,25,2024-04-26,1900-01-01 09:43:00,9,Diapers,2,308.33,Baby Care,911,4,9,26
2178,25,2024-04-26,1900-01-01 09:43:00,9,Milk,3,193.64,Dairy & Eggs,162,4,9,26
2178,25,2024-04-26,1900-01-01 09:43:00,9,Phone Cover,2,94.65,Electronics,382,4,9,26
2179,148,2024-10-22,1900-01-01 13:51:00,13,Pen,3,359.54,Stationery,478,10,13,22
2179,148,2024-10-22,1900-01-01 13:51:00,13,Detergent,3,284.55,Household,909,10,13,22
2179,148,2024-10-22,1900-01-01 13:51:00,13,Rice,2,471.17,Grains & Staples,569,10,13,22
2179,148,2024-10-22,1900-01-01 13:51:00,13,Pasta,3,46.31,Grains & Staples,176,10,13,22
2180,292,2024-06-29,1900-01-01 14:36:00,14,Fish,3,172.27,Meat & Seafood,577,6,14,29
2180,292,2024-06-29,1900-01-01 14:36:00,14,Popcorn,1,339.98,Snacks,865,6,14,29
2180,292,2024-06-29,1900-01-01 14:36:00,14,Chicken Breast,2,412.04,Meat & Seafood,132,6,14,29
2180,292,2024-06-29,1900-01-01 14:36:00,14,Toilet Paper,2,302.94,Household,407,6,14,29
2180,292,2024-06-29,1900-01-01 14:36:00,14,Toilet Paper,3,71.05,Household,383,6,14,29
2180,292,2024-06-29,1900-01-01 14:36:00,14,Dishwashing Liquid,2,62.33,Household,154,6,14,29
2180,292,2024-06-29,1900-01-01 14:36:00,14,Shoes,1,86.72,Footwear,638,6,14,29
2181,367,2024-10-21,1900-01-01 06:19:00,6,Tissue,3,325.09,Household,998,10,6,21
2181,367,2024-10-21,1900-01-01 06:19:00,6,Soap,1,323.99,Personal Care,324,10,6,21
2181,367,2024-10-21,1900-01-01 06:19:00,6,Cheese,1,22.3,Dairy & Eggs,202,10,6,21
2181,367,2024-10-21,1900-01-01 06:19:00,6,Shoes,1,337.24,Footwear,551,10,6,21
2181,367,2024-10-21,1900-01-01 06:19:00,6,Shampoo,3,181.66,Personal Care,600,10,6,21
2182,144,2024-12-26,1900-01-01 07:11:00,7,Pain Reliever,2,16.36,Health & Wellness,611,12,7,26
2182,144,2024-12-26,1900-01-01 07:11:00,7,Soap,1,350.86,Personal Care,671,12,7,26
2182,144,2024-12-26,1900-01-01 07:11:00,7,Soap,1,355.48,Personal Care,741,12,7,26
2182,144,2024-12-26,1900-01-01 07:11:00,7,Shoes,2,467.16,Footwear,384,12,7,26
2182,144,2024-12-26,1900-01-01 07:11:00,7,Fish,1,23.02,Meat & Seafood,160,12,7,26
2182,144,2024-12-26,1900-01-01 07:11:00,7,Jeans,1,82.44,Clothing,746,12,7,26
2183,14,2024-11-27,1900-01-01 15:02:00,15,Saree,3,162.96,Clothing,350,11,15,27
2183,14,2024-11-27,1900-01-01 15:02:00,15,Coffee,2,248.06,Beverages,270,11,15,27
2183,14,2024-11-27,1900-01-01 15:02:00,15,Tissue,2,266.07,Household,297,11,15,27
2183,14,2024-11-27,1900-01-01 15:02:00,15,Notebook,3,18.39,Stationery,453,11,15,27
2183,14,2024-11-27,1900-01-01 15:02:00,15,Electric Kettle,2,469.06,Electronics,396,11,15,27
2183,14,2024-11-27,1900-01-01 15:02:00,15,Fish,2,30.26,Meat & Seafood,238,11,15,27
2184,477,2024-11-28,1900-01-01 06:03:00,6,Spinach,3,252.37,Fruits & Vegetables,925,11,6,28
2184,477,2024-11-28,1900-01-01 06:03:00,6,Tissue,2,45.79,Household,859,11,6,28
2184,477,2024-11-28,1900-01-01 06:03:00,6,Carrot,3,437.13,Fruits & Vegetables,844,11,6,28
2184,477,2024-11-28,1900-01-01 06:03:00,6,Chicken Breast,2,377.36,Meat & Seafood,875,11,6,28
2184,477,2024-11-28,1900-01-01 06:03:00,6,Potato,2,486.54,Fruits & Vegetables,749,11,6,28
2184,477,2024-11-28,1900-01-01 06:03:00,6,Pen,1,269.21,Stationery,119,11,6,28
2185,51,2024-07-14,1900-01-01 16:09:00,16,Eggs,3,412.41,Dairy & Eggs,141,7,16,14
2185,51,2024-07-14,1900-01-01 16:09:00,16,Chocolate,1,350.17,Snacks,793,7,16,14
2185,51,2024-07-14,1900-01-01 16:09:00,16,Orange,3,385.35,Fruits & Vegetables,956,7,16,14
2186,13,2024-06-28,1900-01-01 12:49:00,12,Eggs,2,313.54,Dairy & Eggs,992,6,12,28
2186,13,2024-06-28,1900-01-01 12:49:00,12,Carrot,3,151.95,Fruits & Vegetables,161,6,12,28
2186,13,2024-06-28,1900-01-01 12:49:00,12,Dishwashing Liquid,1,296.3,Household,479,6,12,28
2186,13,2024-06-28,1900-01-01 12:49:00,12,Butter,3,64.63,Dairy & Eggs,183,6,12,28
2187,144,2024-12-29,1900-01-01 14:26:00,14,Bread,3,495.09,Bakery,121,12,14,29
2187,144,2024-12-29,1900-01-01 14:26:00,14,Lentils,1,470.89,Grains & Staples,273,12,14,29
2187,144,2024-12-29,1900-01-01 14:26:00,14,Milk,2,276.97,Dairy & Eggs,114,12,14,29
2188,309,2024-09-11,1900-01-01 12:37:00,12,Notebook,2,53.37,Stationery,887,9,12,11
2188,309,2024-09-11,1900-01-01 12:37:00,12,Dishwashing Liquid,1,484.55,Household,250,9,12,11
2188,309,2024-09-11,1900-01-01 12:37:00,12,Onion,3,458.09,Fruits & Vegetables,277,9,12,11
2188,309,2024-09-11,1900-01-01 12:37:00,12,Fiction Book,1,377.7,Books,786,9,12,11
2188,309,2024-09-11,1900-01-01 12:37:00,12,Toilet Paper,2,173.64,Household,775,9,12,11
2189,288,2024-05-24,1900-01-01 16:55:00,16,Dishwashing Liquid,3,130.44,Household,541,5,16,24
2189,288,2024-05-24,1900-01-01 16:55:00,16,Mixer Grinder,2,130.95,Electronics,655,5,16,24
2189,288,2024-05-24,1900-01-01 16:55:00,16,Cooking Oil,1,207.45,Grains & Staples,207,5,16,24
2189,288,2024-05-24,1900-01-01 16:55:00,16,Electric Kettle,1,199.6,Electronics,723,5,16,24
2189,288,2024-05-24,1900-01-01 16:55:00,16,Cake,2,389.34,Bakery,995,5,16,24
2189,288,2024-05-24,1900-01-01 16:55:00,16,Milk,2,327.83,Dairy & Eggs,843,5,16,24
2189,288,2024-05-24,1900-01-01 16:55:00,16,Rice,3,347.38,Grains & Staples,816,5,16,24
2190,253,2024-06-04,1900-01-01 13:15:00,13,Cookies,3,476.05,Bakery,183,6,13,4
2190,253,2024-06-04,1900-01-01 13:15:00,13,Wheat Flour,1,476.2,Grains & Staples,729,6,13,4
2190,253,2024-06-04,1900-01-01 13:15:00,13,Toilet Paper,2,220.19,Household,976,6,13,4
2191,457,2024-10-16,1900-01-01 08:24:00,8,Notebook,1,421.47,Stationery,140,10,8,16
2191,457,2024-10-16,1900-01-01 08:24:00,8,Detergent,1,138.68,Household,640,10,8,16
2191,457,2024-10-16,1900-01-01 08:24:00,8,Spices,1,174.54,Grains & Staples,111,10,8,16
2191,457,2024-10-16,1900-01-01 08:24:00,8,Dishwashing Liquid,3,216.58,Household,240,10,8,16
2191,457,2024-10-16,1900-01-01 08:24:00,8,Diapers,1,345.96,Baby Care,383,10,8,16
2191,457,2024-10-16,1900-01-01 08:24:00,8,Soap,2,143.52,Personal Care,922,10,8,16
2191,457,2024-10-16,1900-01-01 08:24:00,8,Juice,3,255.49,Beverages,726,10,8,16
2192,286,2024-09-11,1900-01-01 14:53:00,14,Rice,1,491.06,Grains & Staples,567,9,14,11
2192,286,2024-09-11,1900-01-01 14:53:00,14,Notebook,2,310.99,Stationery,786,9,14,11
2192,286,2024-09-11,1900-01-01 14:53:00,14,Juice,3,471.89,Beverages,139,9,14,11
2192,286,2024-09-11,1900-01-01 14:53:00,14,Popcorn,2,35.32,Snacks,899,9,14,11
2193,14,2024-06-24,1900-01-01 09:10:00,9,Diapers,1,311.59,Baby Care,922,6,9,24
2193,14,2024-06-24,1900-01-01 09:10:00,9,Tea,1,394.52,Beverages,724,6,9,24
2193,14,2024-06-24,1900-01-01 09:10:00,9,Cookies,3,494.87,Bakery,714,6,9,24
2193,14,2024-06-24,1900-01-01 09:10:00,9,Chicken Breast,2,348.4,Meat & Seafood,827,6,9,24
2193,14,2024-06-24,1900-01-01 09:10:00,9,Phone Cover,2,60.86,Electronics,452,6,9,24
2193,14,2024-06-24,1900-01-01 09:10:00,9,Tomato,2,163.56,Fruits & Vegetables,929,6,9,24
2193,14,2024-06-24,1900-01-01 09:10:00,9,Face Wash,1,132.82,Personal Care,197,6,9,24
2194,359,2024-10-14,1900-01-01 10:46:00,10,Earphones,2,271.19,Electronics,682,10,10,14
2194,359,2024-10-14,1900-01-01 10:46:00,10,Pastry,1,401.75,Bakery,978,10,10,14
2194,359,2024-10-14,1900-01-01 10:46:00,10,Prawns,3,443.57,Meat & Seafood,783,10,10,14
2195,219,2024-07-17,1900-01-01 21:50:00,21,Vitamins,2,478.58,Health & Wellness,186,7,21,17
2195,219,2024-07-17,1900-01-01 21:50:00,21,Baby Food,3,104.01,Baby Care,626,7,21,17
2195,219,2024-07-17,1900-01-01 21:50:00,21,Chips,3,289.21,Snacks,919,7,21,17
2195,219,2024-07-17,1900-01-01 21:50:00,21,Prawns,2,39.52,Meat & Seafood,742,7,21,17
2195,219,2024-07-17,1900-01-01 21:50:00,21,Pasta,3,78.77,Grains & Staples,998,7,21,17
2195,219,2024-07-17,1900-01-01 21:50:00,21,Shoes,3,349.22,Footwear,199,7,21,17
2195,219,2024-07-17,1900-01-01 21:50:00,21,Fiction Book,1,24.73,Books,859,7,21,17
2196,273,2024-09-17,1900-01-01 07:04:00,7,Diapers,3,358.61,Baby Care,560,9,7,17
2196,273,2024-09-17,1900-01-01 07:04:00,7,Tomato,1,337.43,Fruits & Vegetables,685,9,7,17
2196,273,2024-09-17,1900-01-01 07:04:00,7,Chicken Breast,1,143.18,Meat & Seafood,538,9,7,17
2196,273,2024-09-17,1900-01-01 07:04:00,7,Butter,2,433.2,Dairy & Eggs,137,9,7,17
2196,273,2024-09-17,1900-01-01 07:04:00,7,Diapers,1,339.67,Baby Care,460,9,7,17
2196,273,2024-09-17,1900-01-01 07:04:00,7,Yogurt,1,380.11,Dairy & Eggs,987,9,7,17
2196,273,2024-09-17,1900-01-01 07:04:00,7,Cooking Oil,2,40.68,Grains & Staples,601,9,7,17
2197,430,2024-07-21,1900-01-01 09:04:00,9,Vitamins,3,423.89,Health & Wellness,460,7,9,21
2197,430,2024-07-21,1900-01-01 09:04:00,9,Energy Drink,3,474.32,Beverages,912,7,9,21
2197,430,2024-07-21,1900-01-01 09:04:00,9,Popcorn,1,228.7,Snacks,206,7,9,21
2197,430,2024-07-21,1900-01-01 09:04:00,9,Beef,1,471.42,Meat & Seafood,310,7,9,21
2198,262,2024-07-29,1900-01-01 08:59:00,8,Fiction Book,1,325.82,Books,435,7,8,29
2198,262,2024-07-29,1900-01-01 08:59:00,8,Shampoo,3,499.72,Personal Care,835,7,8,29
2198,262,2024-07-29,1900-01-01 08:59:00,8,Potato,3,440.22,Fruits & Vegetables,334,7,8,29
2198,262,2024-07-29,1900-01-01 08:59:00,8,Lentils,1,491.27,Grains & Staples,590,7,8,29
2199,80,2024-12-29,1900-01-01 18:08:00,18,Tea,3,188.89,Beverages,195,12,18,29
2199,80,2024-12-29,1900-01-01 18:08:00,18,Cheese,1,470.73,Dairy & Eggs,796,12,18,29
2199,80,2024-12-29,1900-01-01 18:08:00,18,Coffee,2,307.25,Beverages,103,12,18,29
2199,80,2024-12-29,1900-01-01 18:08:00,18,Face Wash,1,67.36,Personal Care,257,12,18,29
2199,80,2024-12-29,1900-01-01 18:08:00,18,Yogurt,2,409.95,Dairy & Eggs,343,12,18,29
2200,57,2024-12-05,1900-01-01 17:54:00,17,Croissant,1,310.22,Bakery,192,12,17,5
2200,57,2024-12-05,1900-01-01 17:54:00,17,Diapers,2,443.75,Baby Care,392,12,17,5
2200,57,2024-12-05,1900-01-01 17:54:00,17,Pasta,3,188.01,Grains & Staples,827,12,17,5
2201,148,2024-02-18,1900-01-01 16:45:00,16,Belt,2,17.31,Clothing Accessories,123,2,16,18
2201,148,2024-02-18,1900-01-01 16:45:00,16,Fish,2,388.52,Meat & Seafood,475,2,16,18
2201,148,2024-02-18,1900-01-01 16:45:00,16,Pasta,1,392.5,Grains & Staples,931,2,16,18
2201,148,2024-02-18,1900-01-01 16:45:00,16,Educational Book,3,368.71,Books,980,2,16,18
2201,148,2024-02-18,1900-01-01 16:45:00,16,Chips,1,317.76,Snacks,840,2,16,18
2201,148,2024-02-18,1900-01-01 16:45:00,16,Banana,3,122.72,Fruits & Vegetables,515,2,16,18
2202,237,2024-11-21,1900-01-01 15:29:00,15,Floor Cleaner,2,98.3,Household,193,11,15,21
2202,237,2024-11-21,1900-01-01 15:29:00,15,Pen,1,459.61,Stationery,283,11,15,21
2202,237,2024-11-21,1900-01-01 15:29:00,15,Toilet Paper,1,373.74,Household,242,11,15,21
2202,237,2024-11-21,1900-01-01 15:29:00,15,Biscuits,2,392.99,Snacks,811,11,15,21
2203,264,2024-05-12,1900-01-01 06:19:00,6,Potato,2,87.14,Fruits & Vegetables,373,5,6,12
2203,264,2024-05-12,1900-01-01 06:19:00,6,Fish,2,233.32,Meat & Seafood,359,5,6,12
2203,264,2024-05-12,1900-01-01 06:19:00,6,Bread,3,306.5,Bakery,200,5,6,12
2204,480,2024-05-12,1900-01-01 17:27:00,17,Wheat Flour,1,40.07,Grains & Staples,326,5,17,12
2204,480,2024-05-12,1900-01-01 17:27:00,17,Juice,1,415.04,Beverages,104,5,17,12
2204,480,2024-05-12,1900-01-01 17:27:00,17,Chicken Breast,1,133.47,Meat & Seafood,641,5,17,12
2205,386,2024-06-06,1900-01-01 13:17:00,13,Wheat Flour,1,216.78,Grains & Staples,364,6,13,6
2205,386,2024-06-06,1900-01-01 13:17:00,13,Vitamins,2,374.72,Health & Wellness,637,6,13,6
2205,386,2024-06-06,1900-01-01 13:17:00,13,Sugar,1,43.79,Grains & Staples,730,6,13,6
2205,386,2024-06-06,1900-01-01 13:17:00,13,Eggs,3,206.65,Dairy & Eggs,241,6,13,6
2205,386,2024-06-06,1900-01-01 13:17:00,13,Dishwashing Liquid,1,341.72,Household,103,6,13,6
2205,386,2024-06-06,1900-01-01 13:17:00,13,Electric Kettle,1,243.09,Electronics,588,6,13,6
2206,209,2024-11-06,1900-01-01 12:14:00,12,Chocolate,2,448.55,Snacks,663,11,12,6
2206,209,2024-11-06,1900-01-01 12:14:00,12,Phone Cover,2,139.41,Electronics,597,11,12,6
2206,209,2024-11-06,1900-01-01 12:14:00,12,Cheese,2,30.02,Dairy & Eggs,674,11,12,6
2206,209,2024-11-06,1900-01-01 12:14:00,12,Face Wash,2,380.81,Personal Care,800,11,12,6
2206,209,2024-11-06,1900-01-01 12:14:00,12,Chips,2,278.39,Snacks,421,11,12,6
2206,209,2024-11-06,1900-01-01 12:14:00,12,Bread,3,419.94,Bakery,993,11,12,6
2207,64,2024-09-19,1900-01-01 08:51:00,8,Sugar,3,197.56,Grains & Staples,276,9,8,19
2207,64,2024-09-19,1900-01-01 08:51:00,8,Potato,1,128.2,Fruits & Vegetables,619,9,8,19
2207,64,2024-09-19,1900-01-01 08:51:00,8,Potato,2,389.79,Fruits & Vegetables,760,9,8,19
2208,435,2024-05-21,1900-01-01 17:54:00,17,Cheese,2,72.45,Dairy & Eggs,883,5,17,21
2208,435,2024-05-21,1900-01-01 17:54:00,17,Floor Cleaner,1,228.51,Household,670,5,17,21
2208,435,2024-05-21,1900-01-01 17:54:00,17,Bread,1,223.55,Bakery,847,5,17,21
2208,435,2024-05-21,1900-01-01 17:54:00,17,Cookies,1,357.75,Bakery,648,5,17,21
2208,435,2024-05-21,1900-01-01 17:54:00,17,Earphones,2,73.24,Electronics,537,5,17,21
2208,435,2024-05-21,1900-01-01 17:54:00,17,Chips,1,375.57,Snacks,895,5,17,21
2208,435,2024-05-21,1900-01-01 17:54:00,17,Eggs,2,52.05,Dairy & Eggs,161,5,17,21
2209,163,2024-08-30,1900-01-01 16:04:00,16,Rice,1,486.62,Grains & Staples,423,8,16,30
2209,163,2024-08-30,1900-01-01 16:04:00,16,Toilet Paper,2,44.71,Household,172,8,16,30
2209,163,2024-08-30,1900-01-01 16:04:00,16,Spinach,3,299.14,Fruits & Vegetables,550,8,16,30
2209,163,2024-08-30,1900-01-01 16:04:00,16,Baby Food,2,301.71,Baby Care,135,8,16,30
2210,176,2024-03-16,1900-01-01 08:48:00,8,Dishwashing Liquid,1,371.94,Household,429,3,8,16
2210,176,2024-03-16,1900-01-01 08:48:00,8,Tissue,2,233.44,Household,530,3,8,16
2210,176,2024-03-16,1900-01-01 08:48:00,8,Tea,2,54.36,Beverages,272,3,8,16
2210,176,2024-03-16,1900-01-01 08:48:00,8,Pain Reliever,2,54.42,Health & Wellness,658,3,8,16
2211,42,2024-06-26,1900-01-01 18:11:00,18,Carrot,2,378.99,Fruits & Vegetables,700,6,18,26
2211,42,2024-06-26,1900-01-01 18:11:00,18,Tea,3,328.28,Beverages,967,6,18,26
2211,42,2024-06-26,1900-01-01 18:11:00,18,Spices,3,358.92,Grains & Staples,914,6,18,26
2211,42,2024-06-26,1900-01-01 18:11:00,18,Soda,3,129.82,Beverages,270,6,18,26
2211,42,2024-06-26,1900-01-01 18:11:00,18,Orange,3,277.73,Fruits & Vegetables,620,6,18,26
2211,42,2024-06-26,1900-01-01 18:11:00,18,Pastry,1,383.89,Bakery,909,6,18,26
2211,42,2024-06-26,1900-01-01 18:11:00,18,Rice,2,190.3,Grains & Staples,786,6,18,26
2212,39,2024-11-12,1900-01-01 17:03:00,17,Bread,3,362.19,Bakery,224,11,17,12
2212,39,2024-11-12,1900-01-01 17:03:00,17,Spinach,2,341.81,Fruits & Vegetables,650,11,17,12
2212,39,2024-11-12,1900-01-01 17:03:00,17,Shirt,2,122.64,Clothing,647,11,17,12
2212,39,2024-11-12,1900-01-01 17:03:00,17,Wheat Flour,2,292.19,Grains & Staples,739,11,17,12
2212,39,2024-11-12,1900-01-01 17:03:00,17,Pain Reliever,1,406.31,Health & Wellness,853,11,17,12
2213,454,2024-11-13,1900-01-01 19:02:00,19,Fiction Book,2,330.17,Books,962,11,19,13
2213,454,2024-11-13,1900-01-01 19:02:00,19,Fiction Book,2,328.98,Books,911,11,19,13
2213,454,2024-11-13,1900-01-01 19:02:00,19,Earphones,2,380.17,Electronics,769,11,19,13
2214,421,2024-02-10,1900-01-01 08:01:00,8,Wheat Flour,3,53.29,Grains & Staples,310,2,8,10
2214,421,2024-02-10,1900-01-01 08:01:00,8,Cake,3,166.96,Bakery,479,2,8,10
2214,421,2024-02-10,1900-01-01 08:01:00,8,Yogurt,3,317.53,Dairy & Eggs,840,2,8,10
2215,172,2024-05-16,1900-01-01 09:18:00,9,Cookies,2,198.63,Bakery,687,5,9,16
2215,172,2024-05-16,1900-01-01 09:18:00,9,Eggs,3,328.17,Dairy & Eggs,620,5,9,16
2215,172,2024-05-16,1900-01-01 09:18:00,9,Eggs,2,288.01,Dairy & Eggs,115,5,9,16
2215,172,2024-05-16,1900-01-01 09:18:00,9,Chicken Breast,3,306.57,Meat & Seafood,156,5,9,16
2215,172,2024-05-16,1900-01-01 09:18:00,9,Educational Book,3,371.21,Books,230,5,9,16
2215,172,2024-05-16,1900-01-01 09:18:00,9,Chocolate,3,451.13,Snacks,304,5,9,16
2216,434,2024-01-18,1900-01-01 10:38:00,10,Shirt,2,35.99,Clothing,667,1,10,18
2216,434,2024-01-18,1900-01-01 10:38:00,10,Prawns,3,313.95,Meat & Seafood,738,1,10,18
2216,434,2024-01-18,1900-01-01 10:38:00,10,Cookies,1,481.75,Bakery,403,1,10,18
2216,434,2024-01-18,1900-01-01 10:38:00,10,Electric Kettle,2,392.58,Electronics,402,1,10,18
2216,434,2024-01-18,1900-01-01 10:38:00,10,Potato,1,234.51,Fruits & Vegetables,678,1,10,18
2216,434,2024-01-18,1900-01-01 10:38:00,10,Pen,3,361.34,Stationery,827,1,10,18
2217,75,2024-08-26,1900-01-01 12:46:00,12,Chocolate,1,27.75,Snacks,114,8,12,26
2217,75,2024-08-26,1900-01-01 12:46:00,12,Toilet Paper,2,334.1,Household,455,8,12,26
2217,75,2024-08-26,1900-01-01 12:46:00,12,Pain Reliever,2,314.18,Health & Wellness,216,8,12,26
2218,67,2024-07-24,1900-01-01 16:57:00,16,Baby Food,3,297.73,Baby Care,185,7,16,24
2218,67,2024-07-24,1900-01-01 16:57:00,16,Educational Book,1,120.03,Books,636,7,16,24
2218,67,2024-07-24,1900-01-01 16:57:00,16,Shoes,1,377.31,Footwear,379,7,16,24
2218,67,2024-07-24,1900-01-01 16:57:00,16,Lentils,3,477.7,Grains & Staples,968,7,16,24
2218,67,2024-07-24,1900-01-01 16:57:00,16,Salt,1,476.4,Grains & Staples,966,7,16,24
2218,67,2024-07-24,1900-01-01 16:57:00,16,Mixer Grinder,2,412.81,Electronics,333,7,16,24
2218,67,2024-07-24,1900-01-01 16:57:00,16,Pastry,3,372.0,Bakery,343,7,16,24
2219,433,2024-05-21,1900-01-01 13:12:00,13,Pain Reliever,2,339.04,Health & Wellness,772,5,13,21
2219,433,2024-05-21,1900-01-01 13:12:00,13,Soap,2,180.75,Personal Care,286,5,13,21
2219,433,2024-05-21,1900-01-01 13:12:00,13,Orange,1,183.01,Fruits & Vegetables,672,5,13,21
2220,420,2024-10-23,1900-01-01 22:39:00,22,Pastry,1,141.08,Bakery,378,10,22,23
2220,420,2024-10-23,1900-01-01 22:39:00,22,Tomato,3,323.14,Fruits & Vegetables,452,10,22,23
2220,420,2024-10-23,1900-01-01 22:39:00,22,Butter,2,264.59,Dairy & Eggs,795,10,22,23
2220,420,2024-10-23,1900-01-01 22:39:00,22,Milk,2,203.13,Dairy & Eggs,523,10,22,23
2221,189,2024-11-12,1900-01-01 10:02:00,10,Soap,1,69.65,Personal Care,338,11,10,12
2221,189,2024-11-12,1900-01-01 10:02:00,10,Onion,2,242.11,Fruits & Vegetables,301,11,10,12
2221,189,2024-11-12,1900-01-01 10:02:00,10,Jeans,3,470.16,Clothing,239,11,10,12
2222,400,2024-01-27,1900-01-01 15:19:00,15,Energy Drink,2,100.51,Beverages,141,1,15,27
2222,400,2024-01-27,1900-01-01 15:19:00,15,Sugar,2,124.33,Grains & Staples,868,1,15,27
2222,400,2024-01-27,1900-01-01 15:19:00,15,Milk,3,114.07,Dairy & Eggs,403,1,15,27
2222,400,2024-01-27,1900-01-01 15:19:00,15,Baby Food,3,168.89,Baby Care,927,1,15,27
2223,297,2024-01-26,1900-01-01 21:24:00,21,Detergent,1,187.56,Household,584,1,21,26
2223,297,2024-01-26,1900-01-01 21:24:00,21,Beef,1,437.5,Meat & Seafood,177,1,21,26
2223,297,2024-01-26,1900-01-01 21:24:00,21,Cheese,2,334.74,Dairy & Eggs,345,1,21,26
2223,297,2024-01-26,1900-01-01 21:24:00,21,Notebook,3,452.43,Stationery,515,1,21,26
2223,297,2024-01-26,1900-01-01 21:24:00,21,Notebook,1,199.68,Stationery,244,1,21,26
2223,297,2024-01-26,1900-01-01 21:24:00,21,Earphones,2,44.36,Electronics,588,1,21,26
2224,63,2024-07-01,1900-01-01 09:54:00,9,Charger,3,169.35,Electronics,406,7,9,1
2224,63,2024-07-01,1900-01-01 09:54:00,9,Diapers,1,75.74,Baby Care,120,7,9,1
2224,63,2024-07-01,1900-01-01 09:54:00,9,Wheat Flour,3,19.75,Grains & Staples,424,7,9,1
2225,380,2024-12-06,1900-01-01 17:03:00,17,Electric Kettle,1,315.3,Electronics,196,12,17,6
2225,380,2024-12-06,1900-01-01 17:03:00,17,Tissue,2,55.09,Household,558,12,17,6
2225,380,2024-12-06,1900-01-01 17:03:00,17,Notebook,3,105.85,Stationery,481,12,17,6
2226,237,2024-04-12,1900-01-01 06:04:00,6,Vitamins,1,255.76,Health & Wellness,119,4,6,12
2226,237,2024-04-12,1900-01-01 06:04:00,6,Charger,2,205.64,Electronics,168,4,6,12
2226,237,2024-04-12,1900-01-01 06:04:00,6,Juice,3,118.64,Beverages,771,4,6,12
2226,237,2024-04-12,1900-01-01 06:04:00,6,Tea,2,82.09,Beverages,305,4,6,12
2226,237,2024-04-12,1900-01-01 06:04:00,6,Cheese,2,58.94,Dairy & Eggs,399,4,6,12
2227,467,2024-02-06,1900-01-01 16:50:00,16,Eggs,2,31.5,Dairy & Eggs,632,2,16,6
2227,467,2024-02-06,1900-01-01 16:50:00,16,Dress,1,349.03,Clothing,449,2,16,6
2227,467,2024-02-06,1900-01-01 16:50:00,16,Spinach,1,20.38,Fruits & Vegetables,555,2,16,6
2228,207,2024-11-22,1900-01-01 12:48:00,12,Tissue,1,327.23,Household,437,11,12,22
2228,207,2024-11-22,1900-01-01 12:48:00,12,Milk,2,300.81,Dairy & Eggs,448,11,12,22
2228,207,2024-11-22,1900-01-01 12:48:00,12,Rice,2,290.48,Grains & Staples,968,11,12,22
2228,207,2024-11-22,1900-01-01 12:48:00,12,Lentils,3,342.44,Grains & Staples,197,11,12,22
2228,207,2024-11-22,1900-01-01 12:48:00,12,Toothpaste,3,25.49,Personal Care,831,11,12,22
2228,207,2024-11-22,1900-01-01 12:48:00,12,Coffee,1,262.66,Beverages,223,11,12,22
2229,398,2024-01-27,1900-01-01 11:41:00,11,Apple,2,478.3,Fruits & Vegetables,299,1,11,27
2229,398,2024-01-27,1900-01-01 11:41:00,11,Wheat Flour,3,175.84,Grains & Staples,289,1,11,27
2229,398,2024-01-27,1900-01-01 11:41:00,11,Apple,2,334.51,Fruits & Vegetables,968,1,11,27
2229,398,2024-01-27,1900-01-01 11:41:00,11,Biscuits,2,193.11,Snacks,492,1,11,27
2229,398,2024-01-27,1900-01-01 11:41:00,11,Prawns,3,313.41,Meat & Seafood,886,1,11,27
2229,398,2024-01-27,1900-01-01 11:41:00,11,Cookies,3,51.8,Bakery,183,1,11,27
2230,320,2024-06-02,1900-01-01 21:02:00,21,Pain Reliever,3,326.83,Health & Wellness,202,6,21,2
2230,320,2024-06-02,1900-01-01 21:02:00,21,Vitamins,1,122.52,Health & Wellness,526,6,21,2
2230,320,2024-06-02,1900-01-01 21:02:00,21,Spinach,1,432.4,Fruits & Vegetables,886,6,21,2
2230,320,2024-06-02,1900-01-01 21:02:00,21,Biscuits,3,454.61,Snacks,692,6,21,2
2230,320,2024-06-02,1900-01-01 21:02:00,21,Croissant,3,316.49,Bakery,708,6,21,2
2231,12,2024-06-01,1900-01-01 06:11:00,6,Chicken Breast,2,363.11,Meat & Seafood,829,6,6,1
2231,12,2024-06-01,1900-01-01 06:11:00,6,Popcorn,3,227.2,Snacks,402,6,6,1
2231,12,2024-06-01,1900-01-01 06:11:00,6,Cake,2,333.47,Bakery,524,6,6,1
2231,12,2024-06-01,1900-01-01 06:11:00,6,Popcorn,3,292.19,Snacks,310,6,6,1
2231,12,2024-06-01,1900-01-01 06:11:00,6,Chips,1,271.72,Snacks,788,6,6,1
2231,12,2024-06-01,1900-01-01 06:11:00,6,Tea,3,427.28,Beverages,270,6,6,1
2231,12,2024-06-01,1900-01-01 06:11:00,6,Beef,1,182.69,Meat & Seafood,941,6,6,1
2232,67,2024-12-15,1900-01-01 10:14:00,10,Beef,3,43.8,Meat & Seafood,374,12,10,15
2232,67,2024-12-15,1900-01-01 10:14:00,10,Detergent,3,482.36,Household,169,12,10,15
2232,67,2024-12-15,1900-01-01 10:14:00,10,Tea,2,192.46,Beverages,643,12,10,15
2233,422,2024-05-05,1900-01-01 09:37:00,9,Mixer Grinder,1,160.46,Electronics,738,5,9,5
2233,422,2024-05-05,1900-01-01 09:37:00,9,Croissant,1,109.48,Bakery,573,5,9,5
2233,422,2024-05-05,1900-01-01 09:37:00,9,Prawns,1,391.34,Meat & Seafood,434,5,9,5
2233,422,2024-05-05,1900-01-01 09:37:00,9,Popcorn,3,346.76,Snacks,492,5,9,5
2233,422,2024-05-05,1900-01-01 09:37:00,9,Croissant,3,415.2,Bakery,279,5,9,5
2233,422,2024-05-05,1900-01-01 09:37:00,9,Rice,3,98.31,Grains & Staples,362,5,9,5
2233,422,2024-05-05,1900-01-01 09:37:00,9,Milk,1,155.82,Dairy & Eggs,714,5,9,5
2234,179,2024-01-31,1900-01-01 06:36:00,6,Detergent,1,183.1,Household,785,1,6,31
2234,179,2024-01-31,1900-01-01 06:36:00,6,Fish,1,370.27,Meat & Seafood,198,1,6,31
2234,179,2024-01-31,1900-01-01 06:36:00,6,Belt,3,256.08,Clothing Accessories,891,1,6,31
2235,222,2024-01-22,1900-01-01 13:05:00,13,Fiction Book,2,448.7,Books,868,1,13,22
2235,222,2024-01-22,1900-01-01 13:05:00,13,Jeans,2,279.64,Clothing,178,1,13,22
2235,222,2024-01-22,1900-01-01 13:05:00,13,Apple,1,104.85,Fruits & Vegetables,925,1,13,22
2235,222,2024-01-22,1900-01-01 13:05:00,13,Apple,2,417.05,Fruits & Vegetables,910,1,13,22
2235,222,2024-01-22,1900-01-01 13:05:00,13,Chocolate,3,173.89,Snacks,842,1,13,22
2235,222,2024-01-22,1900-01-01 13:05:00,13,Shampoo,1,61.04,Personal Care,524,1,13,22
2236,321,2024-09-28,1900-01-01 07:40:00,7,Soda,3,464.23,Beverages,682,9,7,28
2236,321,2024-09-28,1900-01-01 07:40:00,7,Saree,1,454.71,Clothing,595,9,7,28
2236,321,2024-09-28,1900-01-01 07:40:00,7,Pasta,1,335.41,Grains & Staples,541,9,7,28
2236,321,2024-09-28,1900-01-01 07:40:00,7,Potato,1,292.71,Fruits & Vegetables,231,9,7,28
2236,321,2024-09-28,1900-01-01 07:40:00,7,Shirt,1,70.95,Clothing,291,9,7,28
2237,170,2024-03-28,1900-01-01 09:18:00,9,Orange,1,276.44,Fruits & Vegetables,809,3,9,28
2237,170,2024-03-28,1900-01-01 09:18:00,9,Belt,2,305.94,Clothing Accessories,205,3,9,28
2237,170,2024-03-28,1900-01-01 09:18:00,9,Diapers,3,432.75,Baby Care,902,3,9,28
2237,170,2024-03-28,1900-01-01 09:18:00,9,Marker,3,426.8,Stationery,739,3,9,28
2238,406,2024-09-16,1900-01-01 08:26:00,8,Pen,3,401.59,Stationery,193,9,8,16
2238,406,2024-09-16,1900-01-01 08:26:00,8,Biscuits,2,135.86,Snacks,239,9,8,16
2238,406,2024-09-16,1900-01-01 08:26:00,8,Bread,1,66.46,Bakery,767,9,8,16
2238,406,2024-09-16,1900-01-01 08:26:00,8,Pen,1,431.62,Stationery,929,9,8,16
2238,406,2024-09-16,1900-01-01 08:26:00,8,Face Wash,3,315.63,Personal Care,606,9,8,16
2239,143,2024-12-18,1900-01-01 20:45:00,20,Sugar,1,253.02,Grains & Staples,609,12,20,18
2239,143,2024-12-18,1900-01-01 20:45:00,20,Popcorn,2,126.4,Snacks,702,12,20,18
2239,143,2024-12-18,1900-01-01 20:45:00,20,Apple,3,304.48,Fruits & Vegetables,572,12,20,18
2239,143,2024-12-18,1900-01-01 20:45:00,20,Tissue,1,263.71,Household,159,12,20,18
2240,210,2024-08-13,1900-01-01 10:16:00,10,Face Wash,2,38.19,Personal Care,689,8,10,13
2240,210,2024-08-13,1900-01-01 10:16:00,10,Cooking Oil,3,304.93,Grains & Staples,366,8,10,13
2240,210,2024-08-13,1900-01-01 10:16:00,10,Bread,2,99.33,Bakery,722,8,10,13
2240,210,2024-08-13,1900-01-01 10:16:00,10,Apple,3,179.64,Fruits & Vegetables,549,8,10,13
2240,210,2024-08-13,1900-01-01 10:16:00,10,Marker,1,276.21,Stationery,140,8,10,13
2240,210,2024-08-13,1900-01-01 10:16:00,10,Educational Book,2,452.27,Books,718,8,10,13
2241,56,2024-05-07,1900-01-01 16:17:00,16,Chicken Breast,2,492.18,Meat & Seafood,411,5,16,7
2241,56,2024-05-07,1900-01-01 16:17:00,16,Electric Kettle,2,447.61,Electronics,274,5,16,7
2241,56,2024-05-07,1900-01-01 16:17:00,16,Apple,1,88.71,Fruits & Vegetables,642,5,16,7
2241,56,2024-05-07,1900-01-01 16:17:00,16,Pen,3,453.68,Stationery,187,5,16,7
2242,141,2024-05-31,1900-01-01 20:37:00,20,Popcorn,1,39.12,Snacks,543,5,20,31
2242,141,2024-05-31,1900-01-01 20:37:00,20,Carrot,1,265.59,Fruits & Vegetables,644,5,20,31
2242,141,2024-05-31,1900-01-01 20:37:00,20,Tomato,2,34.04,Fruits & Vegetables,396,5,20,31
2242,141,2024-05-31,1900-01-01 20:37:00,20,Shoes,3,179.47,Footwear,229,5,20,31
2242,141,2024-05-31,1900-01-01 20:37:00,20,Soap,3,214.91,Personal Care,393,5,20,31
2243,445,2024-02-25,1900-01-01 15:31:00,15,Salt,2,386.16,Grains & Staples,766,2,15,25
2243,445,2024-02-25,1900-01-01 15:31:00,15,Shoes,2,83.68,Footwear,635,2,15,25
2243,445,2024-02-25,1900-01-01 15:31:00,15,Dress,1,72.15,Clothing,567,2,15,25
2243,445,2024-02-25,1900-01-01 15:31:00,15,Soap,1,433.24,Personal Care,863,2,15,25
2243,445,2024-02-25,1900-01-01 15:31:00,15,Potato,2,60.23,Fruits & Vegetables,155,2,15,25
2244,114,2024-03-07,1900-01-01 15:46:00,15,Earphones,1,278.83,Electronics,795,3,15,7
2244,114,2024-03-07,1900-01-01 15:46:00,15,Butter,3,45.64,Dairy & Eggs,729,3,15,7
2244,114,2024-03-07,1900-01-01 15:46:00,15,Cheese,3,388.59,Dairy & Eggs,301,3,15,7
2244,114,2024-03-07,1900-01-01 15:46:00,15,Fiction Book,2,431.89,Books,422,3,15,7
2244,114,2024-03-07,1900-01-01 15:46:00,15,Wheat Flour,1,470.98,Grains & Staples,839,3,15,7
2245,309,2024-03-21,1900-01-01 20:24:00,20,Shoes,1,148.56,Footwear,440,3,20,21
2245,309,2024-03-21,1900-01-01 20:24:00,20,Popcorn,3,296.61,Snacks,239,3,20,21
2245,309,2024-03-21,1900-01-01 20:24:00,20,Educational Book,1,393.96,Books,190,3,20,21
2245,309,2024-03-21,1900-01-01 20:24:00,20,Cake,1,94.41,Bakery,958,3,20,21
2246,66,2024-03-16,1900-01-01 19:52:00,19,Mixer Grinder,2,221.1,Electronics,566,3,19,16
2246,66,2024-03-16,1900-01-01 19:52:00,19,Butter,3,364.11,Dairy & Eggs,250,3,19,16
2246,66,2024-03-16,1900-01-01 19:52:00,19,Prawns,3,237.82,Meat & Seafood,842,3,19,16
2246,66,2024-03-16,1900-01-01 19:52:00,19,Pasta,1,165.88,Grains & Staples,914,3,19,16
2246,66,2024-03-16,1900-01-01 19:52:00,19,Soda,2,281.31,Beverages,147,3,19,16
2246,66,2024-03-16,1900-01-01 19:52:00,19,Chicken Breast,2,393.68,Meat & Seafood,294,3,19,16
2247,338,2024-11-14,1900-01-01 16:20:00,16,Yogurt,3,126.34,Dairy & Eggs,731,11,16,14
2247,338,2024-11-14,1900-01-01 16:20:00,16,Apple,2,363.53,Fruits & Vegetables,631,11,16,14
2247,338,2024-11-14,1900-01-01 16:20:00,16,Banana,3,117.85,Fruits & Vegetables,824,11,16,14
2247,338,2024-11-14,1900-01-01 16:20:00,16,Electric Kettle,2,429.6,Electronics,539,11,16,14
2248,382,2024-05-03,1900-01-01 13:35:00,13,Pasta,3,371.95,Grains & Staples,296,5,13,3
2248,382,2024-05-03,1900-01-01 13:35:00,13,Detergent,3,25.32,Household,249,5,13,3
2248,382,2024-05-03,1900-01-01 13:35:00,13,Electric Kettle,2,400.05,Electronics,582,5,13,3
2248,382,2024-05-03,1900-01-01 13:35:00,13,Earphones,1,462.77,Electronics,269,5,13,3
2248,382,2024-05-03,1900-01-01 13:35:00,13,Chocolate,3,402.62,Snacks,365,5,13,3
2248,382,2024-05-03,1900-01-01 13:35:00,13,Dress,3,273.59,Clothing,997,5,13,3
2249,96,2024-09-20,1900-01-01 22:19:00,22,Shoes,1,39.81,Footwear,213,9,22,20
2249,96,2024-09-20,1900-01-01 22:19:00,22,Spices,3,288.11,Grains & Staples,950,9,22,20
2249,96,2024-09-20,1900-01-01 22:19:00,22,Fish,3,135.0,Meat & Seafood,337,9,22,20
2249,96,2024-09-20,1900-01-01 22:19:00,22,Diapers,2,418.05,Baby Care,441,9,22,20
2250,241,2024-05-29,1900-01-01 12:33:00,12,Chicken Breast,3,344.81,Meat & Seafood,739,5,12,29
2250,241,2024-05-29,1900-01-01 12:33:00,12,Toilet Paper,1,146.25,Household,674,5,12,29
2250,241,2024-05-29,1900-01-01 12:33:00,12,Chicken Breast,1,36.54,Meat & Seafood,526,5,12,29
2251,88,2024-04-11,1900-01-01 21:37:00,21,Tissue,2,62.93,Household,609,4,21,11
2251,88,2024-04-11,1900-01-01 21:37:00,21,Spices,3,109.29,Grains & Staples,811,4,21,11
2251,88,2024-04-11,1900-01-01 21:37:00,21,Cooking Oil,1,297.5,Grains & Staples,262,4,21,11
2251,88,2024-04-11,1900-01-01 21:37:00,21,Notebook,3,140.37,Stationery,127,4,21,11
2251,88,2024-04-11,1900-01-01 21:37:00,21,Diapers,2,383.49,Baby Care,637,4,21,11
2251,88,2024-04-11,1900-01-01 21:37:00,21,Baby Food,2,240.54,Baby Care,920,4,21,11
2251,88,2024-04-11,1900-01-01 21:37:00,21,Banana,2,308.78,Fruits & Vegetables,836,4,21,11
2252,294,2024-07-19,1900-01-01 15:10:00,15,Diapers,1,455.49,Baby Care,623,7,15,19
2252,294,2024-07-19,1900-01-01 15:10:00,15,Bread,1,175.87,Bakery,884,7,15,19
2252,294,2024-07-19,1900-01-01 15:10:00,15,Fiction Book,2,161.99,Books,614,7,15,19
2252,294,2024-07-19,1900-01-01 15:10:00,15,Baby Food,3,133.07,Baby Care,346,7,15,19
2252,294,2024-07-19,1900-01-01 15:10:00,15,Shirt,3,66.12,Clothing,239,7,15,19
2253,500,2024-09-22,1900-01-01 15:09:00,15,Biscuits,2,464.21,Snacks,553,9,15,22
2253,500,2024-09-22,1900-01-01 15:09:00,15,Banana,1,139.61,Fruits & Vegetables,497,9,15,22
2253,500,2024-09-22,1900-01-01 15:09:00,15,Chips,3,428.32,Snacks,568,9,15,22
2253,500,2024-09-22,1900-01-01 15:09:00,15,Mixer Grinder,2,126.78,Electronics,667,9,15,22
2253,500,2024-09-22,1900-01-01 15:09:00,15,Phone Cover,1,455.13,Electronics,934,9,15,22
2254,159,2024-11-28,1900-01-01 09:55:00,9,Earphones,3,173.04,Electronics,606,11,9,28
2254,159,2024-11-28,1900-01-01 09:55:00,9,Pasta,2,237.37,Grains & Staples,800,11,9,28
2254,159,2024-11-28,1900-01-01 09:55:00,9,Charger,2,196.79,Electronics,449,11,9,28
2254,159,2024-11-28,1900-01-01 09:55:00,9,Shirt,3,352.56,Clothing,188,11,9,28
2254,159,2024-11-28,1900-01-01 09:55:00,9,Fiction Book,3,364.32,Books,952,11,9,28
2254,159,2024-11-28,1900-01-01 09:55:00,9,Bread,3,99.91,Bakery,507,11,9,28
2255,367,2024-03-31,1900-01-01 20:05:00,20,Lentils,2,19.43,Grains & Staples,397,3,20,31
2255,367,2024-03-31,1900-01-01 20:05:00,20,Notebook,1,91.05,Stationery,825,3,20,31
2255,367,2024-03-31,1900-01-01 20:05:00,20,Chips,1,116.0,Snacks,217,3,20,31
2255,367,2024-03-31,1900-01-01 20:05:00,20,Wheat Flour,2,221.72,Grains & Staples,208,3,20,31
2255,367,2024-03-31,1900-01-01 20:05:00,20,Saree,1,310.21,Clothing,576,3,20,31
2255,367,2024-03-31,1900-01-01 20:05:00,20,Educational Book,3,409.02,Books,723,3,20,31
2255,367,2024-03-31,1900-01-01 20:05:00,20,Dress,2,121.5,Clothing,526,3,20,31
2256,187,2024-07-07,1900-01-01 10:57:00,10,Vitamins,2,233.22,Health & Wellness,750,7,10,7
2256,187,2024-07-07,1900-01-01 10:57:00,10,Spinach,2,59.55,Fruits & Vegetables,963,7,10,7
2256,187,2024-07-07,1900-01-01 10:57:00,10,Prawns,2,90.96,Meat & Seafood,986,7,10,7
2256,187,2024-07-07,1900-01-01 10:57:00,10,Coffee,3,381.63,Beverages,164,7,10,7
2256,187,2024-07-07,1900-01-01 10:57:00,10,Popcorn,1,161.82,Snacks,450,7,10,7
2257,429,2024-04-14,1900-01-01 07:17:00,7,Onion,3,44.27,Fruits & Vegetables,764,4,7,14
2257,429,2024-04-14,1900-01-01 07:17:00,7,Banana,1,312.32,Fruits & Vegetables,898,4,7,14
2257,429,2024-04-14,1900-01-01 07:17:00,7,Juice,1,146.32,Beverages,204,4,7,14
2257,429,2024-04-14,1900-01-01 07:17:00,7,Orange,2,164.84,Fruits & Vegetables,965,4,7,14
2257,429,2024-04-14,1900-01-01 07:17:00,7,Mixer Grinder,1,106.3,Electronics,806,4,7,14
2257,429,2024-04-14,1900-01-01 07:17:00,7,Detergent,3,94.17,Household,337,4,7,14
2258,217,2024-08-11,1900-01-01 09:35:00,9,Shampoo,1,46.44,Personal Care,919,8,9,11
2258,217,2024-08-11,1900-01-01 09:35:00,9,Fish,3,219.01,Meat & Seafood,496,8,9,11
2258,217,2024-08-11,1900-01-01 09:35:00,9,Shirt,1,27.61,Clothing,650,8,9,11
2258,217,2024-08-11,1900-01-01 09:35:00,9,Jeans,1,252.1,Clothing,385,8,9,11
2259,411,2024-12-20,1900-01-01 13:57:00,13,Dress,3,239.34,Clothing,678,12,13,20
2259,411,2024-12-20,1900-01-01 13:57:00,13,Biscuits,1,131.86,Snacks,240,12,13,20
2259,411,2024-12-20,1900-01-01 13:57:00,13,Pen,3,21.55,Stationery,702,12,13,20
2259,411,2024-12-20,1900-01-01 13:57:00,13,Cookies,1,239.99,Bakery,623,12,13,20
2260,224,2024-04-25,1900-01-01 10:01:00,10,Cookies,2,100.82,Bakery,669,4,10,25
2260,224,2024-04-25,1900-01-01 10:01:00,10,Educational Book,2,385.31,Books,191,4,10,25
2260,224,2024-04-25,1900-01-01 10:01:00,10,Diapers,2,308.25,Baby Care,376,4,10,25
2260,224,2024-04-25,1900-01-01 10:01:00,10,Beef,2,471.09,Meat & Seafood,706,4,10,25
2260,224,2024-04-25,1900-01-01 10:01:00,10,Soda,2,103.35,Beverages,555,4,10,25
2260,224,2024-04-25,1900-01-01 10:01:00,10,Yogurt,1,486.27,Dairy & Eggs,506,4,10,25
2261,241,2024-11-28,1900-01-01 18:07:00,18,Croissant,1,293.24,Bakery,544,11,18,28
2261,241,2024-11-28,1900-01-01 18:07:00,18,Pasta,1,23.88,Grains & Staples,411,11,18,28
2261,241,2024-11-28,1900-01-01 18:07:00,18,Notebook,2,365.55,Stationery,140,11,18,28
2261,241,2024-11-28,1900-01-01 18:07:00,18,Rice,2,388.24,Grains & Staples,442,11,18,28
2261,241,2024-11-28,1900-01-01 18:07:00,18,Phone Cover,2,343.45,Electronics,172,11,18,28
2261,241,2024-11-28,1900-01-01 18:07:00,18,Tomato,2,91.37,Fruits & Vegetables,185,11,18,28
2261,241,2024-11-28,1900-01-01 18:07:00,18,Eggs,3,135.32,Dairy & Eggs,902,11,18,28
2262,435,2024-09-02,1900-01-01 11:12:00,11,Chicken Breast,1,315.83,Meat & Seafood,189,9,11,2
2262,435,2024-09-02,1900-01-01 11:12:00,11,Floor Cleaner,2,490.93,Household,168,9,11,2
2262,435,2024-09-02,1900-01-01 11:12:00,11,Phone Cover,2,435.57,Electronics,832,9,11,2
2262,435,2024-09-02,1900-01-01 11:12:00,11,Biscuits,2,481.72,Snacks,325,9,11,2
2262,435,2024-09-02,1900-01-01 11:12:00,11,Potato,1,149.75,Fruits & Vegetables,167,9,11,2
2263,424,2024-12-31,1900-01-01 21:33:00,21,Phone Cover,3,323.36,Electronics,296,12,21,31
2263,424,2024-12-31,1900-01-01 21:33:00,21,Detergent,1,102.32,Household,254,12,21,31
2263,424,2024-12-31,1900-01-01 21:33:00,21,Fish,1,331.38,Meat & Seafood,666,12,21,31
2263,424,2024-12-31,1900-01-01 21:33:00,21,Notebook,3,448.31,Stationery,195,12,21,31
2263,424,2024-12-31,1900-01-01 21:33:00,21,Milk,1,382.08,Dairy & Eggs,372,12,21,31
2263,424,2024-12-31,1900-01-01 21:33:00,21,Face Wash,3,487.33,Personal Care,117,12,21,31
2264,178,2024-02-05,1900-01-01 07:37:00,7,Onion,3,494.4,Fruits & Vegetables,248,2,7,5
2264,178,2024-02-05,1900-01-01 07:37:00,7,Spinach,3,471.11,Fruits & Vegetables,715,2,7,5
2264,178,2024-02-05,1900-01-01 07:37:00,7,Shampoo,3,251.46,Personal Care,623,2,7,5
2264,178,2024-02-05,1900-01-01 07:37:00,7,Sugar,1,190.32,Grains & Staples,970,2,7,5
2264,178,2024-02-05,1900-01-01 07:37:00,7,Face Wash,1,228.19,Personal Care,746,2,7,5
2264,178,2024-02-05,1900-01-01 07:37:00,7,Jeans,1,101.42,Clothing,448,2,7,5
2264,178,2024-02-05,1900-01-01 07:37:00,7,Potato,1,473.97,Fruits & Vegetables,708,2,7,5
2265,321,2024-02-28,1900-01-01 22:57:00,22,Vitamins,1,78.89,Health & Wellness,920,2,22,28
2265,321,2024-02-28,1900-01-01 22:57:00,22,Milk,3,371.63,Dairy & Eggs,494,2,22,28
2265,321,2024-02-28,1900-01-01 22:57:00,22,Rice,1,173.29,Grains & Staples,298,2,22,28
2265,321,2024-02-28,1900-01-01 22:57:00,22,Apple,1,273.71,Fruits & Vegetables,121,2,22,28
2265,321,2024-02-28,1900-01-01 22:57:00,22,Soda,3,179.53,Beverages,928,2,22,28
2266,227,2024-08-20,1900-01-01 06:46:00,6,Detergent,1,364.61,Household,153,8,6,20
2266,227,2024-08-20,1900-01-01 06:46:00,6,Rice,3,145.35,Grains & Staples,453,8,6,20
2266,227,2024-08-20,1900-01-01 06:46:00,6,Beef,1,153.89,Meat & Seafood,711,8,6,20
2266,227,2024-08-20,1900-01-01 06:46:00,6,Rice,2,10.9,Grains & Staples,260,8,6,20
2266,227,2024-08-20,1900-01-01 06:46:00,6,Prawns,3,66.78,Meat & Seafood,591,8,6,20
2266,227,2024-08-20,1900-01-01 06:46:00,6,Biscuits,1,276.62,Snacks,854,8,6,20
2266,227,2024-08-20,1900-01-01 06:46:00,6,Rice,2,60.26,Grains & Staples,334,8,6,20
2267,154,2024-10-07,1900-01-01 20:02:00,20,Pastry,1,87.39,Bakery,238,10,20,7
2267,154,2024-10-07,1900-01-01 20:02:00,20,Eggs,1,63.36,Dairy & Eggs,905,10,20,7
2267,154,2024-10-07,1900-01-01 20:02:00,20,Salt,2,68.18,Grains & Staples,154,10,20,7
2267,154,2024-10-07,1900-01-01 20:02:00,20,Spices,1,177.65,Grains & Staples,408,10,20,7
2268,52,2024-01-29,1900-01-01 14:37:00,14,Juice,1,25.22,Beverages,773,1,14,29
2268,52,2024-01-29,1900-01-01 14:37:00,14,Shoes,3,44.41,Footwear,905,1,14,29
2268,52,2024-01-29,1900-01-01 14:37:00,14,Fiction Book,1,251.63,Books,863,1,14,29
2268,52,2024-01-29,1900-01-01 14:37:00,14,Eggs,1,133.89,Dairy & Eggs,846,1,14,29
2269,447,2024-08-04,1900-01-01 18:15:00,18,Diapers,1,340.16,Baby Care,458,8,18,4
2269,447,2024-08-04,1900-01-01 18:15:00,18,Pasta,3,229.17,Grains & Staples,626,8,18,4
2269,447,2024-08-04,1900-01-01 18:15:00,18,Eggs,1,40.91,Dairy & Eggs,327,8,18,4
2270,22,2024-10-09,1900-01-01 09:54:00,9,Milk,3,430.34,Dairy & Eggs,863,10,9,9
2270,22,2024-10-09,1900-01-01 09:54:00,9,Cake,3,280.31,Bakery,904,10,9,9
2270,22,2024-10-09,1900-01-01 09:54:00,9,Sugar,2,64.51,Grains & Staples,809,10,9,9
2271,146,2024-12-01,1900-01-01 20:03:00,20,Electric Kettle,1,373.61,Electronics,685,12,20,1
2271,146,2024-12-01,1900-01-01 20:03:00,20,Milk,2,371.79,Dairy & Eggs,421,12,20,1
2271,146,2024-12-01,1900-01-01 20:03:00,20,Detergent,1,78.13,Household,918,12,20,1
2271,146,2024-12-01,1900-01-01 20:03:00,20,Soda,3,419.26,Beverages,214,12,20,1
2272,51,2024-12-23,1900-01-01 21:48:00,21,Cooking Oil,1,461.7,Grains & Staples,123,12,21,23
2272,51,2024-12-23,1900-01-01 21:48:00,21,Baby Food,3,222.11,Baby Care,896,12,21,23
2272,51,2024-12-23,1900-01-01 21:48:00,21,Juice,1,154.17,Beverages,319,12,21,23
2272,51,2024-12-23,1900-01-01 21:48:00,21,Onion,1,225.57,Fruits & Vegetables,914,12,21,23
2272,51,2024-12-23,1900-01-01 21:48:00,21,Pastry,2,434.01,Bakery,629,12,21,23
2272,51,2024-12-23,1900-01-01 21:48:00,21,Chicken Breast,3,292.44,Meat & Seafood,603,12,21,23
2272,51,2024-12-23,1900-01-01 21:48:00,21,Bread,2,49.44,Bakery,876,12,21,23
2273,72,2024-10-02,1900-01-01 08:35:00,8,Marker,1,443.74,Stationery,326,10,8,2
2273,72,2024-10-02,1900-01-01 08:35:00,8,Soap,2,471.64,Personal Care,897,10,8,2
2273,72,2024-10-02,1900-01-01 08:35:00,8,Onion,1,409.63,Fruits & Vegetables,960,10,8,2
2274,187,2024-03-26,1900-01-01 19:47:00,19,Milk,1,113.63,Dairy & Eggs,469,3,19,26
2274,187,2024-03-26,1900-01-01 19:47:00,19,Belt,2,337.03,Clothing Accessories,347,3,19,26
2274,187,2024-03-26,1900-01-01 19:47:00,19,Soda,3,254.61,Beverages,775,3,19,26
2274,187,2024-03-26,1900-01-01 19:47:00,19,Sugar,2,319.19,Grains & Staples,191,3,19,26
2275,262,2024-12-18,1900-01-01 15:46:00,15,Phone Cover,2,256.33,Electronics,974,12,15,18
2275,262,2024-12-18,1900-01-01 15:46:00,15,Coffee,3,162.15,Beverages,126,12,15,18
2275,262,2024-12-18,1900-01-01 15:46:00,15,Cake,1,435.06,Bakery,314,12,15,18
2275,262,2024-12-18,1900-01-01 15:46:00,15,Dishwashing Liquid,1,384.79,Household,796,12,15,18
2275,262,2024-12-18,1900-01-01 15:46:00,15,Beef,3,290.88,Meat & Seafood,210,12,15,18
2276,334,2024-06-13,1900-01-01 20:49:00,20,Pain Reliever,1,372.71,Health & Wellness,137,6,20,13
2276,334,2024-06-13,1900-01-01 20:49:00,20,Beef,2,295.49,Meat & Seafood,106,6,20,13
2276,334,2024-06-13,1900-01-01 20:49:00,20,Mixer Grinder,3,112.04,Electronics,556,6,20,13
2276,334,2024-06-13,1900-01-01 20:49:00,20,Pain Reliever,1,93.57,Health & Wellness,130,6,20,13
2276,334,2024-06-13,1900-01-01 20:49:00,20,Coffee,2,174.48,Beverages,275,6,20,13
2276,334,2024-06-13,1900-01-01 20:49:00,20,Electric Kettle,3,289.11,Electronics,998,6,20,13
2276,334,2024-06-13,1900-01-01 20:49:00,20,Onion,2,102.17,Fruits & Vegetables,185,6,20,13
2277,115,2024-10-18,1900-01-01 10:17:00,10,Spices,2,254.25,Grains & Staples,439,10,10,18
2277,115,2024-10-18,1900-01-01 10:17:00,10,Phone Cover,3,212.59,Electronics,460,10,10,18
2277,115,2024-10-18,1900-01-01 10:17:00,10,Tomato,3,60.39,Fruits & Vegetables,588,10,10,18
2277,115,2024-10-18,1900-01-01 10:17:00,10,Saree,1,235.3,Clothing,283,10,10,18
2278,449,2024-08-24,1900-01-01 14:18:00,14,Banana,3,392.44,Fruits & Vegetables,845,8,14,24
2278,449,2024-08-24,1900-01-01 14:18:00,14,Charger,2,295.45,Electronics,223,8,14,24
2278,449,2024-08-24,1900-01-01 14:18:00,14,Fish,3,477.17,Meat & Seafood,789,8,14,24
2278,449,2024-08-24,1900-01-01 14:18:00,14,Potato,3,481.43,Fruits & Vegetables,345,8,14,24
2278,449,2024-08-24,1900-01-01 14:18:00,14,Eggs,3,266.3,Dairy & Eggs,981,8,14,24
2278,449,2024-08-24,1900-01-01 14:18:00,14,Soda,1,77.96,Beverages,667,8,14,24
2279,269,2024-07-17,1900-01-01 09:56:00,9,Cookies,3,93.38,Bakery,130,7,9,17
2279,269,2024-07-17,1900-01-01 09:56:00,9,Energy Drink,3,330.13,Beverages,695,7,9,17
2279,269,2024-07-17,1900-01-01 09:56:00,9,Electric Kettle,3,450.97,Electronics,368,7,9,17
2279,269,2024-07-17,1900-01-01 09:56:00,9,Spices,3,185.94,Grains & Staples,509,7,9,17
2280,447,2024-01-29,1900-01-01 15:47:00,15,Toothpaste,1,261.76,Personal Care,918,1,15,29
2280,447,2024-01-29,1900-01-01 15:47:00,15,Face Wash,2,210.96,Personal Care,272,1,15,29
2280,447,2024-01-29,1900-01-01 15:47:00,15,Cake,3,430.62,Bakery,219,1,15,29
2280,447,2024-01-29,1900-01-01 15:47:00,15,Chocolate,1,117.22,Snacks,258,1,15,29
2280,447,2024-01-29,1900-01-01 15:47:00,15,Toothpaste,2,464.23,Personal Care,879,1,15,29
2280,447,2024-01-29,1900-01-01 15:47:00,15,Baby Food,1,419.65,Baby Care,233,1,15,29
2281,128,2024-10-26,1900-01-01 15:55:00,15,Vitamins,1,52.97,Health & Wellness,177,10,15,26
2281,128,2024-10-26,1900-01-01 15:55:00,15,Toothpaste,1,328.17,Personal Care,427,10,15,26
2281,128,2024-10-26,1900-01-01 15:55:00,15,Shoes,2,16.01,Footwear,512,10,15,26
2281,128,2024-10-26,1900-01-01 15:55:00,15,Potato,2,438.1,Fruits & Vegetables,370,10,15,26
2281,128,2024-10-26,1900-01-01 15:55:00,15,Diapers,3,480.96,Baby Care,113,10,15,26
2282,118,2024-11-12,1900-01-01 22:59:00,22,Energy Drink,1,292.26,Beverages,983,11,22,12
2282,118,2024-11-12,1900-01-01 22:59:00,22,Shirt,3,334.02,Clothing,712,11,22,12
2282,118,2024-11-12,1900-01-01 22:59:00,22,Onion,3,296.6,Fruits & Vegetables,755,11,22,12
2283,166,2024-08-22,1900-01-01 19:30:00,19,Croissant,1,315.04,Bakery,585,8,19,22
2283,166,2024-08-22,1900-01-01 19:30:00,19,Pasta,3,31.88,Grains & Staples,324,8,19,22
2283,166,2024-08-22,1900-01-01 19:30:00,19,Spinach,1,399.79,Fruits & Vegetables,183,8,19,22
2283,166,2024-08-22,1900-01-01 19:30:00,19,Chicken Breast,1,452.46,Meat & Seafood,338,8,19,22
2283,166,2024-08-22,1900-01-01 19:30:00,19,Fiction Book,3,406.24,Books,805,8,19,22
2283,166,2024-08-22,1900-01-01 19:30:00,19,Chips,2,64.41,Snacks,152,8,19,22
2284,194,2024-12-20,1900-01-01 14:27:00,14,Milk,1,170.48,Dairy & Eggs,501,12,14,20
2284,194,2024-12-20,1900-01-01 14:27:00,14,Electric Kettle,3,332.76,Electronics,170,12,14,20
2284,194,2024-12-20,1900-01-01 14:27:00,14,Charger,3,51.33,Electronics,847,12,14,20
2284,194,2024-12-20,1900-01-01 14:27:00,14,Earphones,3,354.98,Electronics,246,12,14,20
2284,194,2024-12-20,1900-01-01 14:27:00,14,Earphones,2,251.76,Electronics,286,12,14,20
2284,194,2024-12-20,1900-01-01 14:27:00,14,Vitamins,3,100.88,Health & Wellness,983,12,14,20
2285,133,2024-02-17,1900-01-01 13:22:00,13,Electric Kettle,1,247.23,Electronics,702,2,13,17
2285,133,2024-02-17,1900-01-01 13:22:00,13,Chocolate,2,244.16,Snacks,121,2,13,17
2285,133,2024-02-17,1900-01-01 13:22:00,13,Cooking Oil,1,183.1,Grains & Staples,557,2,13,17
2285,133,2024-02-17,1900-01-01 13:22:00,13,Bread,2,269.43,Bakery,667,2,13,17
2285,133,2024-02-17,1900-01-01 13:22:00,13,Shampoo,2,493.46,Personal Care,241,2,13,17
2285,133,2024-02-17,1900-01-01 13:22:00,13,Tomato,2,496.78,Fruits & Vegetables,937,2,13,17
2285,133,2024-02-17,1900-01-01 13:22:00,13,Beef,1,162.12,Meat & Seafood,121,2,13,17
2286,214,2024-12-26,1900-01-01 12:05:00,12,Tomato,3,410.78,Fruits & Vegetables,276,12,12,26
2286,214,2024-12-26,1900-01-01 12:05:00,12,Potato,3,332.12,Fruits & Vegetables,442,12,12,26
2286,214,2024-12-26,1900-01-01 12:05:00,12,Cooking Oil,1,87.23,Grains & Staples,357,12,12,26
2286,214,2024-12-26,1900-01-01 12:05:00,12,Popcorn,2,412.43,Snacks,849,12,12,26
2286,214,2024-12-26,1900-01-01 12:05:00,12,Pastry,1,387.7,Bakery,664,12,12,26
2286,214,2024-12-26,1900-01-01 12:05:00,12,Tea,3,169.18,Beverages,248,12,12,26
2286,214,2024-12-26,1900-01-01 12:05:00,12,Shoes,1,263.11,Footwear,307,12,12,26
2287,278,2024-03-03,1900-01-01 11:00:00,11,Earphones,3,229.62,Electronics,280,3,11,3
2287,278,2024-03-03,1900-01-01 11:00:00,11,Vitamins,3,344.24,Health & Wellness,440,3,11,3
2287,278,2024-03-03,1900-01-01 11:00:00,11,Saree,1,54.6,Clothing,602,3,11,3
2287,278,2024-03-03,1900-01-01 11:00:00,11,Jeans,2,12.25,Clothing,587,3,11,3
2287,278,2024-03-03,1900-01-01 11:00:00,11,Cookies,2,96.72,Bakery,282,3,11,3
2287,278,2024-03-03,1900-01-01 11:00:00,11,Educational Book,2,54.46,Books,227,3,11,3
2287,278,2024-03-03,1900-01-01 11:00:00,11,Rice,2,13.02,Grains & Staples,825,3,11,3
2288,262,2024-04-08,1900-01-01 13:25:00,13,Yogurt,2,484.52,Dairy & Eggs,173,4,13,8
2288,262,2024-04-08,1900-01-01 13:25:00,13,Pain Reliever,1,279.47,Health & Wellness,880,4,13,8
2288,262,2024-04-08,1900-01-01 13:25:00,13,Electric Kettle,3,106.99,Electronics,639,4,13,8
2289,69,2024-12-21,1900-01-01 16:47:00,16,Electric Kettle,3,373.5,Electronics,930,12,16,21
2289,69,2024-12-21,1900-01-01 16:47:00,16,Saree,3,135.19,Clothing,702,12,16,21
2289,69,2024-12-21,1900-01-01 16:47:00,16,Electric Kettle,1,248.25,Electronics,460,12,16,21
2289,69,2024-12-21,1900-01-01 16:47:00,16,Biscuits,3,244.99,Snacks,660,12,16,21
2289,69,2024-12-21,1900-01-01 16:47:00,16,Prawns,3,483.44,Meat & Seafood,183,12,16,21
2289,69,2024-12-21,1900-01-01 16:47:00,16,Pastry,1,60.44,Bakery,974,12,16,21
2289,69,2024-12-21,1900-01-01 16:47:00,16,Pain Reliever,3,428.12,Health & Wellness,883,12,16,21
2290,125,2024-11-25,1900-01-01 17:29:00,17,Sugar,3,463.3,Grains & Staples,959,11,17,25
2290,125,2024-11-25,1900-01-01 17:29:00,17,Salt,2,413.2,Grains & Staples,441,11,17,25
2290,125,2024-11-25,1900-01-01 17:29:00,17,Wheat Flour,3,341.23,Grains & Staples,147,11,17,25
2290,125,2024-11-25,1900-01-01 17:29:00,17,Soda,2,140.61,Beverages,514,11,17,25
2290,125,2024-11-25,1900-01-01 17:29:00,17,Onion,2,205.69,Fruits & Vegetables,718,11,17,25
2291,373,2024-05-23,1900-01-01 17:40:00,17,Tissue,3,422.8,Household,418,5,17,23
2291,373,2024-05-23,1900-01-01 17:40:00,17,Prawns,1,261.29,Meat & Seafood,507,5,17,23
2291,373,2024-05-23,1900-01-01 17:40:00,17,Belt,1,61.29,Clothing Accessories,239,5,17,23
2291,373,2024-05-23,1900-01-01 17:40:00,17,Orange,3,293.28,Fruits & Vegetables,221,5,17,23
2291,373,2024-05-23,1900-01-01 17:40:00,17,Toothpaste,2,126.31,Personal Care,428,5,17,23
2291,373,2024-05-23,1900-01-01 17:40:00,17,Croissant,1,464.82,Bakery,742,5,17,23
2291,373,2024-05-23,1900-01-01 17:40:00,17,Dishwashing Liquid,3,212.69,Household,170,5,17,23
2292,108,2024-07-06,1900-01-01 15:15:00,15,Prawns,1,208.68,Meat & Seafood,369,7,15,6
2292,108,2024-07-06,1900-01-01 15:15:00,15,Notebook,1,327.87,Stationery,868,7,15,6
2292,108,2024-07-06,1900-01-01 15:15:00,15,Chips,3,233.67,Snacks,883,7,15,6
2292,108,2024-07-06,1900-01-01 15:15:00,15,Detergent,3,371.6,Household,209,7,15,6
2292,108,2024-07-06,1900-01-01 15:15:00,15,Potato,1,424.85,Fruits & Vegetables,662,7,15,6
2293,126,2024-11-09,1900-01-01 06:43:00,6,Jeans,2,391.21,Clothing,417,11,6,9
2293,126,2024-11-09,1900-01-01 06:43:00,6,Marker,1,78.22,Stationery,546,11,6,9
2293,126,2024-11-09,1900-01-01 06:43:00,6,Chips,1,361.63,Snacks,328,11,6,9
2293,126,2024-11-09,1900-01-01 06:43:00,6,Floor Cleaner,3,243.93,Household,877,11,6,9
2293,126,2024-11-09,1900-01-01 06:43:00,6,Onion,1,158.31,Fruits & Vegetables,282,11,6,9
2293,126,2024-11-09,1900-01-01 06:43:00,6,Pain Reliever,3,333.57,Health & Wellness,830,11,6,9
2294,498,2024-01-17,1900-01-01 18:53:00,18,Notebook,1,400.79,Stationery,463,1,18,17
2294,498,2024-01-17,1900-01-01 18:53:00,18,Vitamins,2,49.47,Health & Wellness,352,1,18,17
2294,498,2024-01-17,1900-01-01 18:53:00,18,Notebook,2,124.56,Stationery,111,1,18,17
2294,498,2024-01-17,1900-01-01 18:53:00,18,Cheese,1,77.02,Dairy & Eggs,355,1,18,17
2295,394,2024-09-24,1900-01-01 18:32:00,18,Electric Kettle,2,60.41,Electronics,205,9,18,24
2295,394,2024-09-24,1900-01-01 18:32:00,18,Popcorn,3,116.76,Snacks,157,9,18,24
2295,394,2024-09-24,1900-01-01 18:32:00,18,Chips,1,414.47,Snacks,941,9,18,24
2295,394,2024-09-24,1900-01-01 18:32:00,18,Popcorn,1,428.96,Snacks,752,9,18,24
2295,394,2024-09-24,1900-01-01 18:32:00,18,Fiction Book,1,179.5,Books,903,9,18,24
2295,394,2024-09-24,1900-01-01 18:32:00,18,Eggs,3,393.32,Dairy & Eggs,158,9,18,24
2296,144,2024-05-08,1900-01-01 19:24:00,19,Notebook,3,436.86,Stationery,841,5,19,8
2296,144,2024-05-08,1900-01-01 19:24:00,19,Dishwashing Liquid,2,47.27,Household,259,5,19,8
2296,144,2024-05-08,1900-01-01 19:24:00,19,Wheat Flour,2,354.98,Grains & Staples,397,5,19,8
2296,144,2024-05-08,1900-01-01 19:24:00,19,Shampoo,2,250.32,Personal Care,962,5,19,8
2296,144,2024-05-08,1900-01-01 19:24:00,19,Pain Reliever,1,498.11,Health & Wellness,612,5,19,8
2297,298,2024-05-06,1900-01-01 13:56:00,13,Vitamins,3,349.47,Health & Wellness,790,5,13,6
2297,298,2024-05-06,1900-01-01 13:56:00,13,Dishwashing Liquid,3,235.55,Household,360,5,13,6
2297,298,2024-05-06,1900-01-01 13:56:00,13,Croissant,1,465.14,Bakery,918,5,13,6
2297,298,2024-05-06,1900-01-01 13:56:00,13,Rice,1,367.32,Grains & Staples,997,5,13,6
2298,253,2024-12-01,1900-01-01 16:00:00,16,Rice,2,494.12,Grains & Staples,230,12,16,1
2298,253,2024-12-01,1900-01-01 16:00:00,16,Pasta,1,477.31,Grains & Staples,355,12,16,1
2298,253,2024-12-01,1900-01-01 16:00:00,16,Juice,1,184.49,Beverages,681,12,16,1
2298,253,2024-12-01,1900-01-01 16:00:00,16,Popcorn,1,244.67,Snacks,312,12,16,1
2298,253,2024-12-01,1900-01-01 16:00:00,16,Marker,1,469.39,Stationery,901,12,16,1
2299,283,2024-05-29,1900-01-01 20:38:00,20,Baby Food,3,420.92,Baby Care,404,5,20,29
2299,283,2024-05-29,1900-01-01 20:38:00,20,Croissant,3,351.93,Bakery,412,5,20,29
2299,283,2024-05-29,1900-01-01 20:38:00,20,Detergent,3,111.63,Household,856,5,20,29
2300,29,2024-06-17,1900-01-01 13:40:00,13,Carrot,2,188.16,Fruits & Vegetables,721,6,13,17
2300,29,2024-06-17,1900-01-01 13:40:00,13,Tea,1,361.56,Beverages,464,6,13,17
2300,29,2024-06-17,1900-01-01 13:40:00,13,Cookies,2,232.82,Bakery,863,6,13,17
2301,284,2024-08-13,1900-01-01 14:02:00,14,Butter,2,139.51,Dairy & Eggs,427,8,14,13
2301,284,2024-08-13,1900-01-01 14:02:00,14,Onion,2,222.66,Fruits & Vegetables,242,8,14,13
2301,284,2024-08-13,1900-01-01 14:02:00,14,Mixer Grinder,2,458.39,Electronics,835,8,14,13
2301,284,2024-08-13,1900-01-01 14:02:00,14,Apple,2,421.14,Fruits & Vegetables,790,8,14,13
2301,284,2024-08-13,1900-01-01 14:02:00,14,Chips,3,498.81,Snacks,722,8,14,13
2301,284,2024-08-13,1900-01-01 14:02:00,14,Croissant,3,70.57,Bakery,799,8,14,13
2301,284,2024-08-13,1900-01-01 14:02:00,14,Rice,1,181.91,Grains & Staples,163,8,14,13
2302,482,2024-03-27,1900-01-01 16:34:00,16,Chocolate,1,87.89,Snacks,865,3,16,27
2302,482,2024-03-27,1900-01-01 16:34:00,16,Toothpaste,1,191.8,Personal Care,516,3,16,27
2302,482,2024-03-27,1900-01-01 16:34:00,16,Spinach,2,45.1,Fruits & Vegetables,791,3,16,27
2302,482,2024-03-27,1900-01-01 16:34:00,16,Carrot,1,301.8,Fruits & Vegetables,740,3,16,27
2303,368,2024-03-01,1900-01-01 13:28:00,13,Dress,1,86.91,Clothing,329,3,13,1
2303,368,2024-03-01,1900-01-01 13:28:00,13,Pastry,3,479.69,Bakery,279,3,13,1
2303,368,2024-03-01,1900-01-01 13:28:00,13,Eggs,2,494.26,Dairy & Eggs,735,3,13,1
2303,368,2024-03-01,1900-01-01 13:28:00,13,Mixer Grinder,1,180.58,Electronics,222,3,13,1
2303,368,2024-03-01,1900-01-01 13:28:00,13,Coffee,2,182.53,Beverages,169,3,13,1
2303,368,2024-03-01,1900-01-01 13:28:00,13,Tea,3,18.51,Beverages,521,3,13,1
2304,440,2024-08-06,1900-01-01 13:48:00,13,Salt,3,271.2,Grains & Staples,740,8,13,6
2304,440,2024-08-06,1900-01-01 13:48:00,13,Bread,1,373.14,Bakery,134,8,13,6
2304,440,2024-08-06,1900-01-01 13:48:00,13,Energy Drink,1,435.0,Beverages,101,8,13,6
2305,246,2024-03-09,1900-01-01 21:05:00,21,Floor Cleaner,1,276.89,Household,126,3,21,9
2305,246,2024-03-09,1900-01-01 21:05:00,21,Jeans,1,93.44,Clothing,416,3,21,9
2305,246,2024-03-09,1900-01-01 21:05:00,21,Diapers,2,10.56,Baby Care,223,3,21,9
2305,246,2024-03-09,1900-01-01 21:05:00,21,Shoes,3,98.24,Footwear,102,3,21,9
2306,394,2024-12-26,1900-01-01 15:59:00,15,Banana,1,49.11,Fruits & Vegetables,511,12,15,26
2306,394,2024-12-26,1900-01-01 15:59:00,15,Dishwashing Liquid,3,308.86,Household,632,12,15,26
2306,394,2024-12-26,1900-01-01 15:59:00,15,Eggs,3,499.71,Dairy & Eggs,679,12,15,26
2307,371,2024-01-08,1900-01-01 07:13:00,7,Salt,1,401.62,Grains & Staples,645,1,7,8
2307,371,2024-01-08,1900-01-01 07:13:00,7,Soap,3,82.79,Personal Care,858,1,7,8
2307,371,2024-01-08,1900-01-01 07:13:00,7,Mixer Grinder,3,299.36,Electronics,511,1,7,8
2308,66,2024-07-27,1900-01-01 07:30:00,7,Cooking Oil,3,435.65,Grains & Staples,593,7,7,27
2308,66,2024-07-27,1900-01-01 07:30:00,7,Cookies,3,409.27,Bakery,206,7,7,27
2308,66,2024-07-27,1900-01-01 07:30:00,7,Shoes,2,268.06,Footwear,583,7,7,27
2309,415,2024-07-30,1900-01-01 09:25:00,9,Cooking Oil,2,267.94,Grains & Staples,417,7,9,30
2309,415,2024-07-30,1900-01-01 09:25:00,9,Spinach,3,253.17,Fruits & Vegetables,281,7,9,30
2309,415,2024-07-30,1900-01-01 09:25:00,9,Detergent,2,420.26,Household,295,7,9,30
2309,415,2024-07-30,1900-01-01 09:25:00,9,Shampoo,2,289.41,Personal Care,404,7,9,30
2309,415,2024-07-30,1900-01-01 09:25:00,9,Lentils,3,288.34,Grains & Staples,991,7,9,30
2309,415,2024-07-30,1900-01-01 09:25:00,9,Cookies,3,352.53,Bakery,851,7,9,30
2309,415,2024-07-30,1900-01-01 09:25:00,9,Charger,1,235.23,Electronics,790,7,9,30
2310,73,2024-12-26,1900-01-01 11:43:00,11,Toilet Paper,1,202.53,Household,812,12,11,26
2310,73,2024-12-26,1900-01-01 11:43:00,11,Milk,3,400.37,Dairy & Eggs,414,12,11,26
2310,73,2024-12-26,1900-01-01 11:43:00,11,Tomato,2,323.27,Fruits & Vegetables,402,12,11,26
2310,73,2024-12-26,1900-01-01 11:43:00,11,Pastry,1,125.97,Bakery,981,12,11,26
2310,73,2024-12-26,1900-01-01 11:43:00,11,Bread,1,36.18,Bakery,143,12,11,26
2310,73,2024-12-26,1900-01-01 11:43:00,11,Biscuits,3,465.26,Snacks,657,12,11,26
2311,307,2024-03-28,1900-01-01 21:04:00,21,Floor Cleaner,3,100.11,Household,806,3,21,28
2311,307,2024-03-28,1900-01-01 21:04:00,21,Cooking Oil,2,327.21,Grains & Staples,850,3,21,28
2311,307,2024-03-28,1900-01-01 21:04:00,21,Wheat Flour,1,229.26,Grains & Staples,804,3,21,28
2311,307,2024-03-28,1900-01-01 21:04:00,21,Croissant,1,401.66,Bakery,369,3,21,28
2311,307,2024-03-28,1900-01-01 21:04:00,21,Apple,1,171.33,Fruits & Vegetables,322,3,21,28
2311,307,2024-03-28,1900-01-01 21:04:00,21,Popcorn,1,241.27,Snacks,948,3,21,28
2312,5,2024-01-10,1900-01-01 21:26:00,21,Spinach,1,48.95,Fruits & Vegetables,270,1,21,10
2312,5,2024-01-10,1900-01-01 21:26:00,21,Salt,1,67.94,Grains & Staples,243,1,21,10
2312,5,2024-01-10,1900-01-01 21:26:00,21,Butter,2,221.13,Dairy & Eggs,807,1,21,10
2312,5,2024-01-10,1900-01-01 21:26:00,21,Cheese,1,279.04,Dairy & Eggs,552,1,21,10
2312,5,2024-01-10,1900-01-01 21:26:00,21,Biscuits,3,48.19,Snacks,977,1,21,10
2312,5,2024-01-10,1900-01-01 21:26:00,21,Apple,2,230.88,Fruits & Vegetables,139,1,21,10
2312,5,2024-01-10,1900-01-01 21:26:00,21,Vitamins,1,209.1,Health & Wellness,996,1,21,10
2313,363,2024-10-12,1900-01-01 11:03:00,11,Orange,3,186.76,Fruits & Vegetables,606,10,11,12
2313,363,2024-10-12,1900-01-01 11:03:00,11,Chocolate,3,311.52,Snacks,803,10,11,12
2313,363,2024-10-12,1900-01-01 11:03:00,11,Chicken Breast,2,397.57,Meat & Seafood,784,10,11,12
2313,363,2024-10-12,1900-01-01 11:03:00,11,Shirt,2,113.72,Clothing,857,10,11,12
2313,363,2024-10-12,1900-01-01 11:03:00,11,Salt,2,270.46,Grains & Staples,588,10,11,12
2313,363,2024-10-12,1900-01-01 11:03:00,11,Toilet Paper,1,324.37,Household,418,10,11,12
2314,373,2024-09-09,1900-01-01 14:31:00,14,Carrot,1,271.28,Fruits & Vegetables,483,9,14,9
2314,373,2024-09-09,1900-01-01 14:31:00,14,Earphones,1,462.43,Electronics,896,9,14,9
2314,373,2024-09-09,1900-01-01 14:31:00,14,Tissue,2,199.14,Household,278,9,14,9
2314,373,2024-09-09,1900-01-01 14:31:00,14,Fish,3,365.59,Meat & Seafood,751,9,14,9
2314,373,2024-09-09,1900-01-01 14:31:00,14,Detergent,2,461.61,Household,957,9,14,9
2314,373,2024-09-09,1900-01-01 14:31:00,14,Charger,2,422.57,Electronics,427,9,14,9
2315,40,2024-12-08,1900-01-01 07:08:00,7,Charger,3,493.36,Electronics,351,12,7,8
2315,40,2024-12-08,1900-01-01 07:08:00,7,Cake,2,395.11,Bakery,866,12,7,8
2315,40,2024-12-08,1900-01-01 07:08:00,7,Juice,2,454.19,Beverages,255,12,7,8
2315,40,2024-12-08,1900-01-01 07:08:00,7,Cooking Oil,2,294.64,Grains & Staples,286,12,7,8
2315,40,2024-12-08,1900-01-01 07:08:00,7,Cake,2,462.0,Bakery,718,12,7,8
2315,40,2024-12-08,1900-01-01 07:08:00,7,Orange,3,144.76,Fruits & Vegetables,500,12,7,8
2316,116,2024-10-26,1900-01-01 16:05:00,16,Potato,2,497.89,Fruits & Vegetables,443,10,16,26
2316,116,2024-10-26,1900-01-01 16:05:00,16,Butter,2,401.46,Dairy & Eggs,248,10,16,26
2316,116,2024-10-26,1900-01-01 16:05:00,16,Charger,3,331.11,Electronics,535,10,16,26
2316,116,2024-10-26,1900-01-01 16:05:00,16,Charger,3,64.39,Electronics,723,10,16,26
2316,116,2024-10-26,1900-01-01 16:05:00,16,Cookies,3,231.1,Bakery,981,10,16,26
2316,116,2024-10-26,1900-01-01 16:05:00,16,Potato,1,367.27,Fruits & Vegetables,791,10,16,26
2316,116,2024-10-26,1900-01-01 16:05:00,16,Sugar,2,220.48,Grains & Staples,505,10,16,26
2317,23,2024-10-25,1900-01-01 11:50:00,11,Eggs,3,85.79,Dairy & Eggs,824,10,11,25
2317,23,2024-10-25,1900-01-01 11:50:00,11,Wheat Flour,2,337.8,Grains & Staples,811,10,11,25
2317,23,2024-10-25,1900-01-01 11:50:00,11,Diapers,3,54.06,Baby Care,981,10,11,25
2317,23,2024-10-25,1900-01-01 11:50:00,11,Prawns,1,65.76,Meat & Seafood,591,10,11,25
2318,293,2024-09-05,1900-01-01 14:35:00,14,Tomato,1,346.82,Fruits & Vegetables,715,9,14,5
2318,293,2024-09-05,1900-01-01 14:35:00,14,Tomato,3,391.45,Fruits & Vegetables,926,9,14,5
2318,293,2024-09-05,1900-01-01 14:35:00,14,Face Wash,3,80.99,Personal Care,977,9,14,5
2318,293,2024-09-05,1900-01-01 14:35:00,14,Pasta,1,453.67,Grains & Staples,124,9,14,5
2319,450,2024-08-07,1900-01-01 15:25:00,15,Cake,1,325.94,Bakery,366,8,15,7
2319,450,2024-08-07,1900-01-01 15:25:00,15,Cake,3,123.08,Bakery,767,8,15,7
2319,450,2024-08-07,1900-01-01 15:25:00,15,Floor Cleaner,2,361.84,Household,536,8,15,7
2319,450,2024-08-07,1900-01-01 15:25:00,15,Eggs,1,227.61,Dairy & Eggs,297,8,15,7
2319,450,2024-08-07,1900-01-01 15:25:00,15,Spinach,2,395.75,Fruits & Vegetables,166,8,15,7
2319,450,2024-08-07,1900-01-01 15:25:00,15,Cookies,3,307.91,Bakery,708,8,15,7
2320,270,2024-03-21,1900-01-01 21:50:00,21,Pen,1,132.44,Stationery,874,3,21,21
2320,270,2024-03-21,1900-01-01 21:50:00,21,Notebook,1,111.35,Stationery,271,3,21,21
2320,270,2024-03-21,1900-01-01 21:50:00,21,Saree,3,432.65,Clothing,615,3,21,21
2320,270,2024-03-21,1900-01-01 21:50:00,21,Potato,2,247.7,Fruits & Vegetables,151,3,21,21
2320,270,2024-03-21,1900-01-01 21:50:00,21,Vitamins,2,422.65,Health & Wellness,912,3,21,21
2321,427,2024-04-20,1900-01-01 14:48:00,14,Belt,1,244.12,Clothing Accessories,323,4,14,20
2321,427,2024-04-20,1900-01-01 14:48:00,14,Toothpaste,2,294.68,Personal Care,717,4,14,20
2321,427,2024-04-20,1900-01-01 14:48:00,14,Belt,3,315.34,Clothing Accessories,631,4,14,20
2321,427,2024-04-20,1900-01-01 14:48:00,14,Pasta,1,21.11,Grains & Staples,670,4,14,20
2321,427,2024-04-20,1900-01-01 14:48:00,14,Phone Cover,2,59.94,Electronics,377,4,14,20
2322,373,2024-03-21,1900-01-01 16:37:00,16,Soap,2,18.68,Personal Care,233,3,16,21
2322,373,2024-03-21,1900-01-01 16:37:00,16,Energy Drink,1,129.26,Beverages,263,3,16,21
2322,373,2024-03-21,1900-01-01 16:37:00,16,Popcorn,2,173.39,Snacks,226,3,16,21
2322,373,2024-03-21,1900-01-01 16:37:00,16,Detergent,1,312.3,Household,113,3,16,21
2322,373,2024-03-21,1900-01-01 16:37:00,16,Mixer Grinder,3,495.94,Electronics,279,3,16,21
2322,373,2024-03-21,1900-01-01 16:37:00,16,Floor Cleaner,2,369.02,Household,571,3,16,21
2322,373,2024-03-21,1900-01-01 16:37:00,16,Cookies,3,301.31,Bakery,229,3,16,21
2323,110,2024-05-04,1900-01-01 07:05:00,7,Salt,3,68.85,Grains & Staples,464,5,7,4
2323,110,2024-05-04,1900-01-01 07:05:00,7,Beef,1,225.1,Meat & Seafood,604,5,7,4
2323,110,2024-05-04,1900-01-01 07:05:00,7,Tomato,1,221.37,Fruits & Vegetables,465,5,7,4
2323,110,2024-05-04,1900-01-01 07:05:00,7,Tea,2,411.8,Beverages,258,5,7,4
2323,110,2024-05-04,1900-01-01 07:05:00,7,Pain Reliever,1,468.26,Health & Wellness,447,5,7,4
2323,110,2024-05-04,1900-01-01 07:05:00,7,Banana,3,478.29,Fruits & Vegetables,432,5,7,4
2323,110,2024-05-04,1900-01-01 07:05:00,7,Potato,2,145.14,Fruits & Vegetables,324,5,7,4
2324,129,2024-12-27,1900-01-01 11:49:00,11,Banana,1,351.14,Fruits & Vegetables,550,12,11,27
2324,129,2024-12-27,1900-01-01 11:49:00,11,Yogurt,3,135.36,Dairy & Eggs,449,12,11,27
2324,129,2024-12-27,1900-01-01 11:49:00,11,Cooking Oil,2,73.11,Grains & Staples,273,12,11,27
2324,129,2024-12-27,1900-01-01 11:49:00,11,Lentils,1,413.45,Grains & Staples,452,12,11,27
2325,51,2024-03-20,1900-01-01 21:19:00,21,Milk,1,368.81,Dairy & Eggs,718,3,21,20
2325,51,2024-03-20,1900-01-01 21:19:00,21,Educational Book,2,440.47,Books,421,3,21,20
2325,51,2024-03-20,1900-01-01 21:19:00,21,Face Wash,3,401.2,Personal Care,178,3,21,20
2325,51,2024-03-20,1900-01-01 21:19:00,21,Pasta,1,38.17,Grains & Staples,463,3,21,20
2326,488,2024-03-13,1900-01-01 18:04:00,18,Notebook,2,417.68,Stationery,779,3,18,13
2326,488,2024-03-13,1900-01-01 18:04:00,18,Rice,2,320.8,Grains & Staples,778,3,18,13
2326,488,2024-03-13,1900-01-01 18:04:00,18,Chicken Breast,1,93.5,Meat & Seafood,580,3,18,13
2327,171,2024-05-06,1900-01-01 07:57:00,7,Energy Drink,3,44.16,Beverages,802,5,7,6
2327,171,2024-05-06,1900-01-01 07:57:00,7,Pain Reliever,3,373.09,Health & Wellness,155,5,7,6
2327,171,2024-05-06,1900-01-01 07:57:00,7,Banana,3,216.42,Fruits & Vegetables,694,5,7,6
2327,171,2024-05-06,1900-01-01 07:57:00,7,Salt,1,464.64,Grains & Staples,188,5,7,6
2327,171,2024-05-06,1900-01-01 07:57:00,7,Rice,1,71.7,Grains & Staples,166,5,7,6
2328,269,2024-02-06,1900-01-01 19:43:00,19,Fiction Book,2,402.69,Books,510,2,19,6
2328,269,2024-02-06,1900-01-01 19:43:00,19,Carrot,3,137.78,Fruits & Vegetables,251,2,19,6
2328,269,2024-02-06,1900-01-01 19:43:00,19,Tomato,3,31.41,Fruits & Vegetables,166,2,19,6
2328,269,2024-02-06,1900-01-01 19:43:00,19,Toothpaste,1,380.24,Personal Care,726,2,19,6
2329,98,2024-07-25,1900-01-01 07:43:00,7,Earphones,3,323.2,Electronics,547,7,7,25
2329,98,2024-07-25,1900-01-01 07:43:00,7,Rice,2,211.43,Grains & Staples,522,7,7,25
2329,98,2024-07-25,1900-01-01 07:43:00,7,Charger,1,92.73,Electronics,354,7,7,25
2329,98,2024-07-25,1900-01-01 07:43:00,7,Chips,3,23.53,Snacks,832,7,7,25
2330,227,2024-10-22,1900-01-01 17:18:00,17,Cheese,1,239.87,Dairy & Eggs,950,10,17,22
2330,227,2024-10-22,1900-01-01 17:18:00,17,Yogurt,3,449.98,Dairy & Eggs,755,10,17,22
2330,227,2024-10-22,1900-01-01 17:18:00,17,Carrot,3,90.13,Fruits & Vegetables,431,10,17,22
2330,227,2024-10-22,1900-01-01 17:18:00,17,Tea,1,99.06,Beverages,728,10,17,22
2330,227,2024-10-22,1900-01-01 17:18:00,17,Cake,2,98.72,Bakery,694,10,17,22
2330,227,2024-10-22,1900-01-01 17:18:00,17,Toilet Paper,3,222.81,Household,529,10,17,22
2330,227,2024-10-22,1900-01-01 17:18:00,17,Saree,3,432.77,Clothing,326,10,17,22
2331,37,2024-02-19,1900-01-01 08:50:00,8,Beef,2,379.64,Meat & Seafood,247,2,8,19
2331,37,2024-02-19,1900-01-01 08:50:00,8,Cake,2,87.84,Bakery,161,2,8,19
2331,37,2024-02-19,1900-01-01 08:50:00,8,Tea,3,366.43,Beverages,471,2,8,19
2332,323,2024-04-05,1900-01-01 12:16:00,12,Apple,2,393.37,Fruits & Vegetables,607,4,12,5
2332,323,2024-04-05,1900-01-01 12:16:00,12,Cake,3,482.95,Bakery,971,4,12,5
2332,323,2024-04-05,1900-01-01 12:16:00,12,Toilet Paper,1,201.24,Household,109,4,12,5
2332,323,2024-04-05,1900-01-01 12:16:00,12,Coffee,2,381.01,Beverages,449,4,12,5
2332,323,2024-04-05,1900-01-01 12:16:00,12,Apple,3,402.55,Fruits & Vegetables,557,4,12,5
2332,323,2024-04-05,1900-01-01 12:16:00,12,Coffee,1,317.45,Beverages,713,4,12,5
2333,281,2024-12-12,1900-01-01 14:41:00,14,Rice,1,303.91,Grains & Staples,543,12,14,12
2333,281,2024-12-12,1900-01-01 14:41:00,14,Chocolate,2,221.72,Snacks,677,12,14,12
2333,281,2024-12-12,1900-01-01 14:41:00,14,Chicken Breast,2,195.83,Meat & Seafood,809,12,14,12
2333,281,2024-12-12,1900-01-01 14:41:00,14,Orange,2,420.71,Fruits & Vegetables,553,12,14,12
2333,281,2024-12-12,1900-01-01 14:41:00,14,Baby Food,3,448.7,Baby Care,748,12,14,12
2334,120,2024-10-22,1900-01-01 19:04:00,19,Dishwashing Liquid,2,298.24,Household,417,10,19,22
2334,120,2024-10-22,1900-01-01 19:04:00,19,Energy Drink,3,376.37,Beverages,120,10,19,22
2334,120,2024-10-22,1900-01-01 19:04:00,19,Milk,3,97.46,Dairy & Eggs,961,10,19,22
2334,120,2024-10-22,1900-01-01 19:04:00,19,Tissue,2,95.07,Household,809,10,19,22
2334,120,2024-10-22,1900-01-01 19:04:00,19,Potato,2,103.02,Fruits & Vegetables,603,10,19,22
2335,216,2024-04-14,1900-01-01 12:44:00,12,Energy Drink,3,164.15,Beverages,425,4,12,14
2335,216,2024-04-14,1900-01-01 12:44:00,12,Juice,2,120.94,Beverages,994,4,12,14
2335,216,2024-04-14,1900-01-01 12:44:00,12,Shampoo,3,111.57,Personal Care,752,4,12,14
2335,216,2024-04-14,1900-01-01 12:44:00,12,Dishwashing Liquid,3,58.34,Household,673,4,12,14
2336,454,2024-12-19,1900-01-01 21:53:00,21,Apple,1,243.29,Fruits & Vegetables,871,12,21,19
2336,454,2024-12-19,1900-01-01 21:53:00,21,Fish,2,190.25,Meat & Seafood,145,12,21,19
2336,454,2024-12-19,1900-01-01 21:53:00,21,Dress,1,254.77,Clothing,611,12,21,19
2336,454,2024-12-19,1900-01-01 21:53:00,21,Popcorn,3,32.64,Snacks,920,12,21,19
2337,310,2024-12-11,1900-01-01 16:11:00,16,Vitamins,2,37.13,Health & Wellness,372,12,16,11
2337,310,2024-12-11,1900-01-01 16:11:00,16,Coffee,1,336.92,Beverages,625,12,16,11
2337,310,2024-12-11,1900-01-01 16:11:00,16,Soda,1,243.41,Beverages,972,12,16,11
2337,310,2024-12-11,1900-01-01 16:11:00,16,Baby Food,1,460.98,Baby Care,912,12,16,11
2337,310,2024-12-11,1900-01-01 16:11:00,16,Energy Drink,1,115.56,Beverages,425,12,16,11
2337,310,2024-12-11,1900-01-01 16:11:00,16,Pastry,1,67.27,Bakery,485,12,16,11
2337,310,2024-12-11,1900-01-01 16:11:00,16,Bread,3,52.89,Bakery,363,12,16,11
2338,452,2024-08-14,1900-01-01 10:03:00,10,Spinach,1,408.88,Fruits & Vegetables,271,8,10,14
2338,452,2024-08-14,1900-01-01 10:03:00,10,Floor Cleaner,1,106.28,Household,619,8,10,14
2338,452,2024-08-14,1900-01-01 10:03:00,10,Rice,2,124.3,Grains & Staples,455,8,10,14
2338,452,2024-08-14,1900-01-01 10:03:00,10,Cooking Oil,2,191.99,Grains & Staples,272,8,10,14
2338,452,2024-08-14,1900-01-01 10:03:00,10,Butter,2,181.62,Dairy & Eggs,687,8,10,14
2338,452,2024-08-14,1900-01-01 10:03:00,10,Jeans,2,346.96,Clothing,960,8,10,14
2339,272,2024-05-29,1900-01-01 21:07:00,21,Dishwashing Liquid,2,266.77,Household,512,5,21,29
2339,272,2024-05-29,1900-01-01 21:07:00,21,Pastry,1,209.03,Bakery,288,5,21,29
2339,272,2024-05-29,1900-01-01 21:07:00,21,Yogurt,1,289.42,Dairy & Eggs,349,5,21,29
2339,272,2024-05-29,1900-01-01 21:07:00,21,Lentils,3,108.41,Grains & Staples,381,5,21,29
2340,311,2024-02-06,1900-01-01 22:16:00,22,Chips,2,299.63,Snacks,101,2,22,6
2340,311,2024-02-06,1900-01-01 22:16:00,22,Detergent,2,74.71,Household,288,2,22,6
2340,311,2024-02-06,1900-01-01 22:16:00,22,Tea,1,467.96,Beverages,378,2,22,6
2340,311,2024-02-06,1900-01-01 22:16:00,22,Detergent,2,426.85,Household,541,2,22,6
2341,317,2024-04-20,1900-01-01 06:13:00,6,Toothpaste,1,30.3,Personal Care,175,4,6,20
2341,317,2024-04-20,1900-01-01 06:13:00,6,Popcorn,1,312.64,Snacks,801,4,6,20
2341,317,2024-04-20,1900-01-01 06:13:00,6,Shampoo,1,399.89,Personal Care,637,4,6,20
2341,317,2024-04-20,1900-01-01 06:13:00,6,Shampoo,1,235.47,Personal Care,849,4,6,20
2341,317,2024-04-20,1900-01-01 06:13:00,6,Tea,3,235.76,Beverages,801,4,6,20
2341,317,2024-04-20,1900-01-01 06:13:00,6,Orange,1,470.04,Fruits & Vegetables,225,4,6,20
2341,317,2024-04-20,1900-01-01 06:13:00,6,Phone Cover,3,16.16,Electronics,265,4,6,20
2342,259,2024-07-06,1900-01-01 06:22:00,6,Detergent,2,314.02,Household,446,7,6,6
2342,259,2024-07-06,1900-01-01 06:22:00,6,Pasta,3,169.83,Grains & Staples,357,7,6,6
2342,259,2024-07-06,1900-01-01 06:22:00,6,Earphones,2,310.05,Electronics,869,7,6,6
2342,259,2024-07-06,1900-01-01 06:22:00,6,Fiction Book,1,74.67,Books,113,7,6,6
2342,259,2024-07-06,1900-01-01 06:22:00,6,Detergent,3,218.91,Household,670,7,6,6
2342,259,2024-07-06,1900-01-01 06:22:00,6,Potato,3,138.72,Fruits & Vegetables,716,7,6,6
2342,259,2024-07-06,1900-01-01 06:22:00,6,Saree,2,286.95,Clothing,190,7,6,6
2343,7,2024-05-15,1900-01-01 10:42:00,10,Baby Food,3,91.06,Baby Care,875,5,10,15
2343,7,2024-05-15,1900-01-01 10:42:00,10,Mixer Grinder,2,353.99,Electronics,563,5,10,15
2343,7,2024-05-15,1900-01-01 10:42:00,10,Bread,2,78.33,Bakery,402,5,10,15
2343,7,2024-05-15,1900-01-01 10:42:00,10,Pasta,3,416.15,Grains & Staples,828,5,10,15
2343,7,2024-05-15,1900-01-01 10:42:00,10,Energy Drink,2,261.23,Beverages,397,5,10,15
2343,7,2024-05-15,1900-01-01 10:42:00,10,Dress,1,494.92,Clothing,839,5,10,15
2343,7,2024-05-15,1900-01-01 10:42:00,10,Toilet Paper,3,64.78,Household,632,5,10,15
2344,98,2024-08-27,1900-01-01 21:14:00,21,Shoes,3,430.71,Footwear,753,8,21,27
2344,98,2024-08-27,1900-01-01 21:14:00,21,Diapers,1,250.85,Baby Care,266,8,21,27
2344,98,2024-08-27,1900-01-01 21:14:00,21,Phone Cover,2,339.71,Electronics,941,8,21,27
2344,98,2024-08-27,1900-01-01 21:14:00,21,Salt,1,386.88,Grains & Staples,729,8,21,27
2345,134,2024-07-22,1900-01-01 15:01:00,15,Tomato,3,479.85,Fruits & Vegetables,248,7,15,22
2345,134,2024-07-22,1900-01-01 15:01:00,15,Jeans,3,346.42,Clothing,365,7,15,22
2345,134,2024-07-22,1900-01-01 15:01:00,15,Butter,3,187.14,Dairy & Eggs,191,7,15,22
2346,402,2024-03-11,1900-01-01 12:00:00,12,Toilet Paper,1,477.51,Household,402,3,12,11
2346,402,2024-03-11,1900-01-01 12:00:00,12,Dishwashing Liquid,2,348.91,Household,786,3,12,11
2346,402,2024-03-11,1900-01-01 12:00:00,12,Cake,3,56.16,Bakery,985,3,12,11
2346,402,2024-03-11,1900-01-01 12:00:00,12,Diapers,1,244.13,Baby Care,391,3,12,11
2346,402,2024-03-11,1900-01-01 12:00:00,12,Sugar,2,253.99,Grains & Staples,480,3,12,11
2347,376,2024-06-21,1900-01-01 13:17:00,13,Eggs,3,126.98,Dairy & Eggs,466,6,13,21
2347,376,2024-06-21,1900-01-01 13:17:00,13,Floor Cleaner,1,448.76,Household,723,6,13,21
2347,376,2024-06-21,1900-01-01 13:17:00,13,Cooking Oil,1,212.02,Grains & Staples,842,6,13,21
2347,376,2024-06-21,1900-01-01 13:17:00,13,Tomato,2,196.11,Fruits & Vegetables,550,6,13,21
2347,376,2024-06-21,1900-01-01 13:17:00,13,Marker,1,48.76,Stationery,792,6,13,21
2348,211,2024-02-01,1900-01-01 11:25:00,11,Yogurt,1,341.09,Dairy & Eggs,582,2,11,1
2348,211,2024-02-01,1900-01-01 11:25:00,11,Wheat Flour,3,105.22,Grains & Staples,787,2,11,1
2348,211,2024-02-01,1900-01-01 11:25:00,11,Salt,1,58.62,Grains & Staples,726,2,11,1
2348,211,2024-02-01,1900-01-01 11:25:00,11,Face Wash,3,81.47,Personal Care,784,2,11,1
2348,211,2024-02-01,1900-01-01 11:25:00,11,Yogurt,3,222.39,Dairy & Eggs,432,2,11,1
2348,211,2024-02-01,1900-01-01 11:25:00,11,Salt,2,317.31,Grains & Staples,600,2,11,1
2349,351,2024-01-07,1900-01-01 09:43:00,9,Chocolate,1,461.61,Snacks,695,1,9,7
2349,351,2024-01-07,1900-01-01 09:43:00,9,Beef,3,419.12,Meat & Seafood,569,1,9,7
2349,351,2024-01-07,1900-01-01 09:43:00,9,Notebook,1,58.93,Stationery,267,1,9,7
2349,351,2024-01-07,1900-01-01 09:43:00,9,Energy Drink,2,126.49,Beverages,585,1,9,7
2349,351,2024-01-07,1900-01-01 09:43:00,9,Onion,2,135.6,Fruits & Vegetables,949,1,9,7
2349,351,2024-01-07,1900-01-01 09:43:00,9,Soap,3,255.76,Personal Care,796,1,9,7
2349,351,2024-01-07,1900-01-01 09:43:00,9,Shoes,2,459.34,Footwear,280,1,9,7
2350,59,2024-12-27,1900-01-01 15:41:00,15,Lentils,1,233.61,Grains & Staples,649,12,15,27
2350,59,2024-12-27,1900-01-01 15:41:00,15,Toothpaste,2,218.62,Personal Care,351,12,15,27
2350,59,2024-12-27,1900-01-01 15:41:00,15,Orange,3,14.93,Fruits & Vegetables,104,12,15,27
2351,359,2024-12-27,1900-01-01 11:14:00,11,Saree,2,418.68,Clothing,434,12,11,27
2351,359,2024-12-27,1900-01-01 11:14:00,11,Diapers,3,301.78,Baby Care,862,12,11,27
2351,359,2024-12-27,1900-01-01 11:14:00,11,Phone Cover,1,194.46,Electronics,945,12,11,27
2351,359,2024-12-27,1900-01-01 11:14:00,11,Eggs,2,301.37,Dairy & Eggs,181,12,11,27
2351,359,2024-12-27,1900-01-01 11:14:00,11,Chocolate,2,244.91,Snacks,713,12,11,27
2352,121,2024-06-11,1900-01-01 20:08:00,20,Detergent,3,68.11,Household,436,6,20,11
2352,121,2024-06-11,1900-01-01 20:08:00,20,Diapers,2,471.7,Baby Care,647,6,20,11
2352,121,2024-06-11,1900-01-01 20:08:00,20,Soda,2,387.61,Beverages,735,6,20,11
2352,121,2024-06-11,1900-01-01 20:08:00,20,Floor Cleaner,3,496.9,Household,718,6,20,11
2352,121,2024-06-11,1900-01-01 20:08:00,20,Yogurt,1,456.69,Dairy & Eggs,134,6,20,11
2352,121,2024-06-11,1900-01-01 20:08:00,20,Fish,3,383.2,Meat & Seafood,937,6,20,11
2353,180,2024-12-06,1900-01-01 18:54:00,18,Shirt,3,322.98,Clothing,492,12,18,6
2353,180,2024-12-06,1900-01-01 18:54:00,18,Phone Cover,3,186.88,Electronics,108,12,18,6
2353,180,2024-12-06,1900-01-01 18:54:00,18,Potato,2,162.15,Fruits & Vegetables,397,12,18,6
2353,180,2024-12-06,1900-01-01 18:54:00,18,Face Wash,2,147.14,Personal Care,958,12,18,6
2354,175,2024-01-03,1900-01-01 18:54:00,18,Energy Drink,1,325.8,Beverages,296,1,18,3
2354,175,2024-01-03,1900-01-01 18:54:00,18,Sugar,3,135.66,Grains & Staples,568,1,18,3
2354,175,2024-01-03,1900-01-01 18:54:00,18,Salt,2,399.15,Grains & Staples,552,1,18,3
2354,175,2024-01-03,1900-01-01 18:54:00,18,Shampoo,2,416.62,Personal Care,626,1,18,3
2354,175,2024-01-03,1900-01-01 18:54:00,18,Prawns,2,263.41,Meat & Seafood,204,1,18,3
2355,109,2024-11-30,1900-01-01 20:16:00,20,Cake,2,249.85,Bakery,459,11,20,30
2355,109,2024-11-30,1900-01-01 20:16:00,20,Phone Cover,2,361.57,Electronics,213,11,20,30
2355,109,2024-11-30,1900-01-01 20:16:00,20,Apple,1,52.97,Fruits & Vegetables,730,11,20,30
2355,109,2024-11-30,1900-01-01 20:16:00,20,Chips,3,18.43,Snacks,583,11,20,30
2355,109,2024-11-30,1900-01-01 20:16:00,20,Cheese,1,347.0,Dairy & Eggs,652,11,20,30
2356,68,2024-01-18,1900-01-01 15:25:00,15,Detergent,3,195.2,Household,905,1,15,18
2356,68,2024-01-18,1900-01-01 15:25:00,15,Phone Cover,3,268.5,Electronics,942,1,15,18
2356,68,2024-01-18,1900-01-01 15:25:00,15,Apple,2,57.02,Fruits & Vegetables,654,1,15,18
2356,68,2024-01-18,1900-01-01 15:25:00,15,Electric Kettle,2,214.68,Electronics,688,1,15,18
2357,483,2024-03-21,1900-01-01 21:50:00,21,Diapers,2,471.96,Baby Care,182,3,21,21
2357,483,2024-03-21,1900-01-01 21:50:00,21,Fiction Book,1,66.18,Books,930,3,21,21
2357,483,2024-03-21,1900-01-01 21:50:00,21,Beef,2,69.89,Meat & Seafood,525,3,21,21
2357,483,2024-03-21,1900-01-01 21:50:00,21,Carrot,1,380.43,Fruits & Vegetables,199,3,21,21
2357,483,2024-03-21,1900-01-01 21:50:00,21,Chocolate,2,489.72,Snacks,300,3,21,21
2357,483,2024-03-21,1900-01-01 21:50:00,21,Energy Drink,3,257.95,Beverages,628,3,21,21
2357,483,2024-03-21,1900-01-01 21:50:00,21,Beef,3,190.38,Meat & Seafood,635,3,21,21
2358,322,2024-11-11,1900-01-01 14:42:00,14,Wheat Flour,2,450.51,Grains & Staples,333,11,14,11
2358,322,2024-11-11,1900-01-01 14:42:00,14,Pasta,1,170.83,Grains & Staples,248,11,14,11
2358,322,2024-11-11,1900-01-01 14:42:00,14,Bread,2,381.06,Bakery,175,11,14,11
2358,322,2024-11-11,1900-01-01 14:42:00,14,Wheat Flour,1,441.82,Grains & Staples,413,11,14,11
2358,322,2024-11-11,1900-01-01 14:42:00,14,Lentils,3,415.06,Grains & Staples,803,11,14,11
2358,322,2024-11-11,1900-01-01 14:42:00,14,Notebook,2,74.28,Stationery,925,11,14,11
2359,236,2024-12-19,1900-01-01 16:08:00,16,Chips,1,161.78,Snacks,169,12,16,19
2359,236,2024-12-19,1900-01-01 16:08:00,16,Prawns,1,470.0,Meat & Seafood,843,12,16,19
2359,236,2024-12-19,1900-01-01 16:08:00,16,Soda,1,412.77,Beverages,806,12,16,19
2359,236,2024-12-19,1900-01-01 16:08:00,16,Toothpaste,1,376.36,Personal Care,983,12,16,19
2360,64,2024-12-01,1900-01-01 15:56:00,15,Phone Cover,2,318.3,Electronics,921,12,15,1
2360,64,2024-12-01,1900-01-01 15:56:00,15,Butter,2,151.38,Dairy & Eggs,734,12,15,1
2360,64,2024-12-01,1900-01-01 15:56:00,15,Toothpaste,2,283.42,Personal Care,720,12,15,1
2361,488,2024-03-23,1900-01-01 14:49:00,14,Notebook,2,454.8,Stationery,205,3,14,23
2361,488,2024-03-23,1900-01-01 14:49:00,14,Electric Kettle,1,395.11,Electronics,820,3,14,23
2361,488,2024-03-23,1900-01-01 14:49:00,14,Energy Drink,2,392.56,Beverages,836,3,14,23
2361,488,2024-03-23,1900-01-01 14:49:00,14,Diapers,2,183.39,Baby Care,971,3,14,23
2362,291,2024-11-16,1900-01-01 07:28:00,7,Orange,2,387.82,Fruits & Vegetables,661,11,7,16
2362,291,2024-11-16,1900-01-01 07:28:00,7,Cheese,2,186.86,Dairy & Eggs,222,11,7,16
2362,291,2024-11-16,1900-01-01 07:28:00,7,Prawns,1,237.21,Meat & Seafood,934,11,7,16
2362,291,2024-11-16,1900-01-01 07:28:00,7,Pastry,3,229.56,Bakery,256,11,7,16
2362,291,2024-11-16,1900-01-01 07:28:00,7,Belt,2,344.13,Clothing Accessories,482,11,7,16
2362,291,2024-11-16,1900-01-01 07:28:00,7,Fish,1,119.16,Meat & Seafood,971,11,7,16
2362,291,2024-11-16,1900-01-01 07:28:00,7,Lentils,3,123.59,Grains & Staples,960,11,7,16
2363,492,2024-12-25,1900-01-01 08:49:00,8,Chocolate,1,414.41,Snacks,177,12,8,25
2363,492,2024-12-25,1900-01-01 08:49:00,8,Face Wash,2,462.17,Personal Care,141,12,8,25
2363,492,2024-12-25,1900-01-01 08:49:00,8,Milk,2,133.59,Dairy & Eggs,977,12,8,25
2363,492,2024-12-25,1900-01-01 08:49:00,8,Cake,3,357.4,Bakery,468,12,8,25
2363,492,2024-12-25,1900-01-01 08:49:00,8,Pasta,2,356.35,Grains & Staples,371,12,8,25
2363,492,2024-12-25,1900-01-01 08:49:00,8,Coffee,3,171.94,Beverages,632,12,8,25
2364,206,2024-05-28,1900-01-01 15:55:00,15,Soda,1,220.27,Beverages,577,5,15,28
2364,206,2024-05-28,1900-01-01 15:55:00,15,Cooking Oil,2,302.96,Grains & Staples,355,5,15,28
2364,206,2024-05-28,1900-01-01 15:55:00,15,Fish,2,375.26,Meat & Seafood,621,5,15,28
2365,380,2024-01-25,1900-01-01 12:23:00,12,Baby Food,2,347.49,Baby Care,886,1,12,25
2365,380,2024-01-25,1900-01-01 12:23:00,12,Biscuits,3,201.43,Snacks,609,1,12,25
2365,380,2024-01-25,1900-01-01 12:23:00,12,Cheese,2,248.28,Dairy & Eggs,830,1,12,25
2366,99,2024-12-11,1900-01-01 07:36:00,7,Pain Reliever,1,253.29,Health & Wellness,473,12,7,11
2366,99,2024-12-11,1900-01-01 07:36:00,7,Spinach,1,215.94,Fruits & Vegetables,205,12,7,11
2366,99,2024-12-11,1900-01-01 07:36:00,7,Phone Cover,2,287.21,Electronics,875,12,7,11
2366,99,2024-12-11,1900-01-01 07:36:00,7,Face Wash,3,360.81,Personal Care,396,12,7,11
2366,99,2024-12-11,1900-01-01 07:36:00,7,Soda,3,256.93,Beverages,224,12,7,11
2367,274,2024-01-20,1900-01-01 19:25:00,19,Dishwashing Liquid,3,235.99,Household,596,1,19,20
2367,274,2024-01-20,1900-01-01 19:25:00,19,Wheat Flour,2,330.39,Grains & Staples,861,1,19,20
2367,274,2024-01-20,1900-01-01 19:25:00,19,Marker,2,138.14,Stationery,310,1,19,20
2367,274,2024-01-20,1900-01-01 19:25:00,19,Dress,3,398.56,Clothing,720,1,19,20
2367,274,2024-01-20,1900-01-01 19:25:00,19,Educational Book,2,406.37,Books,113,1,19,20
2367,274,2024-01-20,1900-01-01 19:25:00,19,Vitamins,2,394.33,Health & Wellness,331,1,19,20
2368,490,2024-10-09,1900-01-01 18:44:00,18,Saree,3,322.5,Clothing,380,10,18,9
2368,490,2024-10-09,1900-01-01 18:44:00,18,Dress,3,96.25,Clothing,429,10,18,9
2368,490,2024-10-09,1900-01-01 18:44:00,18,Cooking Oil,3,282.45,Grains & Staples,613,10,18,9
2369,276,2024-01-24,1900-01-01 10:47:00,10,Toothpaste,1,354.07,Personal Care,989,1,10,24
2369,276,2024-01-24,1900-01-01 10:47:00,10,Orange,1,124.12,Fruits & Vegetables,598,1,10,24
2369,276,2024-01-24,1900-01-01 10:47:00,10,Cookies,1,126.57,Bakery,226,1,10,24
2369,276,2024-01-24,1900-01-01 10:47:00,10,Sugar,2,91.01,Grains & Staples,424,1,10,24
2369,276,2024-01-24,1900-01-01 10:47:00,10,Toothpaste,3,407.02,Personal Care,644,1,10,24
2369,276,2024-01-24,1900-01-01 10:47:00,10,Sugar,2,286.52,Grains & Staples,498,1,10,24
2370,344,2024-04-09,1900-01-01 08:07:00,8,Floor Cleaner,3,454.75,Household,189,4,8,9
2370,344,2024-04-09,1900-01-01 08:07:00,8,Charger,1,221.37,Electronics,470,4,8,9
2370,344,2024-04-09,1900-01-01 08:07:00,8,Banana,1,96.12,Fruits & Vegetables,438,4,8,9
2370,344,2024-04-09,1900-01-01 08:07:00,8,Orange,3,97.77,Fruits & Vegetables,142,4,8,9
2370,344,2024-04-09,1900-01-01 08:07:00,8,Toothpaste,1,395.42,Personal Care,831,4,8,9
2370,344,2024-04-09,1900-01-01 08:07:00,8,Shampoo,2,471.67,Personal Care,676,4,8,9
2370,344,2024-04-09,1900-01-01 08:07:00,8,Croissant,3,292.13,Bakery,609,4,8,9
2371,254,2024-10-25,1900-01-01 20:22:00,20,Chocolate,3,496.45,Snacks,694,10,20,25
2371,254,2024-10-25,1900-01-01 20:22:00,20,Chips,1,396.07,Snacks,928,10,20,25
2371,254,2024-10-25,1900-01-01 20:22:00,20,Cake,2,448.21,Bakery,134,10,20,25
2371,254,2024-10-25,1900-01-01 20:22:00,20,Tissue,3,223.49,Household,366,10,20,25
2371,254,2024-10-25,1900-01-01 20:22:00,20,Rice,2,327.68,Grains & Staples,737,10,20,25
2371,254,2024-10-25,1900-01-01 20:22:00,20,Banana,1,117.61,Fruits & Vegetables,263,10,20,25
2371,254,2024-10-25,1900-01-01 20:22:00,20,Biscuits,2,223.62,Snacks,826,10,20,25
2372,336,2024-08-14,1900-01-01 07:34:00,7,Mixer Grinder,3,100.62,Electronics,292,8,7,14
2372,336,2024-08-14,1900-01-01 07:34:00,7,Onion,1,400.55,Fruits & Vegetables,723,8,7,14
2372,336,2024-08-14,1900-01-01 07:34:00,7,Tissue,1,291.51,Household,687,8,7,14
2372,336,2024-08-14,1900-01-01 07:34:00,7,Charger,1,400.18,Electronics,129,8,7,14
2372,336,2024-08-14,1900-01-01 07:34:00,7,Floor Cleaner,2,374.25,Household,374,8,7,14
2372,336,2024-08-14,1900-01-01 07:34:00,7,Diapers,3,14.27,Baby Care,438,8,7,14
2373,51,2024-03-29,1900-01-01 18:55:00,18,Cheese,3,141.49,Dairy & Eggs,977,3,18,29
2373,51,2024-03-29,1900-01-01 18:55:00,18,Spinach,2,364.07,Fruits & Vegetables,341,3,18,29
2373,51,2024-03-29,1900-01-01 18:55:00,18,Coffee,3,95.82,Beverages,916,3,18,29
2373,51,2024-03-29,1900-01-01 18:55:00,18,Educational Book,3,132.2,Books,975,3,18,29
2373,51,2024-03-29,1900-01-01 18:55:00,18,Potato,3,108.41,Fruits & Vegetables,662,3,18,29
2374,66,2024-07-17,1900-01-01 21:49:00,21,Shampoo,2,452.19,Personal Care,468,7,21,17
2374,66,2024-07-17,1900-01-01 21:49:00,21,Cookies,3,415.72,Bakery,999,7,21,17
2374,66,2024-07-17,1900-01-01 21:49:00,21,Cheese,3,449.92,Dairy & Eggs,518,7,21,17
2374,66,2024-07-17,1900-01-01 21:49:00,21,Chocolate,3,282.3,Snacks,388,7,21,17
2374,66,2024-07-17,1900-01-01 21:49:00,21,Marker,3,225.24,Stationery,858,7,21,17
2374,66,2024-07-17,1900-01-01 21:49:00,21,Toilet Paper,2,261.48,Household,153,7,21,17
2374,66,2024-07-17,1900-01-01 21:49:00,21,Spices,3,243.87,Grains & Staples,876,7,21,17
2375,410,2024-02-01,1900-01-01 20:48:00,20,Spices,2,316.9,Grains & Staples,136,2,20,1
2375,410,2024-02-01,1900-01-01 20:48:00,20,Electric Kettle,1,129.26,Electronics,145,2,20,1
2375,410,2024-02-01,1900-01-01 20:48:00,20,Beef,2,173.8,Meat & Seafood,912,2,20,1
2375,410,2024-02-01,1900-01-01 20:48:00,20,Sugar,1,37.48,Grains & Staples,971,2,20,1
2375,410,2024-02-01,1900-01-01 20:48:00,20,Wheat Flour,3,159.26,Grains & Staples,120,2,20,1
2375,410,2024-02-01,1900-01-01 20:48:00,20,Energy Drink,3,400.18,Beverages,204,2,20,1
2376,143,2024-07-08,1900-01-01 08:56:00,8,Rice,1,165.37,Grains & Staples,729,7,8,8
2376,143,2024-07-08,1900-01-01 08:56:00,8,Apple,1,439.84,Fruits & Vegetables,168,7,8,8
2376,143,2024-07-08,1900-01-01 08:56:00,8,Popcorn,2,194.15,Snacks,899,7,8,8
2376,143,2024-07-08,1900-01-01 08:56:00,8,Mixer Grinder,3,475.31,Electronics,277,7,8,8
2376,143,2024-07-08,1900-01-01 08:56:00,8,Toilet Paper,2,304.39,Household,498,7,8,8
2377,6,2024-06-09,1900-01-01 20:35:00,20,Chocolate,3,237.63,Snacks,550,6,20,9
2377,6,2024-06-09,1900-01-01 20:35:00,20,Wheat Flour,2,90.89,Grains & Staples,384,6,20,9
2377,6,2024-06-09,1900-01-01 20:35:00,20,Cooking Oil,1,84.55,Grains & Staples,344,6,20,9
2377,6,2024-06-09,1900-01-01 20:35:00,20,Detergent,2,84.06,Household,523,6,20,9
2378,387,2024-08-25,1900-01-01 16:25:00,16,Coffee,2,44.9,Beverages,630,8,16,25
2378,387,2024-08-25,1900-01-01 16:25:00,16,Cake,1,138.75,Bakery,810,8,16,25
2378,387,2024-08-25,1900-01-01 16:25:00,16,Jeans,3,184.8,Clothing,161,8,16,25
2378,387,2024-08-25,1900-01-01 16:25:00,16,Spinach,2,111.85,Fruits & Vegetables,765,8,16,25
2378,387,2024-08-25,1900-01-01 16:25:00,16,Cake,3,160.97,Bakery,111,8,16,25
2378,387,2024-08-25,1900-01-01 16:25:00,16,Marker,2,303.6,Stationery,454,8,16,25
2378,387,2024-08-25,1900-01-01 16:25:00,16,Butter,3,90.43,Dairy & Eggs,519,8,16,25
2379,361,2024-05-22,1900-01-01 12:26:00,12,Spices,2,179.73,Grains & Staples,960,5,12,22
2379,361,2024-05-22,1900-01-01 12:26:00,12,Vitamins,2,194.26,Health & Wellness,766,5,12,22
2379,361,2024-05-22,1900-01-01 12:26:00,12,Soap,1,451.6,Personal Care,846,5,12,22
2380,301,2024-06-02,1900-01-01 08:26:00,8,Electric Kettle,2,471.75,Electronics,523,6,8,2
2380,301,2024-06-02,1900-01-01 08:26:00,8,Pain Reliever,3,131.52,Health & Wellness,986,6,8,2
2380,301,2024-06-02,1900-01-01 08:26:00,8,Soap,3,211.2,Personal Care,486,6,8,2
2381,139,2024-12-29,1900-01-01 10:35:00,10,Popcorn,2,462.49,Snacks,186,12,10,29
2381,139,2024-12-29,1900-01-01 10:35:00,10,Croissant,3,498.22,Bakery,969,12,10,29
2381,139,2024-12-29,1900-01-01 10:35:00,10,Shoes,3,462.59,Footwear,754,12,10,29
2381,139,2024-12-29,1900-01-01 10:35:00,10,Pen,2,458.06,Stationery,824,12,10,29
2382,133,2024-11-24,1900-01-01 06:38:00,6,Carrot,1,54.11,Fruits & Vegetables,536,11,6,24
2382,133,2024-11-24,1900-01-01 06:38:00,6,Marker,3,221.91,Stationery,773,11,6,24
2382,133,2024-11-24,1900-01-01 06:38:00,6,Tissue,2,456.26,Household,790,11,6,24
2382,133,2024-11-24,1900-01-01 06:38:00,6,Potato,3,471.04,Fruits & Vegetables,648,11,6,24
2382,133,2024-11-24,1900-01-01 06:38:00,6,Shoes,3,421.69,Footwear,517,11,6,24
2383,46,2024-03-09,1900-01-01 16:46:00,16,Rice,2,480.76,Grains & Staples,995,3,16,9
2383,46,2024-03-09,1900-01-01 16:46:00,16,Chocolate,2,329.86,Snacks,612,3,16,9
2383,46,2024-03-09,1900-01-01 16:46:00,16,Vitamins,3,492.29,Health & Wellness,791,3,16,9
2383,46,2024-03-09,1900-01-01 16:46:00,16,Toothpaste,2,314.5,Personal Care,269,3,16,9
2384,101,2024-07-03,1900-01-01 07:16:00,7,Eggs,1,364.82,Dairy & Eggs,531,7,7,3
2384,101,2024-07-03,1900-01-01 07:16:00,7,Prawns,3,344.61,Meat & Seafood,240,7,7,3
2384,101,2024-07-03,1900-01-01 07:16:00,7,Tea,1,426.99,Beverages,813,7,7,3
2385,79,2024-09-27,1900-01-01 10:47:00,10,Salt,2,348.84,Grains & Staples,835,9,10,27
2385,79,2024-09-27,1900-01-01 10:47:00,10,Notebook,1,469.69,Stationery,990,9,10,27
2385,79,2024-09-27,1900-01-01 10:47:00,10,Onion,2,96.81,Fruits & Vegetables,368,9,10,27
2385,79,2024-09-27,1900-01-01 10:47:00,10,Mixer Grinder,2,20.46,Electronics,396,9,10,27
2385,79,2024-09-27,1900-01-01 10:47:00,10,Soap,1,18.3,Personal Care,116,9,10,27
2385,79,2024-09-27,1900-01-01 10:47:00,10,Detergent,1,236.33,Household,222,9,10,27
2385,79,2024-09-27,1900-01-01 10:47:00,10,Orange,1,295.35,Fruits & Vegetables,884,9,10,27
2386,193,2024-09-25,1900-01-01 06:12:00,6,Cheese,1,40.07,Dairy & Eggs,904,9,6,25
2386,193,2024-09-25,1900-01-01 06:12:00,6,Saree,2,272.55,Clothing,636,9,6,25
2386,193,2024-09-25,1900-01-01 06:12:00,6,Phone Cover,2,465.41,Electronics,666,9,6,25
2386,193,2024-09-25,1900-01-01 06:12:00,6,Cooking Oil,2,59.27,Grains & Staples,533,9,6,25
2387,262,2024-06-22,1900-01-01 15:34:00,15,Carrot,2,323.02,Fruits & Vegetables,944,6,15,22
2387,262,2024-06-22,1900-01-01 15:34:00,15,Charger,3,66.62,Electronics,564,6,15,22
2387,262,2024-06-22,1900-01-01 15:34:00,15,Onion,3,368.55,Fruits & Vegetables,982,6,15,22
2388,452,2024-03-02,1900-01-01 12:48:00,12,Prawns,3,214.55,Meat & Seafood,726,3,12,2
2388,452,2024-03-02,1900-01-01 12:48:00,12,Earphones,2,34.51,Electronics,329,3,12,2
2388,452,2024-03-02,1900-01-01 12:48:00,12,Pastry,3,220.48,Bakery,149,3,12,2
2389,194,2024-01-05,1900-01-01 09:04:00,9,Chocolate,2,313.16,Snacks,169,1,9,5
2389,194,2024-01-05,1900-01-01 09:04:00,9,Saree,1,357.83,Clothing,828,1,9,5
2389,194,2024-01-05,1900-01-01 09:04:00,9,Detergent,3,412.97,Household,760,1,9,5
2389,194,2024-01-05,1900-01-01 09:04:00,9,Vitamins,2,35.14,Health & Wellness,659,1,9,5
2389,194,2024-01-05,1900-01-01 09:04:00,9,Electric Kettle,1,488.98,Electronics,543,1,9,5
2389,194,2024-01-05,1900-01-01 09:04:00,9,Shampoo,2,197.49,Personal Care,963,1,9,5
2390,197,2024-02-05,1900-01-01 11:46:00,11,Cake,2,40.09,Bakery,198,2,11,5
2390,197,2024-02-05,1900-01-01 11:46:00,11,Apple,1,350.89,Fruits & Vegetables,495,2,11,5
2390,197,2024-02-05,1900-01-01 11:46:00,11,Salt,1,115.61,Grains & Staples,447,2,11,5
2390,197,2024-02-05,1900-01-01 11:46:00,11,Juice,3,44.92,Beverages,565,2,11,5
2390,197,2024-02-05,1900-01-01 11:46:00,11,Beef,3,464.11,Meat & Seafood,101,2,11,5
2390,197,2024-02-05,1900-01-01 11:46:00,11,Face Wash,1,434.6,Personal Care,508,2,11,5
2390,197,2024-02-05,1900-01-01 11:46:00,11,Eggs,1,384.26,Dairy & Eggs,569,2,11,5
2391,310,2024-01-29,1900-01-01 17:14:00,17,Belt,1,495.77,Clothing Accessories,336,1,17,29
2391,310,2024-01-29,1900-01-01 17:14:00,17,Soap,1,205.5,Personal Care,864,1,17,29
2391,310,2024-01-29,1900-01-01 17:14:00,17,Carrot,1,130.69,Fruits & Vegetables,706,1,17,29
2392,141,2024-07-04,1900-01-01 14:57:00,14,Dress,2,124.6,Clothing,196,7,14,4
2392,141,2024-07-04,1900-01-01 14:57:00,14,Shoes,1,402.35,Footwear,928,7,14,4
2392,141,2024-07-04,1900-01-01 14:57:00,14,Toilet Paper,3,322.3,Household,821,7,14,4
2392,141,2024-07-04,1900-01-01 14:57:00,14,Juice,1,285.34,Beverages,879,7,14,4
2392,141,2024-07-04,1900-01-01 14:57:00,14,Spinach,1,245.51,Fruits & Vegetables,356,7,14,4
2392,141,2024-07-04,1900-01-01 14:57:00,14,Shoes,2,142.13,Footwear,529,7,14,4
2392,141,2024-07-04,1900-01-01 14:57:00,14,Soda,3,365.32,Beverages,303,7,14,4
2393,132,2024-05-02,1900-01-01 18:43:00,18,Sugar,3,64.36,Grains & Staples,397,5,18,2
2393,132,2024-05-02,1900-01-01 18:43:00,18,Tea,3,374.61,Beverages,360,5,18,2
2393,132,2024-05-02,1900-01-01 18:43:00,18,Belt,2,342.79,Clothing Accessories,293,5,18,2
2393,132,2024-05-02,1900-01-01 18:43:00,18,Soda,1,398.9,Beverages,641,5,18,2
2393,132,2024-05-02,1900-01-01 18:43:00,18,Diapers,1,74.66,Baby Care,151,5,18,2
2394,162,2024-04-01,1900-01-01 09:38:00,9,Rice,3,77.17,Grains & Staples,799,4,9,1
2394,162,2024-04-01,1900-01-01 09:38:00,9,Educational Book,1,153.27,Books,735,4,9,1
2394,162,2024-04-01,1900-01-01 09:38:00,9,Toothpaste,1,215.1,Personal Care,793,4,9,1
2394,162,2024-04-01,1900-01-01 09:38:00,9,Mixer Grinder,1,244.44,Electronics,387,4,9,1
2395,116,2024-09-14,1900-01-01 20:40:00,20,Belt,1,237.66,Clothing Accessories,479,9,20,14
2395,116,2024-09-14,1900-01-01 20:40:00,20,Diapers,3,444.59,Baby Care,117,9,20,14
2395,116,2024-09-14,1900-01-01 20:40:00,20,Coffee,2,27.42,Beverages,359,9,20,14
2395,116,2024-09-14,1900-01-01 20:40:00,20,Onion,2,134.12,Fruits & Vegetables,844,9,20,14
2396,77,2024-04-11,1900-01-01 15:57:00,15,Charger,1,18.87,Electronics,110,4,15,11
2396,77,2024-04-11,1900-01-01 15:57:00,15,Beef,3,498.13,Meat & Seafood,737,4,15,11
2396,77,2024-04-11,1900-01-01 15:57:00,15,Popcorn,1,382.22,Snacks,273,4,15,11
2397,354,2024-11-09,1900-01-01 10:13:00,10,Electric Kettle,2,214.54,Electronics,191,11,10,9
2397,354,2024-11-09,1900-01-01 10:13:00,10,Phone Cover,2,166.06,Electronics,748,11,10,9
2397,354,2024-11-09,1900-01-01 10:13:00,10,Coffee,2,472.28,Beverages,118,11,10,9
2397,354,2024-11-09,1900-01-01 10:13:00,10,Face Wash,1,453.32,Personal Care,519,11,10,9
2397,354,2024-11-09,1900-01-01 10:13:00,10,Vitamins,2,216.78,Health & Wellness,666,11,10,9
2398,233,2024-03-09,1900-01-01 15:30:00,15,Chocolate,3,161.16,Snacks,303,3,15,9
2398,233,2024-03-09,1900-01-01 15:30:00,15,Banana,1,445.09,Fruits & Vegetables,136,3,15,9
2398,233,2024-03-09,1900-01-01 15:30:00,15,Milk,2,86.04,Dairy & Eggs,980,3,15,9
2398,233,2024-03-09,1900-01-01 15:30:00,15,Tissue,3,360.16,Household,220,3,15,9
2398,233,2024-03-09,1900-01-01 15:30:00,15,Cake,1,69.46,Bakery,629,3,15,9
2398,233,2024-03-09,1900-01-01 15:30:00,15,Dishwashing Liquid,3,57.09,Household,416,3,15,9
2398,233,2024-03-09,1900-01-01 15:30:00,15,Yogurt,1,56.9,Dairy & Eggs,920,3,15,9
2399,482,2024-03-27,1900-01-01 16:01:00,16,Chocolate,1,185.04,Snacks,808,3,16,27
2399,482,2024-03-27,1900-01-01 16:01:00,16,Orange,2,79.41,Fruits & Vegetables,148,3,16,27
2399,482,2024-03-27,1900-01-01 16:01:00,16,Butter,1,360.33,Dairy & Eggs,890,3,16,27
2399,482,2024-03-27,1900-01-01 16:01:00,16,Croissant,3,132.7,Bakery,195,3,16,27
2399,482,2024-03-27,1900-01-01 16:01:00,16,Tomato,1,462.54,Fruits & Vegetables,820,3,16,27
2399,482,2024-03-27,1900-01-01 16:01:00,16,Chips,2,328.35,Snacks,276,3,16,27
2400,20,2024-09-15,1900-01-01 18:20:00,18,Mixer Grinder,1,493.72,Electronics,406,9,18,15
2400,20,2024-09-15,1900-01-01 18:20:00,18,Lentils,2,341.1,Grains & Staples,718,9,18,15
2400,20,2024-09-15,1900-01-01 18:20:00,18,Cooking Oil,1,435.54,Grains & Staples,273,9,18,15
2400,20,2024-09-15,1900-01-01 18:20:00,18,Coffee,1,346.03,Beverages,606,9,18,15
2400,20,2024-09-15,1900-01-01 18:20:00,18,Soda,2,363.18,Beverages,886,9,18,15
2401,255,2024-12-20,1900-01-01 20:04:00,20,Milk,1,273.15,Dairy & Eggs,733,12,20,20
2401,255,2024-12-20,1900-01-01 20:04:00,20,Toothpaste,2,160.43,Personal Care,486,12,20,20
2401,255,2024-12-20,1900-01-01 20:04:00,20,Floor Cleaner,1,283.57,Household,467,12,20,20
2401,255,2024-12-20,1900-01-01 20:04:00,20,Banana,2,22.47,Fruits & Vegetables,375,12,20,20
2402,410,2024-02-29,1900-01-01 12:51:00,12,Tea,2,278.25,Beverages,605,2,12,29
2402,410,2024-02-29,1900-01-01 12:51:00,12,Energy Drink,3,162.75,Beverages,217,2,12,29
2402,410,2024-02-29,1900-01-01 12:51:00,12,Belt,3,49.18,Clothing Accessories,284,2,12,29
2402,410,2024-02-29,1900-01-01 12:51:00,12,Chocolate,1,105.84,Snacks,709,2,12,29
2403,204,2024-06-15,1900-01-01 15:08:00,15,Tea,3,223.01,Beverages,417,6,15,15
2403,204,2024-06-15,1900-01-01 15:08:00,15,Marker,1,356.38,Stationery,454,6,15,15
2403,204,2024-06-15,1900-01-01 15:08:00,15,Charger,2,201.9,Electronics,519,6,15,15
2403,204,2024-06-15,1900-01-01 15:08:00,15,Lentils,2,410.93,Grains & Staples,660,6,15,15
2403,204,2024-06-15,1900-01-01 15:08:00,15,Biscuits,1,188.71,Snacks,107,6,15,15
2404,485,2024-02-08,1900-01-01 21:00:00,21,Charger,3,55.45,Electronics,815,2,21,8
2404,485,2024-02-08,1900-01-01 21:00:00,21,Mixer Grinder,2,397.54,Electronics,106,2,21,8
2404,485,2024-02-08,1900-01-01 21:00:00,21,Phone Cover,2,143.42,Electronics,635,2,21,8
2404,485,2024-02-08,1900-01-01 21:00:00,21,Lentils,1,264.43,Grains & Staples,478,2,21,8
2404,485,2024-02-08,1900-01-01 21:00:00,21,Eggs,2,149.25,Dairy & Eggs,919,2,21,8
2404,485,2024-02-08,1900-01-01 21:00:00,21,Shoes,2,35.56,Footwear,175,2,21,8
2405,448,2024-10-26,1900-01-01 18:20:00,18,Tissue,1,319.82,Household,804,10,18,26
2405,448,2024-10-26,1900-01-01 18:20:00,18,Fiction Book,1,188.13,Books,648,10,18,26
2405,448,2024-10-26,1900-01-01 18:20:00,18,Chocolate,2,427.17,Snacks,321,10,18,26
2405,448,2024-10-26,1900-01-01 18:20:00,18,Prawns,2,280.06,Meat & Seafood,864,10,18,26
2405,448,2024-10-26,1900-01-01 18:20:00,18,Potato,3,202.29,Fruits & Vegetables,896,10,18,26
2405,448,2024-10-26,1900-01-01 18:20:00,18,Pain Reliever,1,328.95,Health & Wellness,521,10,18,26
2406,336,2024-06-10,1900-01-01 07:33:00,7,Shoes,3,398.03,Footwear,481,6,7,10
2406,336,2024-06-10,1900-01-01 07:33:00,7,Baby Food,3,313.94,Baby Care,572,6,7,10
2406,336,2024-06-10,1900-01-01 07:33:00,7,Cheese,1,247.45,Dairy & Eggs,196,6,7,10
2406,336,2024-06-10,1900-01-01 07:33:00,7,Shoes,3,396.65,Footwear,999,6,7,10
2406,336,2024-06-10,1900-01-01 07:33:00,7,Pastry,3,319.48,Bakery,205,6,7,10
2407,42,2024-10-05,1900-01-01 15:17:00,15,Prawns,3,429.79,Meat & Seafood,107,10,15,5
2407,42,2024-10-05,1900-01-01 15:17:00,15,Electric Kettle,2,359.39,Electronics,424,10,15,5
2407,42,2024-10-05,1900-01-01 15:17:00,15,Chips,1,421.48,Snacks,923,10,15,5
2407,42,2024-10-05,1900-01-01 15:17:00,15,Saree,1,112.9,Clothing,723,10,15,5
2408,41,2024-07-31,1900-01-01 19:09:00,19,Mixer Grinder,3,429.73,Electronics,587,7,19,31
2408,41,2024-07-31,1900-01-01 19:09:00,19,Fiction Book,2,268.88,Books,361,7,19,31
2408,41,2024-07-31,1900-01-01 19:09:00,19,Energy Drink,1,434.21,Beverages,784,7,19,31
2408,41,2024-07-31,1900-01-01 19:09:00,19,Milk,2,155.37,Dairy & Eggs,639,7,19,31
2408,41,2024-07-31,1900-01-01 19:09:00,19,Detergent,1,261.21,Household,744,7,19,31
2409,330,2024-11-16,1900-01-01 19:59:00,19,Orange,2,62.98,Fruits & Vegetables,211,11,19,16
2409,330,2024-11-16,1900-01-01 19:59:00,19,Floor Cleaner,3,367.12,Household,516,11,19,16
2409,330,2024-11-16,1900-01-01 19:59:00,19,Belt,1,94.34,Clothing Accessories,440,11,19,16
2409,330,2024-11-16,1900-01-01 19:59:00,19,Chocolate,2,273.25,Snacks,318,11,19,16
2409,330,2024-11-16,1900-01-01 19:59:00,19,Rice,3,150.46,Grains & Staples,437,11,19,16
2409,330,2024-11-16,1900-01-01 19:59:00,19,Fish,1,207.62,Meat & Seafood,681,11,19,16
2409,330,2024-11-16,1900-01-01 19:59:00,19,Tea,1,415.68,Beverages,983,11,19,16
2410,269,2024-08-11,1900-01-01 18:49:00,18,Lentils,3,333.35,Grains & Staples,743,8,18,11
2410,269,2024-08-11,1900-01-01 18:49:00,18,Prawns,3,491.46,Meat & Seafood,692,8,18,11
2410,269,2024-08-11,1900-01-01 18:49:00,18,Chicken Breast,3,178.22,Meat & Seafood,895,8,18,11
2410,269,2024-08-11,1900-01-01 18:49:00,18,Saree,2,428.96,Clothing,423,8,18,11
2410,269,2024-08-11,1900-01-01 18:49:00,18,Chocolate,3,149.54,Snacks,914,8,18,11
2410,269,2024-08-11,1900-01-01 18:49:00,18,Biscuits,2,75.1,Snacks,202,8,18,11
2411,301,2024-09-07,1900-01-01 08:16:00,8,Sugar,3,118.35,Grains & Staples,774,9,8,7
2411,301,2024-09-07,1900-01-01 08:16:00,8,Marker,1,352.74,Stationery,843,9,8,7
2411,301,2024-09-07,1900-01-01 08:16:00,8,Toilet Paper,3,64.3,Household,531,9,8,7
2411,301,2024-09-07,1900-01-01 08:16:00,8,Marker,3,450.49,Stationery,402,9,8,7
2411,301,2024-09-07,1900-01-01 08:16:00,8,Popcorn,3,259.32,Snacks,152,9,8,7
2411,301,2024-09-07,1900-01-01 08:16:00,8,Yogurt,2,145.98,Dairy & Eggs,855,9,8,7
2411,301,2024-09-07,1900-01-01 08:16:00,8,Pastry,1,402.69,Bakery,886,9,8,7
2412,386,2024-11-06,1900-01-01 07:37:00,7,Saree,1,325.78,Clothing,990,11,7,6
2412,386,2024-11-06,1900-01-01 07:37:00,7,Face Wash,3,74.41,Personal Care,974,11,7,6
2412,386,2024-11-06,1900-01-01 07:37:00,7,Chocolate,3,237.07,Snacks,812,11,7,6
2412,386,2024-11-06,1900-01-01 07:37:00,7,Electric Kettle,3,122.93,Electronics,561,11,7,6
2412,386,2024-11-06,1900-01-01 07:37:00,7,Carrot,2,178.55,Fruits & Vegetables,212,11,7,6
2412,386,2024-11-06,1900-01-01 07:37:00,7,Cooking Oil,2,313.12,Grains & Staples,266,11,7,6
2412,386,2024-11-06,1900-01-01 07:37:00,7,Energy Drink,1,279.22,Beverages,187,11,7,6
2413,179,2024-09-15,1900-01-01 18:40:00,18,Pasta,3,178.7,Grains & Staples,339,9,18,15
2413,179,2024-09-15,1900-01-01 18:40:00,18,Shampoo,1,34.99,Personal Care,935,9,18,15
2413,179,2024-09-15,1900-01-01 18:40:00,18,Croissant,1,238.29,Bakery,957,9,18,15
2414,487,2024-08-30,1900-01-01 08:13:00,8,Toothpaste,3,285.57,Personal Care,854,8,8,30
2414,487,2024-08-30,1900-01-01 08:13:00,8,Lentils,1,470.75,Grains & Staples,332,8,8,30
2414,487,2024-08-30,1900-01-01 08:13:00,8,Tea,3,143.34,Beverages,432,8,8,30
2414,487,2024-08-30,1900-01-01 08:13:00,8,Tea,1,430.67,Beverages,389,8,8,30
2414,487,2024-08-30,1900-01-01 08:13:00,8,Apple,2,53.76,Fruits & Vegetables,262,8,8,30
2414,487,2024-08-30,1900-01-01 08:13:00,8,Chips,1,70.58,Snacks,768,8,8,30
2414,487,2024-08-30,1900-01-01 08:13:00,8,Diapers,3,195.89,Baby Care,717,8,8,30
2415,281,2024-10-16,1900-01-01 16:02:00,16,Juice,2,468.87,Beverages,857,10,16,16
2415,281,2024-10-16,1900-01-01 16:02:00,16,Diapers,3,278.67,Baby Care,364,10,16,16
2415,281,2024-10-16,1900-01-01 16:02:00,16,Shoes,2,111.05,Footwear,493,10,16,16
2415,281,2024-10-16,1900-01-01 16:02:00,16,Chicken Breast,2,146.91,Meat & Seafood,291,10,16,16
2415,281,2024-10-16,1900-01-01 16:02:00,16,Face Wash,1,280.44,Personal Care,424,10,16,16
2415,281,2024-10-16,1900-01-01 16:02:00,16,Energy Drink,3,400.22,Beverages,749,10,16,16
2415,281,2024-10-16,1900-01-01 16:02:00,16,Salt,3,347.91,Grains & Staples,479,10,16,16
2416,121,2024-01-18,1900-01-01 13:37:00,13,Prawns,3,355.03,Meat & Seafood,623,1,13,18
2416,121,2024-01-18,1900-01-01 13:37:00,13,Butter,2,341.02,Dairy & Eggs,620,1,13,18
2416,121,2024-01-18,1900-01-01 13:37:00,13,Pen,2,289.71,Stationery,419,1,13,18
2416,121,2024-01-18,1900-01-01 13:37:00,13,Vitamins,3,71.53,Health & Wellness,946,1,13,18
2416,121,2024-01-18,1900-01-01 13:37:00,13,Shampoo,2,458.84,Personal Care,725,1,13,18
2416,121,2024-01-18,1900-01-01 13:37:00,13,Eggs,3,275.14,Dairy & Eggs,685,1,13,18
2416,121,2024-01-18,1900-01-01 13:37:00,13,Electric Kettle,1,172.01,Electronics,592,1,13,18
2417,373,2024-06-02,1900-01-01 08:58:00,8,Charger,1,34.44,Electronics,853,6,8,2
2417,373,2024-06-02,1900-01-01 08:58:00,8,Biscuits,1,450.15,Snacks,122,6,8,2
2417,373,2024-06-02,1900-01-01 08:58:00,8,Toilet Paper,2,194.05,Household,391,6,8,2
2417,373,2024-06-02,1900-01-01 08:58:00,8,Onion,3,285.74,Fruits & Vegetables,924,6,8,2
2418,284,2024-03-29,1900-01-01 09:11:00,9,Cheese,3,179.4,Dairy & Eggs,267,3,9,29
2418,284,2024-03-29,1900-01-01 09:11:00,9,Pen,1,214.08,Stationery,723,3,9,29
2418,284,2024-03-29,1900-01-01 09:11:00,9,Coffee,2,177.85,Beverages,977,3,9,29
2418,284,2024-03-29,1900-01-01 09:11:00,9,Toilet Paper,1,391.26,Household,980,3,9,29
2418,284,2024-03-29,1900-01-01 09:11:00,9,Chips,1,495.15,Snacks,508,3,9,29
2419,375,2024-06-23,1900-01-01 08:52:00,8,Vitamins,2,438.07,Health & Wellness,918,6,8,23
2419,375,2024-06-23,1900-01-01 08:52:00,8,Detergent,1,343.37,Household,833,6,8,23
2419,375,2024-06-23,1900-01-01 08:52:00,8,Carrot,1,480.18,Fruits & Vegetables,470,6,8,23
2420,305,2024-04-16,1900-01-01 16:14:00,16,Prawns,1,296.51,Meat & Seafood,887,4,16,16
2420,305,2024-04-16,1900-01-01 16:14:00,16,Baby Food,3,276.11,Baby Care,549,4,16,16
2420,305,2024-04-16,1900-01-01 16:14:00,16,Soda,3,294.83,Beverages,590,4,16,16
2420,305,2024-04-16,1900-01-01 16:14:00,16,Sugar,1,236.59,Grains & Staples,406,4,16,16
2421,329,2024-05-12,1900-01-01 17:51:00,17,Onion,3,158.77,Fruits & Vegetables,785,5,17,12
2421,329,2024-05-12,1900-01-01 17:51:00,17,Wheat Flour,3,99.54,Grains & Staples,418,5,17,12
2421,329,2024-05-12,1900-01-01 17:51:00,17,Carrot,2,465.81,Fruits & Vegetables,106,5,17,12
2421,329,2024-05-12,1900-01-01 17:51:00,17,Tissue,3,240.17,Household,595,5,17,12
2422,40,2024-02-27,1900-01-01 11:34:00,11,Banana,1,177.18,Fruits & Vegetables,193,2,11,27
2422,40,2024-02-27,1900-01-01 11:34:00,11,Fish,3,391.19,Meat & Seafood,617,2,11,27
2422,40,2024-02-27,1900-01-01 11:34:00,11,Tea,1,84.65,Beverages,779,2,11,27
2422,40,2024-02-27,1900-01-01 11:34:00,11,Apple,1,209.4,Fruits & Vegetables,864,2,11,27
2422,40,2024-02-27,1900-01-01 11:34:00,11,Belt,3,275.13,Clothing Accessories,218,2,11,27
2423,70,2024-01-08,1900-01-01 19:05:00,19,Chocolate,2,297.04,Snacks,383,1,19,8
2423,70,2024-01-08,1900-01-01 19:05:00,19,Onion,3,320.78,Fruits & Vegetables,588,1,19,8
2423,70,2024-01-08,1900-01-01 19:05:00,19,Wheat Flour,2,421.6,Grains & Staples,403,1,19,8
2423,70,2024-01-08,1900-01-01 19:05:00,19,Face Wash,3,173.22,Personal Care,742,1,19,8
2423,70,2024-01-08,1900-01-01 19:05:00,19,Dishwashing Liquid,1,448.41,Household,780,1,19,8
2423,70,2024-01-08,1900-01-01 19:05:00,19,Butter,3,449.21,Dairy & Eggs,505,1,19,8
2424,177,2024-02-15,1900-01-01 15:54:00,15,Saree,2,435.35,Clothing,183,2,15,15
2424,177,2024-02-15,1900-01-01 15:54:00,15,Beef,1,278.32,Meat & Seafood,660,2,15,15
2424,177,2024-02-15,1900-01-01 15:54:00,15,Pain Reliever,1,118.26,Health & Wellness,356,2,15,15
2424,177,2024-02-15,1900-01-01 15:54:00,15,Pastry,3,436.28,Bakery,626,2,15,15
2424,177,2024-02-15,1900-01-01 15:54:00,15,Pasta,2,474.59,Grains & Staples,727,2,15,15
2424,177,2024-02-15,1900-01-01 15:54:00,15,Diapers,1,354.86,Baby Care,900,2,15,15
2424,177,2024-02-15,1900-01-01 15:54:00,15,Bread,2,105.13,Bakery,831,2,15,15
2425,350,2024-01-17,1900-01-01 18:10:00,18,Juice,2,306.72,Beverages,458,1,18,17
2425,350,2024-01-17,1900-01-01 18:10:00,18,Pasta,3,282.88,Grains & Staples,580,1,18,17
2425,350,2024-01-17,1900-01-01 18:10:00,18,Potato,3,226.87,Fruits & Vegetables,826,1,18,17
2426,380,2024-01-07,1900-01-01 17:17:00,17,Energy Drink,2,65.65,Beverages,150,1,17,7
2426,380,2024-01-07,1900-01-01 17:17:00,17,Popcorn,2,61.36,Snacks,415,1,17,7
2426,380,2024-01-07,1900-01-01 17:17:00,17,Apple,2,451.83,Fruits & Vegetables,212,1,17,7
2426,380,2024-01-07,1900-01-01 17:17:00,17,Cake,3,475.26,Bakery,233,1,17,7
2426,380,2024-01-07,1900-01-01 17:17:00,17,Shampoo,2,213.62,Personal Care,966,1,17,7
2426,380,2024-01-07,1900-01-01 17:17:00,17,Earphones,2,442.82,Electronics,985,1,17,7
2426,380,2024-01-07,1900-01-01 17:17:00,17,Shirt,1,393.57,Clothing,955,1,17,7
2427,273,2024-05-05,1900-01-01 08:17:00,8,Mixer Grinder,3,73.29,Electronics,156,5,8,5
2427,273,2024-05-05,1900-01-01 08:17:00,8,Cake,2,287.61,Bakery,379,5,8,5
2427,273,2024-05-05,1900-01-01 08:17:00,8,Chocolate,3,391.46,Snacks,121,5,8,5
2428,90,2024-01-16,1900-01-01 06:50:00,6,Spinach,1,78.43,Fruits & Vegetables,233,1,6,16
2428,90,2024-01-16,1900-01-01 06:50:00,6,Salt,1,396.57,Grains & Staples,592,1,6,16
2428,90,2024-01-16,1900-01-01 06:50:00,6,Soda,2,14.08,Beverages,915,1,6,16
2428,90,2024-01-16,1900-01-01 06:50:00,6,Dishwashing Liquid,1,226.69,Household,968,1,6,16
2428,90,2024-01-16,1900-01-01 06:50:00,6,Apple,2,72.5,Fruits & Vegetables,673,1,6,16
2429,447,2024-05-16,1900-01-01 14:19:00,14,Detergent,3,465.74,Household,879,5,14,16
2429,447,2024-05-16,1900-01-01 14:19:00,14,Biscuits,2,188.75,Snacks,391,5,14,16
2429,447,2024-05-16,1900-01-01 14:19:00,14,Soap,2,383.38,Personal Care,132,5,14,16
2429,447,2024-05-16,1900-01-01 14:19:00,14,Chicken Breast,2,221.11,Meat & Seafood,328,5,14,16
2429,447,2024-05-16,1900-01-01 14:19:00,14,Spinach,3,55.9,Fruits & Vegetables,743,5,14,16
2429,447,2024-05-16,1900-01-01 14:19:00,14,Face Wash,3,207.69,Personal Care,353,5,14,16
2430,65,2024-07-14,1900-01-01 19:42:00,19,Vitamins,2,316.28,Health & Wellness,696,7,19,14
2430,65,2024-07-14,1900-01-01 19:42:00,19,Onion,2,206.42,Fruits & Vegetables,980,7,19,14
2430,65,2024-07-14,1900-01-01 19:42:00,19,Charger,1,219.22,Electronics,374,7,19,14
2430,65,2024-07-14,1900-01-01 19:42:00,19,Apple,2,482.06,Fruits & Vegetables,643,7,19,14
2431,232,2024-01-16,1900-01-01 11:03:00,11,Toothpaste,2,427.0,Personal Care,946,1,11,16
2431,232,2024-01-16,1900-01-01 11:03:00,11,Shoes,2,456.94,Footwear,468,1,11,16
2431,232,2024-01-16,1900-01-01 11:03:00,11,Dishwashing Liquid,1,176.92,Household,685,1,11,16
2431,232,2024-01-16,1900-01-01 11:03:00,11,Apple,2,225.58,Fruits & Vegetables,564,1,11,16
2432,267,2024-05-04,1900-01-01 22:31:00,22,Bread,1,495.62,Bakery,242,5,22,4
2432,267,2024-05-04,1900-01-01 22:31:00,22,Carrot,2,210.14,Fruits & Vegetables,613,5,22,4
2432,267,2024-05-04,1900-01-01 22:31:00,22,Pen,2,265.36,Stationery,309,5,22,4
2432,267,2024-05-04,1900-01-01 22:31:00,22,Milk,1,102.17,Dairy & Eggs,607,5,22,4
2432,267,2024-05-04,1900-01-01 22:31:00,22,Jeans,3,247.95,Clothing,176,5,22,4
2433,104,2024-08-09,1900-01-01 22:28:00,22,Butter,2,273.1,Dairy & Eggs,366,8,22,9
2433,104,2024-08-09,1900-01-01 22:28:00,22,Cooking Oil,1,188.74,Grains & Staples,142,8,22,9
2433,104,2024-08-09,1900-01-01 22:28:00,22,Cheese,2,305.0,Dairy & Eggs,670,8,22,9
2433,104,2024-08-09,1900-01-01 22:28:00,22,Pastry,1,339.39,Bakery,705,8,22,9
2433,104,2024-08-09,1900-01-01 22:28:00,22,Milk,2,288.24,Dairy & Eggs,562,8,22,9
2434,353,2024-12-03,1900-01-01 12:10:00,12,Belt,2,418.95,Clothing Accessories,166,12,12,3
2434,353,2024-12-03,1900-01-01 12:10:00,12,Educational Book,3,56.07,Books,182,12,12,3
2434,353,2024-12-03,1900-01-01 12:10:00,12,Apple,1,173.47,Fruits & Vegetables,261,12,12,3
2434,353,2024-12-03,1900-01-01 12:10:00,12,Belt,3,264.35,Clothing Accessories,368,12,12,3
2434,353,2024-12-03,1900-01-01 12:10:00,12,Pen,2,244.08,Stationery,418,12,12,3
2434,353,2024-12-03,1900-01-01 12:10:00,12,Cheese,3,341.08,Dairy & Eggs,473,12,12,3
2435,80,2024-09-09,1900-01-01 20:20:00,20,Spinach,2,145.02,Fruits & Vegetables,381,9,20,9
2435,80,2024-09-09,1900-01-01 20:20:00,20,Soda,2,466.47,Beverages,603,9,20,9
2435,80,2024-09-09,1900-01-01 20:20:00,20,Prawns,3,280.62,Meat & Seafood,855,9,20,9
2435,80,2024-09-09,1900-01-01 20:20:00,20,Chips,2,208.62,Snacks,773,9,20,9
2436,149,2024-05-07,1900-01-01 09:05:00,9,Shampoo,1,341.39,Personal Care,302,5,9,7
2436,149,2024-05-07,1900-01-01 09:05:00,9,Soap,2,24.48,Personal Care,583,5,9,7
2436,149,2024-05-07,1900-01-01 09:05:00,9,Pastry,2,257.03,Bakery,743,5,9,7
2436,149,2024-05-07,1900-01-01 09:05:00,9,Mixer Grinder,2,108.89,Electronics,538,5,9,7
2437,482,2024-01-06,1900-01-01 20:52:00,20,Jeans,2,17.24,Clothing,347,1,20,6
2437,482,2024-01-06,1900-01-01 20:52:00,20,Shirt,3,83.01,Clothing,280,1,20,6
2437,482,2024-01-06,1900-01-01 20:52:00,20,Baby Food,1,242.17,Baby Care,175,1,20,6
2437,482,2024-01-06,1900-01-01 20:52:00,20,Spinach,1,105.39,Fruits & Vegetables,156,1,20,6
2437,482,2024-01-06,1900-01-01 20:52:00,20,Yogurt,2,42.7,Dairy & Eggs,976,1,20,6
2437,482,2024-01-06,1900-01-01 20:52:00,20,Butter,2,183.31,Dairy & Eggs,899,1,20,6
2437,482,2024-01-06,1900-01-01 20:52:00,20,Croissant,1,483.44,Bakery,953,1,20,6
2438,74,2024-05-29,1900-01-01 21:25:00,21,Croissant,2,391.98,Bakery,201,5,21,29
2438,74,2024-05-29,1900-01-01 21:25:00,21,Cheese,3,24.08,Dairy & Eggs,386,5,21,29
2438,74,2024-05-29,1900-01-01 21:25:00,21,Electric Kettle,2,355.35,Electronics,384,5,21,29
2438,74,2024-05-29,1900-01-01 21:25:00,21,Soap,3,345.23,Personal Care,320,5,21,29
2438,74,2024-05-29,1900-01-01 21:25:00,21,Lentils,1,487.93,Grains & Staples,707,5,21,29
2438,74,2024-05-29,1900-01-01 21:25:00,21,Spinach,2,130.27,Fruits & Vegetables,474,5,21,29
2438,74,2024-05-29,1900-01-01 21:25:00,21,Cheese,3,428.32,Dairy & Eggs,299,5,21,29
2439,94,2024-06-25,1900-01-01 19:55:00,19,Floor Cleaner,1,198.81,Household,839,6,19,25
2439,94,2024-06-25,1900-01-01 19:55:00,19,Croissant,1,66.99,Bakery,580,6,19,25
2439,94,2024-06-25,1900-01-01 19:55:00,19,Floor Cleaner,1,38.13,Household,926,6,19,25
2439,94,2024-06-25,1900-01-01 19:55:00,19,Milk,2,207.41,Dairy & Eggs,670,6,19,25
2439,94,2024-06-25,1900-01-01 19:55:00,19,Salt,2,407.01,Grains & Staples,801,6,19,25
2440,480,2024-07-30,1900-01-01 10:24:00,10,Soap,1,349.6,Personal Care,356,7,10,30
2440,480,2024-07-30,1900-01-01 10:24:00,10,Tomato,2,39.58,Fruits & Vegetables,315,7,10,30
2440,480,2024-07-30,1900-01-01 10:24:00,10,Diapers,1,228.93,Baby Care,932,7,10,30
2440,480,2024-07-30,1900-01-01 10:24:00,10,Toothpaste,2,382.25,Personal Care,805,7,10,30
2440,480,2024-07-30,1900-01-01 10:24:00,10,Pastry,3,26.92,Bakery,541,7,10,30
2440,480,2024-07-30,1900-01-01 10:24:00,10,Eggs,1,197.75,Dairy & Eggs,262,7,10,30
2441,310,2024-04-05,1900-01-01 12:25:00,12,Pastry,3,365.06,Bakery,580,4,12,5
2441,310,2024-04-05,1900-01-01 12:25:00,12,Coffee,3,53.5,Beverages,202,4,12,5
2441,310,2024-04-05,1900-01-01 12:25:00,12,Jeans,3,411.91,Clothing,332,4,12,5
2441,310,2024-04-05,1900-01-01 12:25:00,12,Notebook,3,72.39,Stationery,199,4,12,5
2442,201,2024-05-18,1900-01-01 09:20:00,9,Salt,3,260.46,Grains & Staples,400,5,9,18
2442,201,2024-05-18,1900-01-01 09:20:00,9,Butter,1,474.14,Dairy & Eggs,629,5,9,18
2442,201,2024-05-18,1900-01-01 09:20:00,9,Pasta,2,42.7,Grains & Staples,562,5,9,18
2442,201,2024-05-18,1900-01-01 09:20:00,9,Fish,1,121.21,Meat & Seafood,177,5,9,18
2443,453,2024-08-31,1900-01-01 16:38:00,16,Yogurt,3,238.22,Dairy & Eggs,848,8,16,31
2443,453,2024-08-31,1900-01-01 16:38:00,16,Shampoo,3,304.06,Personal Care,621,8,16,31
2443,453,2024-08-31,1900-01-01 16:38:00,16,Beef,1,307.73,Meat & Seafood,827,8,16,31
2443,453,2024-08-31,1900-01-01 16:38:00,16,Salt,2,284.42,Grains & Staples,268,8,16,31
2444,393,2024-10-27,1900-01-01 16:42:00,16,Yogurt,2,364.27,Dairy & Eggs,168,10,16,27
2444,393,2024-10-27,1900-01-01 16:42:00,16,Baby Food,2,110.4,Baby Care,473,10,16,27
2444,393,2024-10-27,1900-01-01 16:42:00,16,Soap,1,470.29,Personal Care,863,10,16,27
2444,393,2024-10-27,1900-01-01 16:42:00,16,Shoes,1,258.25,Footwear,652,10,16,27
2445,116,2024-08-17,1900-01-01 14:50:00,14,Floor Cleaner,3,95.57,Household,644,8,14,17
2445,116,2024-08-17,1900-01-01 14:50:00,14,Fish,3,169.18,Meat & Seafood,283,8,14,17
2445,116,2024-08-17,1900-01-01 14:50:00,14,Wheat Flour,3,343.81,Grains & Staples,507,8,14,17
2445,116,2024-08-17,1900-01-01 14:50:00,14,Detergent,1,15.72,Household,260,8,14,17
2445,116,2024-08-17,1900-01-01 14:50:00,14,Mixer Grinder,1,374.62,Electronics,817,8,14,17
2446,8,2024-07-16,1900-01-01 09:58:00,9,Yogurt,2,384.48,Dairy & Eggs,390,7,9,16
2446,8,2024-07-16,1900-01-01 09:58:00,9,Wheat Flour,3,17.8,Grains & Staples,967,7,9,16
2446,8,2024-07-16,1900-01-01 09:58:00,9,Soap,2,371.21,Personal Care,384,7,9,16
2446,8,2024-07-16,1900-01-01 09:58:00,9,Phone Cover,2,225.34,Electronics,511,7,9,16
2446,8,2024-07-16,1900-01-01 09:58:00,9,Carrot,3,78.07,Fruits & Vegetables,689,7,9,16
2447,191,2024-08-06,1900-01-01 22:47:00,22,Wheat Flour,2,151.46,Grains & Staples,702,8,22,6
2447,191,2024-08-06,1900-01-01 22:47:00,22,Pen,3,233.89,Stationery,522,8,22,6
2447,191,2024-08-06,1900-01-01 22:47:00,22,Saree,1,446.2,Clothing,320,8,22,6
2447,191,2024-08-06,1900-01-01 22:47:00,22,Saree,1,215.81,Clothing,747,8,22,6
2447,191,2024-08-06,1900-01-01 22:47:00,22,Juice,2,364.22,Beverages,822,8,22,6
2448,89,2024-01-02,1900-01-01 11:36:00,11,Banana,1,218.48,Fruits & Vegetables,314,1,11,2
2448,89,2024-01-02,1900-01-01 11:36:00,11,Bread,3,480.65,Bakery,667,1,11,2
2448,89,2024-01-02,1900-01-01 11:36:00,11,Pastry,3,73.86,Bakery,920,1,11,2
2448,89,2024-01-02,1900-01-01 11:36:00,11,Chocolate,3,281.55,Snacks,379,1,11,2
2449,54,2024-04-20,1900-01-01 16:12:00,16,Phone Cover,2,142.71,Electronics,393,4,16,20
2449,54,2024-04-20,1900-01-01 16:12:00,16,Carrot,2,461.55,Fruits & Vegetables,745,4,16,20
2449,54,2024-04-20,1900-01-01 16:12:00,16,Educational Book,1,432.41,Books,652,4,16,20
2449,54,2024-04-20,1900-01-01 16:12:00,16,Educational Book,2,27.83,Books,216,4,16,20
2449,54,2024-04-20,1900-01-01 16:12:00,16,Tissue,3,367.87,Household,209,4,16,20
2449,54,2024-04-20,1900-01-01 16:12:00,16,Tea,2,235.07,Beverages,261,4,16,20
2450,161,2024-11-28,1900-01-01 07:38:00,7,Sugar,1,431.36,Grains & Staples,900,11,7,28
2450,161,2024-11-28,1900-01-01 07:38:00,7,Pen,1,162.9,Stationery,551,11,7,28
2450,161,2024-11-28,1900-01-01 07:38:00,7,Energy Drink,1,86.71,Beverages,281,11,7,28
2451,92,2024-08-16,1900-01-01 10:31:00,10,Butter,1,488.27,Dairy & Eggs,415,8,10,16
2451,92,2024-08-16,1900-01-01 10:31:00,10,Cooking Oil,2,453.91,Grains & Staples,512,8,10,16
2451,92,2024-08-16,1900-01-01 10:31:00,10,Earphones,3,313.71,Electronics,961,8,10,16
2451,92,2024-08-16,1900-01-01 10:31:00,10,Diapers,1,83.15,Baby Care,528,8,10,16
2451,92,2024-08-16,1900-01-01 10:31:00,10,Wheat Flour,1,19.35,Grains & Staples,103,8,10,16
2451,92,2024-08-16,1900-01-01 10:31:00,10,Sugar,3,100.19,Grains & Staples,922,8,10,16
2452,367,2024-06-08,1900-01-01 10:31:00,10,Educational Book,3,238.21,Books,773,6,10,8
2452,367,2024-06-08,1900-01-01 10:31:00,10,Pain Reliever,2,176.68,Health & Wellness,218,6,10,8
2452,367,2024-06-08,1900-01-01 10:31:00,10,Cooking Oil,1,463.81,Grains & Staples,524,6,10,8
2452,367,2024-06-08,1900-01-01 10:31:00,10,Educational Book,2,125.68,Books,988,6,10,8
2452,367,2024-06-08,1900-01-01 10:31:00,10,Croissant,3,229.19,Bakery,629,6,10,8
2453,187,2024-08-14,1900-01-01 09:05:00,9,Soda,2,167.15,Beverages,904,8,9,14
2453,187,2024-08-14,1900-01-01 09:05:00,9,Soda,3,30.27,Beverages,248,8,9,14
2453,187,2024-08-14,1900-01-01 09:05:00,9,Bread,2,395.26,Bakery,480,8,9,14
2454,79,2024-06-25,1900-01-01 08:18:00,8,Biscuits,2,281.4,Snacks,211,6,8,25
2454,79,2024-06-25,1900-01-01 08:18:00,8,Prawns,3,72.84,Meat & Seafood,730,6,8,25
2454,79,2024-06-25,1900-01-01 08:18:00,8,Spinach,2,393.62,Fruits & Vegetables,363,6,8,25
2454,79,2024-06-25,1900-01-01 08:18:00,8,Biscuits,1,292.77,Snacks,172,6,8,25
2455,278,2024-06-09,1900-01-01 09:02:00,9,Shampoo,3,210.09,Personal Care,201,6,9,9
2455,278,2024-06-09,1900-01-01 09:02:00,9,Soap,2,106.09,Personal Care,350,6,9,9
2455,278,2024-06-09,1900-01-01 09:02:00,9,Floor Cleaner,1,366.06,Household,422,6,9,9
2455,278,2024-06-09,1900-01-01 09:02:00,9,Sugar,3,433.2,Grains & Staples,849,6,9,9
2455,278,2024-06-09,1900-01-01 09:02:00,9,Saree,3,318.98,Clothing,131,6,9,9
2456,317,2024-06-23,1900-01-01 16:54:00,16,Rice,1,111.52,Grains & Staples,974,6,16,23
2456,317,2024-06-23,1900-01-01 16:54:00,16,Butter,2,243.75,Dairy & Eggs,790,6,16,23
2456,317,2024-06-23,1900-01-01 16:54:00,16,Shoes,3,310.38,Footwear,426,6,16,23
2456,317,2024-06-23,1900-01-01 16:54:00,16,Rice,1,337.52,Grains & Staples,317,6,16,23
2457,275,2024-07-09,1900-01-01 09:07:00,9,Chips,3,52.16,Snacks,798,7,9,9
2457,275,2024-07-09,1900-01-01 09:07:00,9,Yogurt,1,219.77,Dairy & Eggs,238,7,9,9
2457,275,2024-07-09,1900-01-01 09:07:00,9,Potato,3,52.48,Fruits & Vegetables,954,7,9,9
2457,275,2024-07-09,1900-01-01 09:07:00,9,Bread,1,430.79,Bakery,709,7,9,9
2457,275,2024-07-09,1900-01-01 09:07:00,9,Pain Reliever,3,491.08,Health & Wellness,487,7,9,9
2458,472,2024-01-11,1900-01-01 07:08:00,7,Milk,1,378.8,Dairy & Eggs,805,1,7,11
2458,472,2024-01-11,1900-01-01 07:08:00,7,Popcorn,3,465.95,Snacks,501,1,7,11
2458,472,2024-01-11,1900-01-01 07:08:00,7,Belt,1,336.18,Clothing Accessories,255,1,7,11
2459,367,2024-11-22,1900-01-01 11:50:00,11,Pen,2,226.13,Stationery,999,11,11,22
2459,367,2024-11-22,1900-01-01 11:50:00,11,Orange,1,426.5,Fruits & Vegetables,851,11,11,22
2459,367,2024-11-22,1900-01-01 11:50:00,11,Baby Food,3,106.0,Baby Care,298,11,11,22
2459,367,2024-11-22,1900-01-01 11:50:00,11,Fish,1,401.48,Meat & Seafood,757,11,11,22
2459,367,2024-11-22,1900-01-01 11:50:00,11,Pain Reliever,1,329.0,Health & Wellness,651,11,11,22
2459,367,2024-11-22,1900-01-01 11:50:00,11,Milk,1,168.37,Dairy & Eggs,403,11,11,22
2460,160,2024-08-11,1900-01-01 16:49:00,16,Floor Cleaner,2,210.04,Household,995,8,16,11
2460,160,2024-08-11,1900-01-01 16:49:00,16,Coffee,3,225.77,Beverages,775,8,16,11
2460,160,2024-08-11,1900-01-01 16:49:00,16,Apple,3,402.54,Fruits & Vegetables,370,8,16,11
2460,160,2024-08-11,1900-01-01 16:49:00,16,Butter,1,35.97,Dairy & Eggs,264,8,16,11
2460,160,2024-08-11,1900-01-01 16:49:00,16,Chocolate,3,349.53,Snacks,815,8,16,11
2460,160,2024-08-11,1900-01-01 16:49:00,16,Pastry,3,67.48,Bakery,625,8,16,11
2460,160,2024-08-11,1900-01-01 16:49:00,16,Dress,1,47.34,Clothing,217,8,16,11
2461,116,2024-02-23,1900-01-01 16:59:00,16,Beef,3,344.52,Meat & Seafood,446,2,16,23
2461,116,2024-02-23,1900-01-01 16:59:00,16,Rice,2,327.97,Grains & Staples,118,2,16,23
2461,116,2024-02-23,1900-01-01 16:59:00,16,Milk,1,469.83,Dairy & Eggs,143,2,16,23
2462,226,2024-11-16,1900-01-01 07:49:00,7,Energy Drink,3,102.19,Beverages,560,11,7,16
2462,226,2024-11-16,1900-01-01 07:49:00,7,Pasta,3,338.15,Grains & Staples,691,11,7,16
2462,226,2024-11-16,1900-01-01 07:49:00,7,Spinach,1,279.87,Fruits & Vegetables,232,11,7,16
2463,489,2024-02-11,1900-01-01 11:34:00,11,Dress,2,177.64,Clothing,743,2,11,11
2463,489,2024-02-11,1900-01-01 11:34:00,11,Rice,1,426.81,Grains & Staples,269,2,11,11
2463,489,2024-02-11,1900-01-01 11:34:00,11,Pasta,2,11.2,Grains & Staples,756,2,11,11
2463,489,2024-02-11,1900-01-01 11:34:00,11,Coffee,3,417.93,Beverages,371,2,11,11
2463,489,2024-02-11,1900-01-01 11:34:00,11,Shirt,3,330.62,Clothing,383,2,11,11
2463,489,2024-02-11,1900-01-01 11:34:00,11,Tea,3,442.6,Beverages,237,2,11,11
2463,489,2024-02-11,1900-01-01 11:34:00,11,Chicken Breast,2,84.79,Meat & Seafood,397,2,11,11
2464,434,2024-06-14,1900-01-01 08:09:00,8,Spices,3,425.29,Grains & Staples,759,6,8,14
2464,434,2024-06-14,1900-01-01 08:09:00,8,Salt,1,103.8,Grains & Staples,640,6,8,14
2464,434,2024-06-14,1900-01-01 08:09:00,8,Jeans,3,18.55,Clothing,184,6,8,14
2464,434,2024-06-14,1900-01-01 08:09:00,8,Shoes,3,360.98,Footwear,714,6,8,14
2464,434,2024-06-14,1900-01-01 08:09:00,8,Diapers,1,312.0,Baby Care,602,6,8,14
2464,434,2024-06-14,1900-01-01 08:09:00,8,Pen,1,474.14,Stationery,278,6,8,14
2464,434,2024-06-14,1900-01-01 08:09:00,8,Earphones,2,254.64,Electronics,440,6,8,14
2465,384,2024-08-21,1900-01-01 22:13:00,22,Diapers,3,192.42,Baby Care,322,8,22,21
2465,384,2024-08-21,1900-01-01 22:13:00,22,Face Wash,3,325.37,Personal Care,760,8,22,21
2465,384,2024-08-21,1900-01-01 22:13:00,22,Baby Food,1,210.96,Baby Care,716,8,22,21
2466,71,2024-05-16,1900-01-01 07:12:00,7,Belt,2,256.11,Clothing Accessories,316,5,7,16
2466,71,2024-05-16,1900-01-01 07:12:00,7,Butter,3,99.73,Dairy & Eggs,845,5,7,16
2466,71,2024-05-16,1900-01-01 07:12:00,7,Beef,1,345.39,Meat & Seafood,934,5,7,16
2466,71,2024-05-16,1900-01-01 07:12:00,7,Fish,1,498.97,Meat & Seafood,177,5,7,16
2466,71,2024-05-16,1900-01-01 07:12:00,7,Soda,2,199.57,Beverages,674,5,7,16
2467,316,2024-12-08,1900-01-01 13:09:00,13,Fish,2,155.18,Meat & Seafood,128,12,13,8
2467,316,2024-12-08,1900-01-01 13:09:00,13,Carrot,2,182.31,Fruits & Vegetables,543,12,13,8
2467,316,2024-12-08,1900-01-01 13:09:00,13,Shoes,3,453.81,Footwear,119,12,13,8
2467,316,2024-12-08,1900-01-01 13:09:00,13,Belt,2,388.45,Clothing Accessories,181,12,13,8
2467,316,2024-12-08,1900-01-01 13:09:00,13,Lentils,1,207.17,Grains & Staples,187,12,13,8
2468,69,2024-11-05,1900-01-01 11:25:00,11,Toilet Paper,3,66.22,Household,982,11,11,5
2468,69,2024-11-05,1900-01-01 11:25:00,11,Coffee,3,298.61,Beverages,115,11,11,5
2468,69,2024-11-05,1900-01-01 11:25:00,11,Spinach,1,486.08,Fruits & Vegetables,629,11,11,5
2468,69,2024-11-05,1900-01-01 11:25:00,11,Cookies,2,23.61,Bakery,222,11,11,5
2468,69,2024-11-05,1900-01-01 11:25:00,11,Baby Food,1,425.55,Baby Care,836,11,11,5
2469,461,2024-12-07,1900-01-01 06:14:00,6,Shoes,2,76.0,Footwear,524,12,6,7
2469,461,2024-12-07,1900-01-01 06:14:00,6,Shoes,1,149.78,Footwear,634,12,6,7
2469,461,2024-12-07,1900-01-01 06:14:00,6,Butter,2,283.79,Dairy & Eggs,649,12,6,7
2469,461,2024-12-07,1900-01-01 06:14:00,6,Diapers,2,297.45,Baby Care,778,12,6,7
2469,461,2024-12-07,1900-01-01 06:14:00,6,Soap,2,283.44,Personal Care,677,12,6,7
2470,340,2024-09-26,1900-01-01 17:04:00,17,Banana,1,144.85,Fruits & Vegetables,890,9,17,26
2470,340,2024-09-26,1900-01-01 17:04:00,17,Fish,2,454.08,Meat & Seafood,774,9,17,26
2470,340,2024-09-26,1900-01-01 17:04:00,17,Diapers,3,388.88,Baby Care,164,9,17,26
2470,340,2024-09-26,1900-01-01 17:04:00,17,Butter,2,230.59,Dairy & Eggs,533,9,17,26
2470,340,2024-09-26,1900-01-01 17:04:00,17,Fish,2,143.54,Meat & Seafood,235,9,17,26
2470,340,2024-09-26,1900-01-01 17:04:00,17,Fish,3,178.6,Meat & Seafood,909,9,17,26
2470,340,2024-09-26,1900-01-01 17:04:00,17,Milk,2,307.6,Dairy & Eggs,813,9,17,26
2471,69,2024-08-02,1900-01-01 12:56:00,12,Chicken Breast,3,19.9,Meat & Seafood,734,8,12,2
2471,69,2024-08-02,1900-01-01 12:56:00,12,Salt,3,231.93,Grains & Staples,214,8,12,2
2471,69,2024-08-02,1900-01-01 12:56:00,12,Tomato,3,275.77,Fruits & Vegetables,221,8,12,2
2471,69,2024-08-02,1900-01-01 12:56:00,12,Pen,3,236.78,Stationery,781,8,12,2
2471,69,2024-08-02,1900-01-01 12:56:00,12,Chips,3,467.28,Snacks,724,8,12,2
2471,69,2024-08-02,1900-01-01 12:56:00,12,Orange,2,321.06,Fruits & Vegetables,738,8,12,2
2472,307,2024-08-04,1900-01-01 20:45:00,20,Energy Drink,3,235.73,Beverages,682,8,20,4
2472,307,2024-08-04,1900-01-01 20:45:00,20,Pen,2,125.48,Stationery,848,8,20,4
2472,307,2024-08-04,1900-01-01 20:45:00,20,Milk,3,423.84,Dairy & Eggs,342,8,20,4
2472,307,2024-08-04,1900-01-01 20:45:00,20,Dishwashing Liquid,3,244.03,Household,682,8,20,4
2472,307,2024-08-04,1900-01-01 20:45:00,20,Toilet Paper,2,10.4,Household,272,8,20,4
2472,307,2024-08-04,1900-01-01 20:45:00,20,Soda,1,41.33,Beverages,857,8,20,4
2472,307,2024-08-04,1900-01-01 20:45:00,20,Orange,3,447.0,Fruits & Vegetables,425,8,20,4
2473,173,2024-06-13,1900-01-01 20:15:00,20,Energy Drink,3,183.63,Beverages,387,6,20,13
2473,173,2024-06-13,1900-01-01 20:15:00,20,Energy Drink,1,51.42,Beverages,634,6,20,13
2473,173,2024-06-13,1900-01-01 20:15:00,20,Pastry,1,30.97,Bakery,545,6,20,13
2473,173,2024-06-13,1900-01-01 20:15:00,20,Butter,3,473.52,Dairy & Eggs,833,6,20,13
2473,173,2024-06-13,1900-01-01 20:15:00,20,Milk,3,373.56,Dairy & Eggs,916,6,20,13
2474,276,2024-07-27,1900-01-01 13:23:00,13,Pain Reliever,2,125.44,Health & Wellness,678,7,13,27
2474,276,2024-07-27,1900-01-01 13:23:00,13,Rice,1,123.41,Grains & Staples,154,7,13,27
2474,276,2024-07-27,1900-01-01 13:23:00,13,Shirt,3,138.02,Clothing,499,7,13,27
2475,438,2024-12-14,1900-01-01 09:58:00,9,Bread,2,409.38,Bakery,116,12,9,14
2475,438,2024-12-14,1900-01-01 09:58:00,9,Soda,2,373.36,Beverages,126,12,9,14
2475,438,2024-12-14,1900-01-01 09:58:00,9,Chicken Breast,1,474.78,Meat & Seafood,285,12,9,14
2475,438,2024-12-14,1900-01-01 09:58:00,9,Shampoo,2,93.03,Personal Care,146,12,9,14
2475,438,2024-12-14,1900-01-01 09:58:00,9,Beef,3,308.1,Meat & Seafood,823,12,9,14
2475,438,2024-12-14,1900-01-01 09:58:00,9,Spinach,2,145.72,Fruits & Vegetables,126,12,9,14
2476,335,2024-02-26,1900-01-01 17:37:00,17,Energy Drink,2,84.49,Beverages,162,2,17,26
2476,335,2024-02-26,1900-01-01 17:37:00,17,Tomato,3,76.28,Fruits & Vegetables,623,2,17,26
2476,335,2024-02-26,1900-01-01 17:37:00,17,Sugar,2,236.4,Grains & Staples,506,2,17,26
2476,335,2024-02-26,1900-01-01 17:37:00,17,Wheat Flour,3,441.93,Grains & Staples,364,2,17,26
2476,335,2024-02-26,1900-01-01 17:37:00,17,Banana,2,19.84,Fruits & Vegetables,910,2,17,26
2477,462,2024-02-22,1900-01-01 19:14:00,19,Baby Food,3,104.56,Baby Care,145,2,19,22
2477,462,2024-02-22,1900-01-01 19:14:00,19,Charger,3,323.45,Electronics,320,2,19,22
2477,462,2024-02-22,1900-01-01 19:14:00,19,Carrot,3,388.88,Fruits & Vegetables,314,2,19,22
2477,462,2024-02-22,1900-01-01 19:14:00,19,Sugar,3,49.93,Grains & Staples,471,2,19,22
2477,462,2024-02-22,1900-01-01 19:14:00,19,Marker,3,273.04,Stationery,677,2,19,22
2477,462,2024-02-22,1900-01-01 19:14:00,19,Wheat Flour,2,362.05,Grains & Staples,597,2,19,22
2478,53,2024-08-24,1900-01-01 10:35:00,10,Diapers,3,170.15,Baby Care,573,8,10,24
2478,53,2024-08-24,1900-01-01 10:35:00,10,Orange,3,470.09,Fruits & Vegetables,999,8,10,24
2478,53,2024-08-24,1900-01-01 10:35:00,10,Charger,3,319.36,Electronics,216,8,10,24
2478,53,2024-08-24,1900-01-01 10:35:00,10,Wheat Flour,2,411.94,Grains & Staples,267,8,10,24
2478,53,2024-08-24,1900-01-01 10:35:00,10,Soap,1,359.33,Personal Care,606,8,10,24
2478,53,2024-08-24,1900-01-01 10:35:00,10,Carrot,2,330.66,Fruits & Vegetables,761,8,10,24
2479,430,2024-01-21,1900-01-01 22:09:00,22,Earphones,1,458.19,Electronics,873,1,22,21
2479,430,2024-01-21,1900-01-01 22:09:00,22,Milk,3,103.19,Dairy & Eggs,706,1,22,21
2479,430,2024-01-21,1900-01-01 22:09:00,22,Dress,3,138.29,Clothing,564,1,22,21
2479,430,2024-01-21,1900-01-01 22:09:00,22,Juice,1,259.74,Beverages,568,1,22,21
2479,430,2024-01-21,1900-01-01 22:09:00,22,Shirt,1,249.64,Clothing,127,1,22,21
2479,430,2024-01-21,1900-01-01 22:09:00,22,Juice,3,319.58,Beverages,835,1,22,21
2479,430,2024-01-21,1900-01-01 22:09:00,22,Baby Food,2,481.72,Baby Care,995,1,22,21
2480,303,2024-06-19,1900-01-01 12:45:00,12,Jeans,2,101.54,Clothing,391,6,12,19
2480,303,2024-06-19,1900-01-01 12:45:00,12,Cake,3,467.06,Bakery,548,6,12,19
2480,303,2024-06-19,1900-01-01 12:45:00,12,Wheat Flour,2,33.43,Grains & Staples,872,6,12,19
2480,303,2024-06-19,1900-01-01 12:45:00,12,Coffee,1,142.85,Beverages,754,6,12,19
2481,128,2024-12-02,1900-01-01 17:19:00,17,Salt,2,328.86,Grains & Staples,186,12,17,2
2481,128,2024-12-02,1900-01-01 17:19:00,17,Sugar,1,64.77,Grains & Staples,763,12,17,2
2481,128,2024-12-02,1900-01-01 17:19:00,17,Cooking Oil,3,242.82,Grains & Staples,552,12,17,2
2481,128,2024-12-02,1900-01-01 17:19:00,17,Face Wash,2,255.51,Personal Care,900,12,17,2
2481,128,2024-12-02,1900-01-01 17:19:00,17,Pasta,1,208.13,Grains & Staples,310,12,17,2
2481,128,2024-12-02,1900-01-01 17:19:00,17,Coffee,3,385.45,Beverages,529,12,17,2
2482,20,2024-01-30,1900-01-01 08:22:00,8,Tissue,2,246.82,Household,558,1,8,30
2482,20,2024-01-30,1900-01-01 08:22:00,8,Croissant,3,287.61,Bakery,137,1,8,30
2482,20,2024-01-30,1900-01-01 08:22:00,8,Banana,1,41.37,Fruits & Vegetables,900,1,8,30
2482,20,2024-01-30,1900-01-01 08:22:00,8,Fiction Book,2,342.61,Books,591,1,8,30
2483,278,2024-06-21,1900-01-01 06:49:00,6,Belt,1,78.59,Clothing Accessories,514,6,6,21
2483,278,2024-06-21,1900-01-01 06:49:00,6,Pen,3,302.72,Stationery,553,6,6,21
2483,278,2024-06-21,1900-01-01 06:49:00,6,Shoes,2,109.35,Footwear,472,6,6,21
2484,134,2024-08-11,1900-01-01 11:39:00,11,Tissue,3,259.79,Household,132,8,11,11
2484,134,2024-08-11,1900-01-01 11:39:00,11,Carrot,3,271.51,Fruits & Vegetables,733,8,11,11
2484,134,2024-08-11,1900-01-01 11:39:00,11,Toothpaste,3,235.08,Personal Care,239,8,11,11
2484,134,2024-08-11,1900-01-01 11:39:00,11,Rice,3,413.99,Grains & Staples,833,8,11,11
2484,134,2024-08-11,1900-01-01 11:39:00,11,Detergent,1,394.69,Household,769,8,11,11
2484,134,2024-08-11,1900-01-01 11:39:00,11,Pen,2,436.92,Stationery,799,8,11,11
2485,363,2024-01-02,1900-01-01 22:04:00,22,Mixer Grinder,2,16.6,Electronics,712,1,22,2
2485,363,2024-01-02,1900-01-01 22:04:00,22,Detergent,2,286.84,Household,937,1,22,2
2485,363,2024-01-02,1900-01-01 22:04:00,22,Milk,2,152.78,Dairy & Eggs,723,1,22,2
2485,363,2024-01-02,1900-01-01 22:04:00,22,Pasta,2,104.52,Grains & Staples,492,1,22,2
2485,363,2024-01-02,1900-01-01 22:04:00,22,Detergent,3,105.58,Household,394,1,22,2
2485,363,2024-01-02,1900-01-01 22:04:00,22,Pasta,2,483.32,Grains & Staples,970,1,22,2
2485,363,2024-01-02,1900-01-01 22:04:00,22,Dishwashing Liquid,3,416.03,Household,528,1,22,2
2486,52,2024-08-28,1900-01-01 13:44:00,13,Chicken Breast,3,55.97,Meat & Seafood,561,8,13,28
2486,52,2024-08-28,1900-01-01 13:44:00,13,Soda,2,247.01,Beverages,906,8,13,28
2486,52,2024-08-28,1900-01-01 13:44:00,13,Detergent,2,129.09,Household,924,8,13,28
2486,52,2024-08-28,1900-01-01 13:44:00,13,Dress,1,163.01,Clothing,603,8,13,28
2486,52,2024-08-28,1900-01-01 13:44:00,13,Educational Book,3,93.65,Books,322,8,13,28
2487,176,2024-01-07,1900-01-01 10:09:00,10,Potato,3,424.97,Fruits & Vegetables,397,1,10,7
2487,176,2024-01-07,1900-01-01 10:09:00,10,Pain Reliever,1,434.18,Health & Wellness,281,1,10,7
2487,176,2024-01-07,1900-01-01 10:09:00,10,Eggs,3,330.93,Dairy & Eggs,622,1,10,7
2487,176,2024-01-07,1900-01-01 10:09:00,10,Onion,2,437.01,Fruits & Vegetables,612,1,10,7
2488,490,2024-03-01,1900-01-01 16:41:00,16,Face Wash,3,474.34,Personal Care,558,3,16,1
2488,490,2024-03-01,1900-01-01 16:41:00,16,Tissue,3,240.04,Household,140,3,16,1
2488,490,2024-03-01,1900-01-01 16:41:00,16,Lentils,3,423.32,Grains & Staples,918,3,16,1
2488,490,2024-03-01,1900-01-01 16:41:00,16,Detergent,3,242.41,Household,446,3,16,1
2489,389,2024-12-16,1900-01-01 12:50:00,12,Detergent,1,137.64,Household,746,12,12,16
2489,389,2024-12-16,1900-01-01 12:50:00,12,Face Wash,2,294.59,Personal Care,727,12,12,16
2489,389,2024-12-16,1900-01-01 12:50:00,12,Pain Reliever,3,127.05,Health & Wellness,346,12,12,16
2490,455,2024-08-24,1900-01-01 17:22:00,17,Biscuits,3,399.89,Snacks,921,8,17,24
2490,455,2024-08-24,1900-01-01 17:22:00,17,Cookies,3,322.9,Bakery,591,8,17,24
2490,455,2024-08-24,1900-01-01 17:22:00,17,Soda,2,472.06,Beverages,913,8,17,24
2490,455,2024-08-24,1900-01-01 17:22:00,17,Chips,1,356.76,Snacks,880,8,17,24
2491,1,2024-12-25,1900-01-01 07:12:00,7,Lentils,3,345.81,Grains & Staples,534,12,7,25
2491,1,2024-12-25,1900-01-01 07:12:00,7,Energy Drink,1,377.78,Beverages,867,12,7,25
2491,1,2024-12-25,1900-01-01 07:12:00,7,Pasta,1,231.35,Grains & Staples,307,12,7,25
2492,212,2024-02-09,1900-01-01 22:27:00,22,Tea,3,19.45,Beverages,682,2,22,9
2492,212,2024-02-09,1900-01-01 22:27:00,22,Tea,3,177.65,Beverages,149,2,22,9
2492,212,2024-02-09,1900-01-01 22:27:00,22,Cookies,1,75.16,Bakery,771,2,22,9
2493,485,2024-04-22,1900-01-01 13:51:00,13,Saree,2,121.85,Clothing,493,4,13,22
2493,485,2024-04-22,1900-01-01 13:51:00,13,Floor Cleaner,3,275.68,Household,745,4,13,22
2493,485,2024-04-22,1900-01-01 13:51:00,13,Spices,2,199.61,Grains & Staples,697,4,13,22
2494,463,2024-06-08,1900-01-01 07:43:00,7,Toothpaste,1,218.44,Personal Care,459,6,7,8
2494,463,2024-06-08,1900-01-01 07:43:00,7,Electric Kettle,1,213.16,Electronics,292,6,7,8
2494,463,2024-06-08,1900-01-01 07:43:00,7,Tomato,3,316.12,Fruits & Vegetables,879,6,7,8
2494,463,2024-06-08,1900-01-01 07:43:00,7,Lentils,2,396.86,Grains & Staples,756,6,7,8
2494,463,2024-06-08,1900-01-01 07:43:00,7,Soap,2,340.14,Personal Care,268,6,7,8
2495,481,2024-05-25,1900-01-01 21:56:00,21,Pain Reliever,1,138.54,Health & Wellness,427,5,21,25
2495,481,2024-05-25,1900-01-01 21:56:00,21,Tea,3,221.06,Beverages,840,5,21,25
2495,481,2024-05-25,1900-01-01 21:56:00,21,Spices,1,437.55,Grains & Staples,867,5,21,25
2495,481,2024-05-25,1900-01-01 21:56:00,21,Jeans,3,99.14,Clothing,235,5,21,25
2495,481,2024-05-25,1900-01-01 21:56:00,21,Pasta,1,11.32,Grains & Staples,426,5,21,25
2496,488,2024-05-02,1900-01-01 08:35:00,8,Lentils,1,289.9,Grains & Staples,707,5,8,2
2496,488,2024-05-02,1900-01-01 08:35:00,8,Shoes,1,19.85,Footwear,374,5,8,2
2496,488,2024-05-02,1900-01-01 08:35:00,8,Jeans,2,71.02,Clothing,950,5,8,2
2497,340,2024-06-24,1900-01-01 21:49:00,21,Toilet Paper,2,66.51,Household,539,6,21,24
2497,340,2024-06-24,1900-01-01 21:49:00,21,Popcorn,1,171.1,Snacks,161,6,21,24
2497,340,2024-06-24,1900-01-01 21:49:00,21,Diapers,3,135.31,Baby Care,248,6,21,24
2497,340,2024-06-24,1900-01-01 21:49:00,21,Mixer Grinder,1,216.71,Electronics,718,6,21,24
2497,340,2024-06-24,1900-01-01 21:49:00,21,Dishwashing Liquid,3,273.11,Household,634,6,21,24
2498,182,2024-05-29,1900-01-01 12:02:00,12,Notebook,1,265.11,Stationery,982,5,12,29
2498,182,2024-05-29,1900-01-01 12:02:00,12,Chips,3,323.89,Snacks,574,5,12,29
2498,182,2024-05-29,1900-01-01 12:02:00,12,Apple,1,257.05,Fruits & Vegetables,754,5,12,29
2498,182,2024-05-29,1900-01-01 12:02:00,12,Salt,3,82.59,Grains & Staples,725,5,12,29
2499,310,2024-05-20,1900-01-01 09:04:00,9,Tissue,1,331.81,Household,250,5,9,20
2499,310,2024-05-20,1900-01-01 09:04:00,9,Fiction Book,2,410.57,Books,141,5,9,20
2499,310,2024-05-20,1900-01-01 09:04:00,9,Soap,2,149.4,Personal Care,993,5,9,20
2500,220,2024-08-14,1900-01-01 19:46:00,19,Detergent,1,212.99,Household,779,8,19,14
2500,220,2024-08-14,1900-01-01 19:46:00,19,Banana,3,423.9,Fruits & Vegetables,877,8,19,14
2500,220,2024-08-14,1900-01-01 19:46:00,19,Earphones,2,302.97,Electronics,630,8,19,14
2500,220,2024-08-14,1900-01-01 19:46:00,19,Spinach,1,192.29,Fruits & Vegetables,385,8,19,14
2500,220,2024-08-14,1900-01-01 19:46:00,19,Spinach,1,206.71,Fruits & Vegetables,288,8,19,14
2500,220,2024-08-14,1900-01-01 19:46:00,19,Saree,1,343.91,Clothing,677,8,19,14
2501,462,2024-05-11,1900-01-01 22:27:00,22,Pain Reliever,3,190.81,Health & Wellness,332,5,22,11
2501,462,2024-05-11,1900-01-01 22:27:00,22,Baby Food,2,289.39,Baby Care,167,5,22,11
2501,462,2024-05-11,1900-01-01 22:27:00,22,Earphones,1,45.54,Electronics,691,5,22,11
2502,347,2024-01-14,1900-01-01 11:49:00,11,Salt,3,308.4,Grains & Staples,397,1,11,14
2502,347,2024-01-14,1900-01-01 11:49:00,11,Mixer Grinder,1,20.37,Electronics,517,1,11,14
2502,347,2024-01-14,1900-01-01 11:49:00,11,Educational Book,3,474.02,Books,200,1,11,14
2502,347,2024-01-14,1900-01-01 11:49:00,11,Potato,1,86.64,Fruits & Vegetables,704,1,11,14
2502,347,2024-01-14,1900-01-01 11:49:00,11,Dishwashing Liquid,1,224.08,Household,142,1,11,14
2502,347,2024-01-14,1900-01-01 11:49:00,11,Tomato,1,302.05,Fruits & Vegetables,255,1,11,14
2503,436,2024-08-18,1900-01-01 20:37:00,20,Beef,3,68.11,Meat & Seafood,829,8,20,18
2503,436,2024-08-18,1900-01-01 20:37:00,20,Prawns,3,278.4,Meat & Seafood,180,8,20,18
2503,436,2024-08-18,1900-01-01 20:37:00,20,Toilet Paper,1,147.83,Household,528,8,20,18
2503,436,2024-08-18,1900-01-01 20:37:00,20,Prawns,3,66.1,Meat & Seafood,635,8,20,18
2503,436,2024-08-18,1900-01-01 20:37:00,20,Jeans,2,110.02,Clothing,688,8,20,18
2503,436,2024-08-18,1900-01-01 20:37:00,20,Sugar,1,280.08,Grains & Staples,644,8,20,18
2503,436,2024-08-18,1900-01-01 20:37:00,20,Salt,2,189.9,Grains & Staples,473,8,20,18
2504,351,2024-05-11,1900-01-01 20:00:00,20,Diapers,2,139.16,Baby Care,399,5,20,11
2504,351,2024-05-11,1900-01-01 20:00:00,20,Jeans,2,102.09,Clothing,175,5,20,11
2504,351,2024-05-11,1900-01-01 20:00:00,20,Dishwashing Liquid,2,362.84,Household,691,5,20,11
2504,351,2024-05-11,1900-01-01 20:00:00,20,Pain Reliever,3,177.32,Health & Wellness,583,5,20,11
2505,237,2024-05-28,1900-01-01 09:52:00,9,Jeans,1,398.88,Clothing,158,5,9,28
2505,237,2024-05-28,1900-01-01 09:52:00,9,Popcorn,2,344.1,Snacks,730,5,9,28
2505,237,2024-05-28,1900-01-01 09:52:00,9,Shirt,3,186.56,Clothing,939,5,9,28
2506,70,2024-09-22,1900-01-01 12:54:00,12,Dress,1,95.34,Clothing,415,9,12,22
2506,70,2024-09-22,1900-01-01 12:54:00,12,Salt,2,257.31,Grains & Staples,594,9,12,22
2506,70,2024-09-22,1900-01-01 12:54:00,12,Charger,2,116.41,Electronics,224,9,12,22
2506,70,2024-09-22,1900-01-01 12:54:00,12,Orange,1,423.5,Fruits & Vegetables,157,9,12,22
2506,70,2024-09-22,1900-01-01 12:54:00,12,Soda,3,349.54,Beverages,826,9,12,22
2507,357,2024-07-13,1900-01-01 08:51:00,8,Phone Cover,2,249.73,Electronics,639,7,8,13
2507,357,2024-07-13,1900-01-01 08:51:00,8,Beef,2,108.73,Meat & Seafood,959,7,8,13
2507,357,2024-07-13,1900-01-01 08:51:00,8,Diapers,2,476.35,Baby Care,347,7,8,13
2507,357,2024-07-13,1900-01-01 08:51:00,8,Chips,1,448.55,Snacks,812,7,8,13
2507,357,2024-07-13,1900-01-01 08:51:00,8,Milk,3,105.55,Dairy & Eggs,768,7,8,13
2507,357,2024-07-13,1900-01-01 08:51:00,8,Fish,2,341.4,Meat & Seafood,106,7,8,13
2508,331,2024-04-17,1900-01-01 06:13:00,6,Juice,3,361.35,Beverages,308,4,6,17
2508,331,2024-04-17,1900-01-01 06:13:00,6,Floor Cleaner,1,471.88,Household,488,4,6,17
2508,331,2024-04-17,1900-01-01 06:13:00,6,Shirt,2,264.4,Clothing,781,4,6,17
2509,76,2024-10-22,1900-01-01 17:12:00,17,Pen,1,486.43,Stationery,443,10,17,22
2509,76,2024-10-22,1900-01-01 17:12:00,17,Toothpaste,3,116.63,Personal Care,841,10,17,22
2509,76,2024-10-22,1900-01-01 17:12:00,17,Biscuits,2,410.47,Snacks,875,10,17,22
2510,189,2024-04-24,1900-01-01 10:03:00,10,Cheese,3,142.1,Dairy & Eggs,405,4,10,24
2510,189,2024-04-24,1900-01-01 10:03:00,10,Chips,3,445.36,Snacks,457,4,10,24
2510,189,2024-04-24,1900-01-01 10:03:00,10,Spinach,1,95.65,Fruits & Vegetables,678,4,10,24
2510,189,2024-04-24,1900-01-01 10:03:00,10,Cookies,2,431.52,Bakery,235,4,10,24
2510,189,2024-04-24,1900-01-01 10:03:00,10,Cheese,1,340.09,Dairy & Eggs,141,4,10,24
2510,189,2024-04-24,1900-01-01 10:03:00,10,Charger,1,44.9,Electronics,576,4,10,24
2510,189,2024-04-24,1900-01-01 10:03:00,10,Potato,3,140.66,Fruits & Vegetables,516,4,10,24
2511,54,2024-07-17,1900-01-01 17:35:00,17,Fish,1,224.52,Meat & Seafood,756,7,17,17
2511,54,2024-07-17,1900-01-01 17:35:00,17,Sugar,1,186.73,Grains & Staples,779,7,17,17
2511,54,2024-07-17,1900-01-01 17:35:00,17,Jeans,2,484.23,Clothing,573,7,17,17
2511,54,2024-07-17,1900-01-01 17:35:00,17,Spinach,1,179.68,Fruits & Vegetables,874,7,17,17
2511,54,2024-07-17,1900-01-01 17:35:00,17,Tissue,3,45.21,Household,818,7,17,17
2511,54,2024-07-17,1900-01-01 17:35:00,17,Apple,3,256.19,Fruits & Vegetables,992,7,17,17
2511,54,2024-07-17,1900-01-01 17:35:00,17,Belt,3,336.16,Clothing Accessories,535,7,17,17
2512,76,2024-06-28,1900-01-01 16:51:00,16,Cheese,3,214.23,Dairy & Eggs,152,6,16,28
2512,76,2024-06-28,1900-01-01 16:51:00,16,Tea,3,141.95,Beverages,735,6,16,28
2512,76,2024-06-28,1900-01-01 16:51:00,16,Shampoo,1,345.71,Personal Care,278,6,16,28
2512,76,2024-06-28,1900-01-01 16:51:00,16,Shirt,3,371.45,Clothing,454,6,16,28
2513,331,2024-09-25,1900-01-01 10:09:00,10,Phone Cover,3,311.09,Electronics,834,9,10,25
2513,331,2024-09-25,1900-01-01 10:09:00,10,Biscuits,3,172.42,Snacks,404,9,10,25
2513,331,2024-09-25,1900-01-01 10:09:00,10,Eggs,3,427.91,Dairy & Eggs,950,9,10,25
2513,331,2024-09-25,1900-01-01 10:09:00,10,Belt,3,260.19,Clothing Accessories,873,9,10,25
2513,331,2024-09-25,1900-01-01 10:09:00,10,Shampoo,2,490.84,Personal Care,213,9,10,25
2513,331,2024-09-25,1900-01-01 10:09:00,10,Pastry,3,391.18,Bakery,659,9,10,25
2513,331,2024-09-25,1900-01-01 10:09:00,10,Pasta,2,181.8,Grains & Staples,556,9,10,25
2514,56,2024-08-06,1900-01-01 21:31:00,21,Apple,3,475.11,Fruits & Vegetables,726,8,21,6
2514,56,2024-08-06,1900-01-01 21:31:00,21,Face Wash,1,33.8,Personal Care,287,8,21,6
2514,56,2024-08-06,1900-01-01 21:31:00,21,Beef,3,464.4,Meat & Seafood,834,8,21,6
2515,476,2024-09-08,1900-01-01 20:12:00,20,Charger,1,382.54,Electronics,195,9,20,8
2515,476,2024-09-08,1900-01-01 20:12:00,20,Beef,2,264.91,Meat & Seafood,863,9,20,8
2515,476,2024-09-08,1900-01-01 20:12:00,20,Marker,2,150.07,Stationery,761,9,20,8
2515,476,2024-09-08,1900-01-01 20:12:00,20,Toilet Paper,3,268.88,Household,387,9,20,8
2515,476,2024-09-08,1900-01-01 20:12:00,20,Juice,2,383.66,Beverages,717,9,20,8
2515,476,2024-09-08,1900-01-01 20:12:00,20,Energy Drink,2,397.97,Beverages,347,9,20,8
2515,476,2024-09-08,1900-01-01 20:12:00,20,Chips,1,464.68,Snacks,720,9,20,8
2516,335,2024-03-05,1900-01-01 20:17:00,20,Shoes,2,267.64,Footwear,163,3,20,5
2516,335,2024-03-05,1900-01-01 20:17:00,20,Juice,1,220.9,Beverages,912,3,20,5
2516,335,2024-03-05,1900-01-01 20:17:00,20,Yogurt,1,430.69,Dairy & Eggs,470,3,20,5
2517,404,2024-05-02,1900-01-01 09:44:00,9,Salt,3,210.46,Grains & Staples,500,5,9,2
2517,404,2024-05-02,1900-01-01 09:44:00,9,Eggs,3,249.64,Dairy & Eggs,937,5,9,2
2517,404,2024-05-02,1900-01-01 09:44:00,9,Croissant,2,156.16,Bakery,910,5,9,2
2517,404,2024-05-02,1900-01-01 09:44:00,9,Vitamins,1,107.13,Health & Wellness,237,5,9,2
2517,404,2024-05-02,1900-01-01 09:44:00,9,Dress,3,326.86,Clothing,702,5,9,2
2517,404,2024-05-02,1900-01-01 09:44:00,9,Jeans,2,82.77,Clothing,932,5,9,2
2518,73,2024-05-22,1900-01-01 18:31:00,18,Soda,3,195.23,Beverages,268,5,18,22
2518,73,2024-05-22,1900-01-01 18:31:00,18,Face Wash,3,176.41,Personal Care,784,5,18,22
2518,73,2024-05-22,1900-01-01 18:31:00,18,Cheese,1,217.7,Dairy & Eggs,313,5,18,22
2518,73,2024-05-22,1900-01-01 18:31:00,18,Butter,2,111.13,Dairy & Eggs,324,5,18,22
2518,73,2024-05-22,1900-01-01 18:31:00,18,Tea,2,176.1,Beverages,824,5,18,22
2518,73,2024-05-22,1900-01-01 18:31:00,18,Cheese,3,446.36,Dairy & Eggs,617,5,18,22
2518,73,2024-05-22,1900-01-01 18:31:00,18,Potato,3,203.61,Fruits & Vegetables,456,5,18,22
2519,377,2024-12-30,1900-01-01 09:08:00,9,Pen,2,290.15,Stationery,439,12,9,30
2519,377,2024-12-30,1900-01-01 09:08:00,9,Shoes,3,363.8,Footwear,898,12,9,30
2519,377,2024-12-30,1900-01-01 09:08:00,9,Salt,3,50.6,Grains & Staples,247,12,9,30
2519,377,2024-12-30,1900-01-01 09:08:00,9,Earphones,3,464.95,Electronics,851,12,9,30
2519,377,2024-12-30,1900-01-01 09:08:00,9,Soda,3,368.49,Beverages,755,12,9,30
2519,377,2024-12-30,1900-01-01 09:08:00,9,Detergent,2,389.07,Household,334,12,9,30
2519,377,2024-12-30,1900-01-01 09:08:00,9,Shoes,1,363.12,Footwear,679,12,9,30
2520,28,2024-11-24,1900-01-01 21:56:00,21,Milk,1,356.54,Dairy & Eggs,129,11,21,24
2520,28,2024-11-24,1900-01-01 21:56:00,21,Pen,2,246.08,Stationery,508,11,21,24
2520,28,2024-11-24,1900-01-01 21:56:00,21,Earphones,3,13.93,Electronics,586,11,21,24
2520,28,2024-11-24,1900-01-01 21:56:00,21,Onion,2,463.91,Fruits & Vegetables,688,11,21,24
2520,28,2024-11-24,1900-01-01 21:56:00,21,Chips,1,12.01,Snacks,601,11,21,24
2520,28,2024-11-24,1900-01-01 21:56:00,21,Electric Kettle,2,238.98,Electronics,330,11,21,24
2520,28,2024-11-24,1900-01-01 21:56:00,21,Phone Cover,3,190.07,Electronics,398,11,21,24
2521,267,2024-05-06,1900-01-01 15:51:00,15,Spices,1,163.56,Grains & Staples,407,5,15,6
2521,267,2024-05-06,1900-01-01 15:51:00,15,Chocolate,3,483.34,Snacks,121,5,15,6
2521,267,2024-05-06,1900-01-01 15:51:00,15,Jeans,1,441.12,Clothing,463,5,15,6
2521,267,2024-05-06,1900-01-01 15:51:00,15,Lentils,3,15.2,Grains & Staples,444,5,15,6
2521,267,2024-05-06,1900-01-01 15:51:00,15,Spinach,3,31.83,Fruits & Vegetables,520,5,15,6
2521,267,2024-05-06,1900-01-01 15:51:00,15,Onion,2,310.91,Fruits & Vegetables,467,5,15,6
2521,267,2024-05-06,1900-01-01 15:51:00,15,Pain Reliever,2,175.68,Health & Wellness,578,5,15,6
2522,146,2024-04-03,1900-01-01 19:05:00,19,Tomato,1,373.93,Fruits & Vegetables,737,4,19,3
2522,146,2024-04-03,1900-01-01 19:05:00,19,Yogurt,3,101.32,Dairy & Eggs,914,4,19,3
2522,146,2024-04-03,1900-01-01 19:05:00,19,Rice,3,168.5,Grains & Staples,703,4,19,3
2522,146,2024-04-03,1900-01-01 19:05:00,19,Cookies,1,24.45,Bakery,995,4,19,3
2523,459,2024-09-22,1900-01-01 16:52:00,16,Pain Reliever,3,292.78,Health & Wellness,478,9,16,22
2523,459,2024-09-22,1900-01-01 16:52:00,16,Potato,1,433.13,Fruits & Vegetables,973,9,16,22
2523,459,2024-09-22,1900-01-01 16:52:00,16,Dishwashing Liquid,1,263.5,Household,498,9,16,22
2524,448,2024-06-27,1900-01-01 08:47:00,8,Face Wash,2,398.49,Personal Care,308,6,8,27
2524,448,2024-06-27,1900-01-01 08:47:00,8,Soda,3,156.91,Beverages,211,6,8,27
2524,448,2024-06-27,1900-01-01 08:47:00,8,Belt,3,341.74,Clothing Accessories,885,6,8,27
2524,448,2024-06-27,1900-01-01 08:47:00,8,Yogurt,1,227.87,Dairy & Eggs,950,6,8,27
2524,448,2024-06-27,1900-01-01 08:47:00,8,Chicken Breast,2,421.04,Meat & Seafood,246,6,8,27
2524,448,2024-06-27,1900-01-01 08:47:00,8,Biscuits,3,112.57,Snacks,827,6,8,27
2524,448,2024-06-27,1900-01-01 08:47:00,8,Tea,2,495.81,Beverages,176,6,8,27
2525,26,2024-08-18,1900-01-01 17:13:00,17,Rice,1,245.59,Grains & Staples,687,8,17,18
2525,26,2024-08-18,1900-01-01 17:13:00,17,Milk,1,36.28,Dairy & Eggs,701,8,17,18
2525,26,2024-08-18,1900-01-01 17:13:00,17,Yogurt,1,256.22,Dairy & Eggs,673,8,17,18
2525,26,2024-08-18,1900-01-01 17:13:00,17,Spices,2,487.76,Grains & Staples,533,8,17,18
2525,26,2024-08-18,1900-01-01 17:13:00,17,Orange,1,351.83,Fruits & Vegetables,354,8,17,18
2525,26,2024-08-18,1900-01-01 17:13:00,17,Biscuits,2,268.92,Snacks,470,8,17,18
2525,26,2024-08-18,1900-01-01 17:13:00,17,Face Wash,2,241.52,Personal Care,159,8,17,18
2526,48,2024-06-30,1900-01-01 18:44:00,18,Pain Reliever,1,89.31,Health & Wellness,343,6,18,30
2526,48,2024-06-30,1900-01-01 18:44:00,18,Milk,2,496.03,Dairy & Eggs,844,6,18,30
2526,48,2024-06-30,1900-01-01 18:44:00,18,Shampoo,1,271.9,Personal Care,155,6,18,30
2526,48,2024-06-30,1900-01-01 18:44:00,18,Shampoo,1,386.4,Personal Care,394,6,18,30
2527,407,2024-01-10,1900-01-01 13:52:00,13,Soda,3,384.48,Beverages,364,1,13,10
2527,407,2024-01-10,1900-01-01 13:52:00,13,Electric Kettle,2,435.48,Electronics,386,1,13,10
2527,407,2024-01-10,1900-01-01 13:52:00,13,Energy Drink,1,486.98,Beverages,747,1,13,10
2527,407,2024-01-10,1900-01-01 13:52:00,13,Bread,3,383.86,Bakery,960,1,13,10
2528,460,2024-12-23,1900-01-01 16:02:00,16,Tissue,1,229.0,Household,613,12,16,23
2528,460,2024-12-23,1900-01-01 16:02:00,16,Electric Kettle,1,95.11,Electronics,389,12,16,23
2528,460,2024-12-23,1900-01-01 16:02:00,16,Milk,1,304.87,Dairy & Eggs,135,12,16,23
2529,202,2024-01-18,1900-01-01 15:55:00,15,Jeans,1,81.72,Clothing,116,1,15,18
2529,202,2024-01-18,1900-01-01 15:55:00,15,Electric Kettle,3,413.21,Electronics,202,1,15,18
2529,202,2024-01-18,1900-01-01 15:55:00,15,Dishwashing Liquid,2,57.15,Household,883,1,15,18
2529,202,2024-01-18,1900-01-01 15:55:00,15,Saree,1,237.7,Clothing,312,1,15,18
2529,202,2024-01-18,1900-01-01 15:55:00,15,Pastry,3,66.87,Bakery,821,1,15,18
2529,202,2024-01-18,1900-01-01 15:55:00,15,Cheese,3,254.88,Dairy & Eggs,778,1,15,18
2529,202,2024-01-18,1900-01-01 15:55:00,15,Educational Book,1,415.48,Books,241,1,15,18
2530,499,2024-02-03,1900-01-01 10:49:00,10,Wheat Flour,2,128.85,Grains & Staples,313,2,10,3
2530,499,2024-02-03,1900-01-01 10:49:00,10,Popcorn,3,450.07,Snacks,332,2,10,3
2530,499,2024-02-03,1900-01-01 10:49:00,10,Cookies,1,287.44,Bakery,226,2,10,3
2530,499,2024-02-03,1900-01-01 10:49:00,10,Cooking Oil,3,115.27,Grains & Staples,336,2,10,3
2531,314,2024-07-29,1900-01-01 07:52:00,7,Vitamins,2,96.82,Health & Wellness,367,7,7,29
2531,314,2024-07-29,1900-01-01 07:52:00,7,Apple,1,233.92,Fruits & Vegetables,217,7,7,29
2531,314,2024-07-29,1900-01-01 07:52:00,7,Pasta,3,452.07,Grains & Staples,513,7,7,29
2531,314,2024-07-29,1900-01-01 07:52:00,7,Educational Book,2,392.82,Books,196,7,7,29
2531,314,2024-07-29,1900-01-01 07:52:00,7,Croissant,1,220.18,Bakery,613,7,7,29
2531,314,2024-07-29,1900-01-01 07:52:00,7,Cheese,1,311.5,Dairy & Eggs,597,7,7,29
2532,479,2024-11-12,1900-01-01 13:18:00,13,Cake,1,163.74,Bakery,470,11,13,12
2532,479,2024-11-12,1900-01-01 13:18:00,13,Tomato,3,102.72,Fruits & Vegetables,458,11,13,12
2532,479,2024-11-12,1900-01-01 13:18:00,13,Baby Food,3,350.94,Baby Care,797,11,13,12
2532,479,2024-11-12,1900-01-01 13:18:00,13,Bread,1,299.88,Bakery,749,11,13,12
2532,479,2024-11-12,1900-01-01 13:18:00,13,Carrot,3,272.14,Fruits & Vegetables,967,11,13,12
2532,479,2024-11-12,1900-01-01 13:18:00,13,Prawns,3,142.39,Meat & Seafood,615,11,13,12
2532,479,2024-11-12,1900-01-01 13:18:00,13,Diapers,1,229.11,Baby Care,919,11,13,12
2533,439,2024-08-17,1900-01-01 10:14:00,10,Notebook,3,323.21,Stationery,222,8,10,17
2533,439,2024-08-17,1900-01-01 10:14:00,10,Cookies,1,137.8,Bakery,903,8,10,17
2533,439,2024-08-17,1900-01-01 10:14:00,10,Dishwashing Liquid,3,270.51,Household,178,8,10,17
2533,439,2024-08-17,1900-01-01 10:14:00,10,Potato,1,78.48,Fruits & Vegetables,734,8,10,17
2533,439,2024-08-17,1900-01-01 10:14:00,10,Diapers,3,55.87,Baby Care,934,8,10,17
2533,439,2024-08-17,1900-01-01 10:14:00,10,Fish,3,387.9,Meat & Seafood,570,8,10,17
2533,439,2024-08-17,1900-01-01 10:14:00,10,Lentils,3,290.37,Grains & Staples,207,8,10,17
2534,285,2024-10-08,1900-01-01 07:57:00,7,Chocolate,2,325.15,Snacks,131,10,7,8
2534,285,2024-10-08,1900-01-01 07:57:00,7,Tea,2,407.21,Beverages,194,10,7,8
2534,285,2024-10-08,1900-01-01 07:57:00,7,Bread,3,446.71,Bakery,214,10,7,8
2534,285,2024-10-08,1900-01-01 07:57:00,7,Charger,3,350.55,Electronics,174,10,7,8
2534,285,2024-10-08,1900-01-01 07:57:00,7,Dishwashing Liquid,1,353.03,Household,603,10,7,8
2534,285,2024-10-08,1900-01-01 07:57:00,7,Tomato,3,358.98,Fruits & Vegetables,339,10,7,8
2535,12,2024-08-04,1900-01-01 13:46:00,13,Cooking Oil,2,428.99,Grains & Staples,291,8,13,4
2535,12,2024-08-04,1900-01-01 13:46:00,13,Chicken Breast,1,248.85,Meat & Seafood,146,8,13,4
2535,12,2024-08-04,1900-01-01 13:46:00,13,Cake,2,361.55,Bakery,938,8,13,4
2535,12,2024-08-04,1900-01-01 13:46:00,13,Detergent,1,380.82,Household,583,8,13,4
2535,12,2024-08-04,1900-01-01 13:46:00,13,Detergent,2,86.31,Household,316,8,13,4
2535,12,2024-08-04,1900-01-01 13:46:00,13,Charger,2,336.81,Electronics,841,8,13,4
2535,12,2024-08-04,1900-01-01 13:46:00,13,Chicken Breast,2,20.79,Meat & Seafood,778,8,13,4
2536,131,2024-01-14,1900-01-01 18:13:00,18,Floor Cleaner,1,439.01,Household,676,1,18,14
2536,131,2024-01-14,1900-01-01 18:13:00,18,Apple,3,241.84,Fruits & Vegetables,465,1,18,14
2536,131,2024-01-14,1900-01-01 18:13:00,18,Popcorn,1,27.08,Snacks,207,1,18,14
2536,131,2024-01-14,1900-01-01 18:13:00,18,Vitamins,1,16.12,Health & Wellness,900,1,18,14
2536,131,2024-01-14,1900-01-01 18:13:00,18,Floor Cleaner,1,392.63,Household,893,1,18,14
2536,131,2024-01-14,1900-01-01 18:13:00,18,Soda,1,435.71,Beverages,212,1,18,14
2537,425,2024-04-09,1900-01-01 20:02:00,20,Orange,2,217.57,Fruits & Vegetables,440,4,20,9
2537,425,2024-04-09,1900-01-01 20:02:00,20,Pastry,2,370.44,Bakery,374,4,20,9
2537,425,2024-04-09,1900-01-01 20:02:00,20,Baby Food,1,265.9,Baby Care,767,4,20,9
2537,425,2024-04-09,1900-01-01 20:02:00,20,Energy Drink,1,23.9,Beverages,477,4,20,9
2537,425,2024-04-09,1900-01-01 20:02:00,20,Electric Kettle,1,283.52,Electronics,502,4,20,9
2538,165,2024-11-18,1900-01-01 19:14:00,19,Earphones,3,99.48,Electronics,587,11,19,18
2538,165,2024-11-18,1900-01-01 19:14:00,19,Chips,2,216.11,Snacks,243,11,19,18
2538,165,2024-11-18,1900-01-01 19:14:00,19,Notebook,2,209.85,Stationery,565,11,19,18
2538,165,2024-11-18,1900-01-01 19:14:00,19,Diapers,3,97.53,Baby Care,106,11,19,18
2538,165,2024-11-18,1900-01-01 19:14:00,19,Banana,1,251.18,Fruits & Vegetables,608,11,19,18
2538,165,2024-11-18,1900-01-01 19:14:00,19,Baby Food,2,380.77,Baby Care,729,11,19,18
2538,165,2024-11-18,1900-01-01 19:14:00,19,Tea,1,48.09,Beverages,762,11,19,18
2539,325,2024-06-02,1900-01-01 16:51:00,16,Pastry,1,160.61,Bakery,753,6,16,2
2539,325,2024-06-02,1900-01-01 16:51:00,16,Detergent,1,227.81,Household,649,6,16,2
2539,325,2024-06-02,1900-01-01 16:51:00,16,Spinach,1,252.03,Fruits & Vegetables,407,6,16,2
2539,325,2024-06-02,1900-01-01 16:51:00,16,Pen,1,273.17,Stationery,435,6,16,2
2539,325,2024-06-02,1900-01-01 16:51:00,16,Earphones,1,297.85,Electronics,727,6,16,2
2540,215,2024-05-14,1900-01-01 08:43:00,8,Croissant,3,145.39,Bakery,444,5,8,14
2540,215,2024-05-14,1900-01-01 08:43:00,8,Tea,3,173.3,Beverages,412,5,8,14
2540,215,2024-05-14,1900-01-01 08:43:00,8,Charger,1,245.0,Electronics,419,5,8,14
2540,215,2024-05-14,1900-01-01 08:43:00,8,Wheat Flour,3,462.5,Grains & Staples,928,5,8,14
2541,17,2024-12-16,1900-01-01 19:36:00,19,Wheat Flour,2,400.55,Grains & Staples,887,12,19,16
2541,17,2024-12-16,1900-01-01 19:36:00,19,Dress,2,328.15,Clothing,524,12,19,16
2541,17,2024-12-16,1900-01-01 19:36:00,19,Spices,1,357.8,Grains & Staples,528,12,19,16
2541,17,2024-12-16,1900-01-01 19:36:00,19,Carrot,1,72.64,Fruits & Vegetables,540,12,19,16
2541,17,2024-12-16,1900-01-01 19:36:00,19,Shirt,3,275.94,Clothing,267,12,19,16
2542,184,2024-08-24,1900-01-01 20:33:00,20,Tissue,1,486.15,Household,729,8,20,24
2542,184,2024-08-24,1900-01-01 20:33:00,20,Saree,3,498.09,Clothing,970,8,20,24
2542,184,2024-08-24,1900-01-01 20:33:00,20,Yogurt,1,159.84,Dairy & Eggs,269,8,20,24
2542,184,2024-08-24,1900-01-01 20:33:00,20,Cake,2,397.19,Bakery,652,8,20,24
2542,184,2024-08-24,1900-01-01 20:33:00,20,Pasta,1,140.55,Grains & Staples,926,8,20,24
2542,184,2024-08-24,1900-01-01 20:33:00,20,Chocolate,1,416.51,Snacks,687,8,20,24
2543,103,2024-10-02,1900-01-01 07:32:00,7,Lentils,2,36.21,Grains & Staples,634,10,7,2
2543,103,2024-10-02,1900-01-01 07:32:00,7,Orange,2,122.17,Fruits & Vegetables,389,10,7,2
2543,103,2024-10-02,1900-01-01 07:32:00,7,Butter,1,136.26,Dairy & Eggs,806,10,7,2
2544,342,2024-07-20,1900-01-01 09:49:00,9,Cookies,1,51.27,Bakery,304,7,9,20
2544,342,2024-07-20,1900-01-01 09:49:00,9,Shoes,1,17.89,Footwear,299,7,9,20
2544,342,2024-07-20,1900-01-01 09:49:00,9,Baby Food,3,480.3,Baby Care,949,7,9,20
2544,342,2024-07-20,1900-01-01 09:49:00,9,Tomato,3,326.41,Fruits & Vegetables,557,7,9,20
2544,342,2024-07-20,1900-01-01 09:49:00,9,Chips,2,199.2,Snacks,412,7,9,20
2544,342,2024-07-20,1900-01-01 09:49:00,9,Notebook,2,266.83,Stationery,447,7,9,20
2544,342,2024-07-20,1900-01-01 09:49:00,9,Pasta,2,139.98,Grains & Staples,421,7,9,20
2545,465,2024-05-09,1900-01-01 21:25:00,21,Baby Food,2,68.57,Baby Care,281,5,21,9
2545,465,2024-05-09,1900-01-01 21:25:00,21,Prawns,3,407.35,Meat & Seafood,741,5,21,9
2545,465,2024-05-09,1900-01-01 21:25:00,21,Banana,2,365.85,Fruits & Vegetables,211,5,21,9
2545,465,2024-05-09,1900-01-01 21:25:00,21,Salt,2,455.45,Grains & Staples,197,5,21,9
2545,465,2024-05-09,1900-01-01 21:25:00,21,Chocolate,1,393.3,Snacks,999,5,21,9
2545,465,2024-05-09,1900-01-01 21:25:00,21,Wheat Flour,1,51.61,Grains & Staples,596,5,21,9
2545,465,2024-05-09,1900-01-01 21:25:00,21,Carrot,2,284.57,Fruits & Vegetables,439,5,21,9
2546,12,2024-12-07,1900-01-01 11:04:00,11,Shampoo,1,414.27,Personal Care,684,12,11,7
2546,12,2024-12-07,1900-01-01 11:04:00,11,Butter,1,19.8,Dairy & Eggs,628,12,11,7
2546,12,2024-12-07,1900-01-01 11:04:00,11,Shoes,1,200.06,Footwear,465,12,11,7
2547,53,2024-07-28,1900-01-01 08:33:00,8,Carrot,2,439.92,Fruits & Vegetables,261,7,8,28
2547,53,2024-07-28,1900-01-01 08:33:00,8,Jeans,1,366.08,Clothing,735,7,8,28
2547,53,2024-07-28,1900-01-01 08:33:00,8,Spices,2,483.76,Grains & Staples,583,7,8,28
2547,53,2024-07-28,1900-01-01 08:33:00,8,Notebook,1,84.77,Stationery,904,7,8,28
2547,53,2024-07-28,1900-01-01 08:33:00,8,Tomato,2,451.34,Fruits & Vegetables,979,7,8,28
2547,53,2024-07-28,1900-01-01 08:33:00,8,Carrot,1,52.59,Fruits & Vegetables,225,7,8,28
2547,53,2024-07-28,1900-01-01 08:33:00,8,Spinach,3,428.98,Fruits & Vegetables,533,7,8,28
2548,492,2024-08-29,1900-01-01 19:27:00,19,Chocolate,1,90.77,Snacks,788,8,19,29
2548,492,2024-08-29,1900-01-01 19:27:00,19,Soap,2,296.34,Personal Care,544,8,19,29
2548,492,2024-08-29,1900-01-01 19:27:00,19,Phone Cover,1,147.28,Electronics,623,8,19,29
2549,300,2024-01-01,1900-01-01 15:05:00,15,Dress,1,292.79,Clothing,174,1,15,1
2549,300,2024-01-01,1900-01-01 15:05:00,15,Shoes,2,455.56,Footwear,280,1,15,1
2549,300,2024-01-01,1900-01-01 15:05:00,15,Shirt,2,89.1,Clothing,384,1,15,1
2549,300,2024-01-01,1900-01-01 15:05:00,15,Apple,1,262.25,Fruits & Vegetables,259,1,15,1
2549,300,2024-01-01,1900-01-01 15:05:00,15,Tea,2,109.49,Beverages,450,1,15,1
2549,300,2024-01-01,1900-01-01 15:05:00,15,Charger,3,213.06,Electronics,660,1,15,1
2550,356,2024-05-31,1900-01-01 14:51:00,14,Wheat Flour,3,222.74,Grains & Staples,334,5,14,31
2550,356,2024-05-31,1900-01-01 14:51:00,14,Biscuits,1,196.94,Snacks,921,5,14,31
2550,356,2024-05-31,1900-01-01 14:51:00,14,Apple,1,164.5,Fruits & Vegetables,982,5,14,31
2550,356,2024-05-31,1900-01-01 14:51:00,14,Toothpaste,3,482.58,Personal Care,473,5,14,31
2550,356,2024-05-31,1900-01-01 14:51:00,14,Milk,2,262.57,Dairy & Eggs,272,5,14,31
2550,356,2024-05-31,1900-01-01 14:51:00,14,Face Wash,2,30.28,Personal Care,333,5,14,31
2551,379,2024-09-03,1900-01-01 09:21:00,9,Apple,2,130.36,Fruits & Vegetables,485,9,9,3
2551,379,2024-09-03,1900-01-01 09:21:00,9,Mixer Grinder,1,91.67,Electronics,981,9,9,3
2551,379,2024-09-03,1900-01-01 09:21:00,9,Baby Food,3,305.19,Baby Care,634,9,9,3
2551,379,2024-09-03,1900-01-01 09:21:00,9,Tissue,3,247.66,Household,248,9,9,3
2552,3,2024-04-05,1900-01-01 21:59:00,21,Detergent,1,341.87,Household,343,4,21,5
2552,3,2024-04-05,1900-01-01 21:59:00,21,Bread,3,436.12,Bakery,879,4,21,5
2552,3,2024-04-05,1900-01-01 21:59:00,21,Vitamins,2,306.28,Health & Wellness,406,4,21,5
2552,3,2024-04-05,1900-01-01 21:59:00,21,Cookies,2,468.82,Bakery,280,4,21,5
2552,3,2024-04-05,1900-01-01 21:59:00,21,Energy Drink,3,52.17,Beverages,961,4,21,5
2552,3,2024-04-05,1900-01-01 21:59:00,21,Earphones,3,142.96,Electronics,747,4,21,5
2552,3,2024-04-05,1900-01-01 21:59:00,21,Sugar,1,494.48,Grains & Staples,926,4,21,5
2553,382,2024-03-09,1900-01-01 22:04:00,22,Cooking Oil,2,305.6,Grains & Staples,469,3,22,9
2553,382,2024-03-09,1900-01-01 22:04:00,22,Electric Kettle,1,314.86,Electronics,653,3,22,9
2553,382,2024-03-09,1900-01-01 22:04:00,22,Charger,3,322.64,Electronics,952,3,22,9
2553,382,2024-03-09,1900-01-01 22:04:00,22,Chips,2,397.47,Snacks,525,3,22,9
2553,382,2024-03-09,1900-01-01 22:04:00,22,Beef,3,161.88,Meat & Seafood,738,3,22,9
2553,382,2024-03-09,1900-01-01 22:04:00,22,Yogurt,1,31.55,Dairy & Eggs,908,3,22,9
2553,382,2024-03-09,1900-01-01 22:04:00,22,Earphones,3,164.77,Electronics,695,3,22,9
2554,463,2024-04-05,1900-01-01 19:25:00,19,Juice,2,27.85,Beverages,484,4,19,5
2554,463,2024-04-05,1900-01-01 19:25:00,19,Marker,1,479.45,Stationery,738,4,19,5
2554,463,2024-04-05,1900-01-01 19:25:00,19,Cheese,3,306.06,Dairy & Eggs,570,4,19,5
2554,463,2024-04-05,1900-01-01 19:25:00,19,Charger,2,348.48,Electronics,789,4,19,5
2554,463,2024-04-05,1900-01-01 19:25:00,19,Wheat Flour,2,460.48,Grains & Staples,221,4,19,5
2554,463,2024-04-05,1900-01-01 19:25:00,19,Face Wash,2,487.26,Personal Care,392,4,19,5
2555,134,2024-10-08,1900-01-01 13:27:00,13,Chocolate,1,496.51,Snacks,910,10,13,8
2555,134,2024-10-08,1900-01-01 13:27:00,13,Cheese,1,39.81,Dairy & Eggs,900,10,13,8
2555,134,2024-10-08,1900-01-01 13:27:00,13,Cake,1,227.48,Bakery,338,10,13,8
2555,134,2024-10-08,1900-01-01 13:27:00,13,Potato,2,76.26,Fruits & Vegetables,665,10,13,8
2556,378,2024-12-24,1900-01-01 15:47:00,15,Spinach,1,186.19,Fruits & Vegetables,895,12,15,24
2556,378,2024-12-24,1900-01-01 15:47:00,15,Chicken Breast,3,405.24,Meat & Seafood,257,12,15,24
2556,378,2024-12-24,1900-01-01 15:47:00,15,Notebook,3,132.4,Stationery,530,12,15,24
2556,378,2024-12-24,1900-01-01 15:47:00,15,Bread,3,38.67,Bakery,805,12,15,24
2556,378,2024-12-24,1900-01-01 15:47:00,15,Soap,3,275.37,Personal Care,132,12,15,24
2556,378,2024-12-24,1900-01-01 15:47:00,15,Yogurt,1,88.25,Dairy & Eggs,298,12,15,24
2556,378,2024-12-24,1900-01-01 15:47:00,15,Onion,3,65.39,Fruits & Vegetables,285,12,15,24
2557,131,2024-10-20,1900-01-01 12:15:00,12,Vitamins,3,57.06,Health & Wellness,143,10,12,20
2557,131,2024-10-20,1900-01-01 12:15:00,12,Lentils,2,31.52,Grains & Staples,892,10,12,20
2557,131,2024-10-20,1900-01-01 12:15:00,12,Juice,3,359.36,Beverages,933,10,12,20
2557,131,2024-10-20,1900-01-01 12:15:00,12,Croissant,2,493.05,Bakery,798,10,12,20
2557,131,2024-10-20,1900-01-01 12:15:00,12,Mixer Grinder,2,392.63,Electronics,532,10,12,20
2558,191,2024-06-24,1900-01-01 11:42:00,11,Rice,2,459.29,Grains & Staples,879,6,11,24
2558,191,2024-06-24,1900-01-01 11:42:00,11,Chips,1,78.61,Snacks,968,6,11,24
2558,191,2024-06-24,1900-01-01 11:42:00,11,Lentils,2,161.17,Grains & Staples,646,6,11,24
2558,191,2024-06-24,1900-01-01 11:42:00,11,Rice,2,405.54,Grains & Staples,673,6,11,24
2558,191,2024-06-24,1900-01-01 11:42:00,11,Cheese,1,352.74,Dairy & Eggs,367,6,11,24
2558,191,2024-06-24,1900-01-01 11:42:00,11,Fiction Book,1,403.94,Books,282,6,11,24
2559,485,2024-02-03,1900-01-01 09:38:00,9,Orange,1,213.21,Fruits & Vegetables,243,2,9,3
2559,485,2024-02-03,1900-01-01 09:38:00,9,Milk,1,446.44,Dairy & Eggs,359,2,9,3
2559,485,2024-02-03,1900-01-01 09:38:00,9,Electric Kettle,1,360.58,Electronics,656,2,9,3
2559,485,2024-02-03,1900-01-01 09:38:00,9,Dress,3,406.15,Clothing,805,2,9,3
2559,485,2024-02-03,1900-01-01 09:38:00,9,Shirt,3,39.43,Clothing,328,2,9,3
2559,485,2024-02-03,1900-01-01 09:38:00,9,Bread,2,132.53,Bakery,970,2,9,3
2559,485,2024-02-03,1900-01-01 09:38:00,9,Face Wash,2,237.23,Personal Care,175,2,9,3
2560,365,2024-01-11,1900-01-01 12:03:00,12,Juice,1,227.7,Beverages,882,1,12,11
2560,365,2024-01-11,1900-01-01 12:03:00,12,Pen,1,240.92,Stationery,601,1,12,11
2560,365,2024-01-11,1900-01-01 12:03:00,12,Mixer Grinder,1,497.87,Electronics,403,1,12,11
2560,365,2024-01-11,1900-01-01 12:03:00,12,Marker,1,256.75,Stationery,237,1,12,11
2560,365,2024-01-11,1900-01-01 12:03:00,12,Spices,1,128.03,Grains & Staples,163,1,12,11
2560,365,2024-01-11,1900-01-01 12:03:00,12,Saree,1,434.06,Clothing,223,1,12,11
2561,354,2024-02-07,1900-01-01 12:58:00,12,Toothpaste,1,28.65,Personal Care,961,2,12,7
2561,354,2024-02-07,1900-01-01 12:58:00,12,Belt,3,429.77,Clothing Accessories,463,2,12,7
2561,354,2024-02-07,1900-01-01 12:58:00,12,Cooking Oil,2,66.28,Grains & Staples,952,2,12,7
2562,379,2024-05-23,1900-01-01 06:40:00,6,Saree,1,343.16,Clothing,328,5,6,23
2562,379,2024-05-23,1900-01-01 06:40:00,6,Yogurt,3,45.27,Dairy & Eggs,476,5,6,23
2562,379,2024-05-23,1900-01-01 06:40:00,6,Pain Reliever,1,107.94,Health & Wellness,234,5,6,23
2563,474,2024-01-21,1900-01-01 10:04:00,10,Milk,1,314.06,Dairy & Eggs,205,1,10,21
2563,474,2024-01-21,1900-01-01 10:04:00,10,Pasta,2,359.8,Grains & Staples,956,1,10,21
2563,474,2024-01-21,1900-01-01 10:04:00,10,Shoes,3,62.8,Footwear,487,1,10,21
2563,474,2024-01-21,1900-01-01 10:04:00,10,Mixer Grinder,3,153.12,Electronics,474,1,10,21
2564,58,2024-02-24,1900-01-01 20:01:00,20,Saree,3,180.55,Clothing,301,2,20,24
2564,58,2024-02-24,1900-01-01 20:01:00,20,Apple,3,473.47,Fruits & Vegetables,347,2,20,24
2564,58,2024-02-24,1900-01-01 20:01:00,20,Floor Cleaner,3,272.24,Household,794,2,20,24
2564,58,2024-02-24,1900-01-01 20:01:00,20,Fiction Book,2,44.58,Books,824,2,20,24
2564,58,2024-02-24,1900-01-01 20:01:00,20,Shirt,3,403.99,Clothing,941,2,20,24
2564,58,2024-02-24,1900-01-01 20:01:00,20,Potato,3,326.23,Fruits & Vegetables,790,2,20,24
2565,53,2024-02-15,1900-01-01 07:39:00,7,Carrot,2,426.81,Fruits & Vegetables,309,2,7,15
2565,53,2024-02-15,1900-01-01 07:39:00,7,Apple,3,418.69,Fruits & Vegetables,614,2,7,15
2565,53,2024-02-15,1900-01-01 07:39:00,7,Bread,2,391.76,Bakery,931,2,7,15
2565,53,2024-02-15,1900-01-01 07:39:00,7,Onion,1,28.2,Fruits & Vegetables,431,2,7,15
2565,53,2024-02-15,1900-01-01 07:39:00,7,Apple,3,362.26,Fruits & Vegetables,303,2,7,15
2565,53,2024-02-15,1900-01-01 07:39:00,7,Saree,2,461.15,Clothing,685,2,7,15
2566,315,2024-09-02,1900-01-01 20:12:00,20,Pasta,2,480.12,Grains & Staples,642,9,20,2
2566,315,2024-09-02,1900-01-01 20:12:00,20,Soap,2,338.87,Personal Care,116,9,20,2
2566,315,2024-09-02,1900-01-01 20:12:00,20,Rice,2,264.35,Grains & Staples,504,9,20,2
2566,315,2024-09-02,1900-01-01 20:12:00,20,Vitamins,2,274.84,Health & Wellness,307,9,20,2
2567,326,2024-11-13,1900-01-01 10:28:00,10,Cookies,3,245.67,Bakery,809,11,10,13
2567,326,2024-11-13,1900-01-01 10:28:00,10,Jeans,1,124.28,Clothing,469,11,10,13
2567,326,2024-11-13,1900-01-01 10:28:00,10,Cheese,3,442.63,Dairy & Eggs,447,11,10,13
2568,11,2024-04-06,1900-01-01 08:10:00,8,Diapers,3,488.48,Baby Care,272,4,8,6
2568,11,2024-04-06,1900-01-01 08:10:00,8,Butter,1,235.12,Dairy & Eggs,675,4,8,6
2568,11,2024-04-06,1900-01-01 08:10:00,8,Saree,1,243.95,Clothing,409,4,8,6
2568,11,2024-04-06,1900-01-01 08:10:00,8,Prawns,1,102.63,Meat & Seafood,535,4,8,6
2568,11,2024-04-06,1900-01-01 08:10:00,8,Biscuits,3,410.9,Snacks,920,4,8,6
2569,24,2024-05-19,1900-01-01 13:48:00,13,Lentils,3,11.63,Grains & Staples,236,5,13,19
2569,24,2024-05-19,1900-01-01 13:48:00,13,Cake,2,28.92,Bakery,782,5,13,19
2569,24,2024-05-19,1900-01-01 13:48:00,13,Cookies,3,295.59,Bakery,159,5,13,19
2569,24,2024-05-19,1900-01-01 13:48:00,13,Detergent,3,436.68,Household,127,5,13,19
2569,24,2024-05-19,1900-01-01 13:48:00,13,Potato,1,13.82,Fruits & Vegetables,389,5,13,19
2569,24,2024-05-19,1900-01-01 13:48:00,13,Dishwashing Liquid,1,324.6,Household,532,5,13,19
2569,24,2024-05-19,1900-01-01 13:48:00,13,Beef,1,439.72,Meat & Seafood,238,5,13,19
2570,344,2024-11-30,1900-01-01 19:59:00,19,Lentils,3,220.17,Grains & Staples,963,11,19,30
2570,344,2024-11-30,1900-01-01 19:59:00,19,Cookies,3,164.18,Bakery,788,11,19,30
2570,344,2024-11-30,1900-01-01 19:59:00,19,Soda,2,309.31,Beverages,845,11,19,30
2570,344,2024-11-30,1900-01-01 19:59:00,19,Croissant,2,122.02,Bakery,885,11,19,30
2570,344,2024-11-30,1900-01-01 19:59:00,19,Diapers,3,146.94,Baby Care,336,11,19,30
2571,179,2024-10-02,1900-01-01 08:27:00,8,Fish,3,347.05,Meat & Seafood,985,10,8,2
2571,179,2024-10-02,1900-01-01 08:27:00,8,Soap,2,20.04,Personal Care,514,10,8,2
2571,179,2024-10-02,1900-01-01 08:27:00,8,Yogurt,1,292.68,Dairy & Eggs,588,10,8,2
2571,179,2024-10-02,1900-01-01 08:27:00,8,Orange,2,48.27,Fruits & Vegetables,434,10,8,2
2571,179,2024-10-02,1900-01-01 08:27:00,8,Fish,1,219.78,Meat & Seafood,501,10,8,2
2571,179,2024-10-02,1900-01-01 08:27:00,8,Toothpaste,3,280.58,Personal Care,186,10,8,2
2572,123,2024-12-08,1900-01-01 06:22:00,6,Prawns,3,170.02,Meat & Seafood,385,12,6,8
2572,123,2024-12-08,1900-01-01 06:22:00,6,Orange,2,193.36,Fruits & Vegetables,698,12,6,8
2572,123,2024-12-08,1900-01-01 06:22:00,6,Apple,2,239.24,Fruits & Vegetables,164,12,6,8
2572,123,2024-12-08,1900-01-01 06:22:00,6,Pasta,2,61.55,Grains & Staples,256,12,6,8
2572,123,2024-12-08,1900-01-01 06:22:00,6,Shampoo,1,243.81,Personal Care,695,12,6,8
2573,246,2024-01-15,1900-01-01 18:20:00,18,Energy Drink,3,485.53,Beverages,628,1,18,15
2573,246,2024-01-15,1900-01-01 18:20:00,18,Spinach,1,139.26,Fruits & Vegetables,575,1,18,15
2573,246,2024-01-15,1900-01-01 18:20:00,18,Chocolate,3,408.22,Snacks,842,1,18,15
2574,254,2024-01-17,1900-01-01 09:43:00,9,Cooking Oil,3,434.86,Grains & Staples,738,1,9,17
2574,254,2024-01-17,1900-01-01 09:43:00,9,Cake,3,237.15,Bakery,208,1,9,17
2574,254,2024-01-17,1900-01-01 09:43:00,9,Shampoo,3,212.31,Personal Care,695,1,9,17
2574,254,2024-01-17,1900-01-01 09:43:00,9,Potato,2,76.58,Fruits & Vegetables,511,1,9,17
2574,254,2024-01-17,1900-01-01 09:43:00,9,Notebook,1,455.32,Stationery,615,1,9,17
2575,293,2024-12-29,1900-01-01 13:00:00,13,Notebook,2,426.98,Stationery,932,12,13,29
2575,293,2024-12-29,1900-01-01 13:00:00,13,Soda,3,124.15,Beverages,755,12,13,29
2575,293,2024-12-29,1900-01-01 13:00:00,13,Chocolate,3,493.56,Snacks,713,12,13,29
2575,293,2024-12-29,1900-01-01 13:00:00,13,Dress,3,364.76,Clothing,238,12,13,29
2576,392,2024-08-02,1900-01-01 16:38:00,16,Soda,3,370.32,Beverages,855,8,16,2
2576,392,2024-08-02,1900-01-01 16:38:00,16,Dress,2,213.42,Clothing,933,8,16,2
2576,392,2024-08-02,1900-01-01 16:38:00,16,Bread,2,111.69,Bakery,934,8,16,2
2576,392,2024-08-02,1900-01-01 16:38:00,16,Fish,1,487.66,Meat & Seafood,442,8,16,2
2576,392,2024-08-02,1900-01-01 16:38:00,16,Salt,3,328.75,Grains & Staples,121,8,16,2
2577,288,2024-12-14,1900-01-01 15:01:00,15,Belt,3,312.68,Clothing Accessories,524,12,15,14
2577,288,2024-12-14,1900-01-01 15:01:00,15,Milk,3,31.09,Dairy & Eggs,629,12,15,14
2577,288,2024-12-14,1900-01-01 15:01:00,15,Sugar,1,63.91,Grains & Staples,248,12,15,14
2577,288,2024-12-14,1900-01-01 15:01:00,15,Soap,3,213.38,Personal Care,803,12,15,14
2577,288,2024-12-14,1900-01-01 15:01:00,15,Banana,1,422.3,Fruits & Vegetables,426,12,15,14
2577,288,2024-12-14,1900-01-01 15:01:00,15,Shoes,1,265.45,Footwear,296,12,15,14
2578,246,2024-02-01,1900-01-01 08:37:00,8,Bread,1,268.79,Bakery,153,2,8,1
2578,246,2024-02-01,1900-01-01 08:37:00,8,Juice,1,40.36,Beverages,981,2,8,1
2578,246,2024-02-01,1900-01-01 08:37:00,8,Belt,3,79.6,Clothing Accessories,794,2,8,1
2578,246,2024-02-01,1900-01-01 08:37:00,8,Cake,3,407.53,Bakery,558,2,8,1
2579,103,2024-07-09,1900-01-01 18:22:00,18,Apple,1,103.11,Fruits & Vegetables,363,7,18,9
2579,103,2024-07-09,1900-01-01 18:22:00,18,Jeans,1,424.0,Clothing,207,7,18,9
2579,103,2024-07-09,1900-01-01 18:22:00,18,Cake,1,268.06,Bakery,475,7,18,9
2579,103,2024-07-09,1900-01-01 18:22:00,18,Chips,3,239.82,Snacks,179,7,18,9
2580,413,2024-08-30,1900-01-01 20:29:00,20,Cookies,2,458.6,Bakery,104,8,20,30
2580,413,2024-08-30,1900-01-01 20:29:00,20,Tea,2,355.77,Beverages,982,8,20,30
2580,413,2024-08-30,1900-01-01 20:29:00,20,Dress,2,130.63,Clothing,927,8,20,30
2581,3,2024-01-11,1900-01-01 10:04:00,10,Chocolate,2,346.28,Snacks,628,1,10,11
2581,3,2024-01-11,1900-01-01 10:04:00,10,Orange,1,17.96,Fruits & Vegetables,672,1,10,11
2581,3,2024-01-11,1900-01-01 10:04:00,10,Pen,2,217.71,Stationery,104,1,10,11
2581,3,2024-01-11,1900-01-01 10:04:00,10,Chips,1,466.61,Snacks,663,1,10,11
2581,3,2024-01-11,1900-01-01 10:04:00,10,Shoes,3,80.28,Footwear,382,1,10,11
2582,415,2024-05-15,1900-01-01 11:44:00,11,Onion,3,491.58,Fruits & Vegetables,811,5,11,15
2582,415,2024-05-15,1900-01-01 11:44:00,11,Saree,3,319.53,Clothing,250,5,11,15
2582,415,2024-05-15,1900-01-01 11:44:00,11,Wheat Flour,3,491.42,Grains & Staples,588,5,11,15
2582,415,2024-05-15,1900-01-01 11:44:00,11,Fiction Book,3,139.8,Books,435,5,11,15
2582,415,2024-05-15,1900-01-01 11:44:00,11,Shampoo,3,404.76,Personal Care,528,5,11,15
2582,415,2024-05-15,1900-01-01 11:44:00,11,Soda,3,178.81,Beverages,539,5,11,15
2582,415,2024-05-15,1900-01-01 11:44:00,11,Tissue,3,443.38,Household,474,5,11,15
2583,203,2024-09-26,1900-01-01 08:46:00,8,Chicken Breast,1,366.48,Meat & Seafood,748,9,8,26
2583,203,2024-09-26,1900-01-01 08:46:00,8,Marker,3,210.21,Stationery,200,9,8,26
2583,203,2024-09-26,1900-01-01 08:46:00,8,Shirt,3,53.62,Clothing,931,9,8,26
2583,203,2024-09-26,1900-01-01 08:46:00,8,Juice,3,388.62,Beverages,751,9,8,26
2583,203,2024-09-26,1900-01-01 08:46:00,8,Notebook,3,434.07,Stationery,516,9,8,26
2583,203,2024-09-26,1900-01-01 08:46:00,8,Lentils,1,405.24,Grains & Staples,876,9,8,26
2583,203,2024-09-26,1900-01-01 08:46:00,8,Biscuits,3,191.24,Snacks,939,9,8,26
2584,311,2024-07-13,1900-01-01 21:48:00,21,Tissue,2,313.28,Household,811,7,21,13
2584,311,2024-07-13,1900-01-01 21:48:00,21,Energy Drink,1,442.54,Beverages,160,7,21,13
2584,311,2024-07-13,1900-01-01 21:48:00,21,Coffee,2,399.1,Beverages,225,7,21,13
2584,311,2024-07-13,1900-01-01 21:48:00,21,Shoes,3,498.69,Footwear,209,7,21,13
2585,64,2024-08-31,1900-01-01 22:21:00,22,Educational Book,2,324.7,Books,895,8,22,31
2585,64,2024-08-31,1900-01-01 22:21:00,22,Beef,1,30.59,Meat & Seafood,838,8,22,31
2585,64,2024-08-31,1900-01-01 22:21:00,22,Yogurt,2,383.33,Dairy & Eggs,850,8,22,31
2586,95,2024-11-22,1900-01-01 14:25:00,14,Shoes,3,395.31,Footwear,976,11,14,22
2586,95,2024-11-22,1900-01-01 14:25:00,14,Beef,3,488.93,Meat & Seafood,871,11,14,22
2586,95,2024-11-22,1900-01-01 14:25:00,14,Lentils,3,102.97,Grains & Staples,489,11,14,22
2587,386,2024-02-20,1900-01-01 11:34:00,11,Carrot,2,285.71,Fruits & Vegetables,431,2,11,20
2587,386,2024-02-20,1900-01-01 11:34:00,11,Milk,1,436.08,Dairy & Eggs,210,2,11,20
2587,386,2024-02-20,1900-01-01 11:34:00,11,Floor Cleaner,3,312.2,Household,310,2,11,20
2587,386,2024-02-20,1900-01-01 11:34:00,11,Lentils,1,354.38,Grains & Staples,996,2,11,20
2588,299,2024-08-07,1900-01-01 06:42:00,6,Toothpaste,1,70.48,Personal Care,285,8,6,7
2588,299,2024-08-07,1900-01-01 06:42:00,6,Educational Book,1,40.99,Books,312,8,6,7
2588,299,2024-08-07,1900-01-01 06:42:00,6,Yogurt,2,230.03,Dairy & Eggs,270,8,6,7
2589,175,2024-12-05,1900-01-01 22:07:00,22,Soda,2,362.49,Beverages,300,12,22,5
2589,175,2024-12-05,1900-01-01 22:07:00,22,Belt,3,143.52,Clothing Accessories,532,12,22,5
2589,175,2024-12-05,1900-01-01 22:07:00,22,Notebook,1,462.91,Stationery,381,12,22,5
2589,175,2024-12-05,1900-01-01 22:07:00,22,Tomato,2,176.66,Fruits & Vegetables,353,12,22,5
2589,175,2024-12-05,1900-01-01 22:07:00,22,Cookies,3,266.8,Bakery,310,12,22,5
2589,175,2024-12-05,1900-01-01 22:07:00,22,Butter,1,40.49,Dairy & Eggs,801,12,22,5
2589,175,2024-12-05,1900-01-01 22:07:00,22,Chocolate,2,224.43,Snacks,718,12,22,5
2590,54,2024-06-07,1900-01-01 07:56:00,7,Onion,3,334.42,Fruits & Vegetables,608,6,7,7
2590,54,2024-06-07,1900-01-01 07:56:00,7,Apple,1,490.58,Fruits & Vegetables,715,6,7,7
2590,54,2024-06-07,1900-01-01 07:56:00,7,Phone Cover,3,498.74,Electronics,374,6,7,7
2590,54,2024-06-07,1900-01-01 07:56:00,7,Energy Drink,3,320.69,Beverages,439,6,7,7
2590,54,2024-06-07,1900-01-01 07:56:00,7,Toilet Paper,2,272.24,Household,437,6,7,7
2590,54,2024-06-07,1900-01-01 07:56:00,7,Chocolate,1,391.14,Snacks,492,6,7,7
2590,54,2024-06-07,1900-01-01 07:56:00,7,Detergent,1,231.92,Household,224,6,7,7
2591,90,2024-08-30,1900-01-01 09:48:00,9,Energy Drink,3,382.78,Beverages,406,8,9,30
2591,90,2024-08-30,1900-01-01 09:48:00,9,Soap,1,400.59,Personal Care,750,8,9,30
2591,90,2024-08-30,1900-01-01 09:48:00,9,Potato,2,375.82,Fruits & Vegetables,312,8,9,30
2591,90,2024-08-30,1900-01-01 09:48:00,9,Shoes,1,436.72,Footwear,506,8,9,30
2591,90,2024-08-30,1900-01-01 09:48:00,9,Milk,3,344.89,Dairy & Eggs,392,8,9,30
2591,90,2024-08-30,1900-01-01 09:48:00,9,Croissant,3,179.79,Bakery,148,8,9,30
2592,237,2024-01-15,1900-01-01 08:45:00,8,Pain Reliever,3,75.57,Health & Wellness,535,1,8,15
2592,237,2024-01-15,1900-01-01 08:45:00,8,Cooking Oil,3,338.19,Grains & Staples,827,1,8,15
2592,237,2024-01-15,1900-01-01 08:45:00,8,Popcorn,3,224.59,Snacks,697,1,8,15
2592,237,2024-01-15,1900-01-01 08:45:00,8,Cookies,3,108.21,Bakery,271,1,8,15
2592,237,2024-01-15,1900-01-01 08:45:00,8,Tissue,1,433.33,Household,644,1,8,15
2593,420,2024-06-01,1900-01-01 20:05:00,20,Coffee,2,125.29,Beverages,369,6,20,1
2593,420,2024-06-01,1900-01-01 20:05:00,20,Spices,3,317.0,Grains & Staples,984,6,20,1
2593,420,2024-06-01,1900-01-01 20:05:00,20,Wheat Flour,1,417.54,Grains & Staples,336,6,20,1
2593,420,2024-06-01,1900-01-01 20:05:00,20,Spices,1,13.85,Grains & Staples,707,6,20,1
2593,420,2024-06-01,1900-01-01 20:05:00,20,Belt,1,473.99,Clothing Accessories,369,6,20,1
2593,420,2024-06-01,1900-01-01 20:05:00,20,Phone Cover,3,209.52,Electronics,599,6,20,1
2594,224,2024-05-26,1900-01-01 17:23:00,17,Lentils,2,283.18,Grains & Staples,554,5,17,26
2594,224,2024-05-26,1900-01-01 17:23:00,17,Cooking Oil,2,240.57,Grains & Staples,535,5,17,26
2594,224,2024-05-26,1900-01-01 17:23:00,17,Energy Drink,2,271.75,Beverages,929,5,17,26
2594,224,2024-05-26,1900-01-01 17:23:00,17,Charger,2,432.72,Electronics,913,5,17,26
2594,224,2024-05-26,1900-01-01 17:23:00,17,Salt,1,291.88,Grains & Staples,908,5,17,26
2594,224,2024-05-26,1900-01-01 17:23:00,17,Toilet Paper,2,126.87,Household,350,5,17,26
2594,224,2024-05-26,1900-01-01 17:23:00,17,Juice,3,99.46,Beverages,624,5,17,26
2595,21,2024-05-27,1900-01-01 14:46:00,14,Pain Reliever,3,381.28,Health & Wellness,490,5,14,27
2595,21,2024-05-27,1900-01-01 14:46:00,14,Pen,3,481.8,Stationery,816,5,14,27
2595,21,2024-05-27,1900-01-01 14:46:00,14,Yogurt,3,75.36,Dairy & Eggs,527,5,14,27
2595,21,2024-05-27,1900-01-01 14:46:00,14,Eggs,3,326.0,Dairy & Eggs,817,5,14,27
2596,161,2024-11-10,1900-01-01 16:16:00,16,Jeans,2,286.73,Clothing,772,11,16,10
2596,161,2024-11-10,1900-01-01 16:16:00,16,Pastry,3,271.55,Bakery,241,11,16,10
2596,161,2024-11-10,1900-01-01 16:16:00,16,Wheat Flour,1,71.25,Grains & Staples,781,11,16,10
2597,218,2024-01-19,1900-01-01 16:03:00,16,Tomato,1,174.0,Fruits & Vegetables,932,1,16,19
2597,218,2024-01-19,1900-01-01 16:03:00,16,Chips,3,436.74,Snacks,730,1,16,19
2597,218,2024-01-19,1900-01-01 16:03:00,16,Vitamins,1,453.76,Health & Wellness,647,1,16,19
2597,218,2024-01-19,1900-01-01 16:03:00,16,Milk,3,256.38,Dairy & Eggs,410,1,16,19
2597,218,2024-01-19,1900-01-01 16:03:00,16,Chips,3,392.77,Snacks,757,1,16,19
2597,218,2024-01-19,1900-01-01 16:03:00,16,Popcorn,2,455.5,Snacks,205,1,16,19
2598,322,2024-08-05,1900-01-01 06:44:00,6,Lentils,1,145.09,Grains & Staples,295,8,6,5
2598,322,2024-08-05,1900-01-01 06:44:00,6,Toilet Paper,1,136.73,Household,926,8,6,5
2598,322,2024-08-05,1900-01-01 06:44:00,6,Baby Food,2,115.29,Baby Care,363,8,6,5
2598,322,2024-08-05,1900-01-01 06:44:00,6,Croissant,2,455.95,Bakery,354,8,6,5
2598,322,2024-08-05,1900-01-01 06:44:00,6,Shoes,3,68.81,Footwear,626,8,6,5
2599,418,2024-08-14,1900-01-01 12:47:00,12,Milk,1,438.89,Dairy & Eggs,737,8,12,14
2599,418,2024-08-14,1900-01-01 12:47:00,12,Detergent,3,425.73,Household,396,8,12,14
2599,418,2024-08-14,1900-01-01 12:47:00,12,Baby Food,2,258.17,Baby Care,492,8,12,14
2600,53,2024-04-03,1900-01-01 07:15:00,7,Tea,1,56.18,Beverages,892,4,7,3
2600,53,2024-04-03,1900-01-01 07:15:00,7,Coffee,2,30.87,Beverages,697,4,7,3
2600,53,2024-04-03,1900-01-01 07:15:00,7,Banana,3,353.54,Fruits & Vegetables,723,4,7,3
2600,53,2024-04-03,1900-01-01 07:15:00,7,Toilet Paper,2,137.9,Household,265,4,7,3
2600,53,2024-04-03,1900-01-01 07:15:00,7,Phone Cover,2,293.55,Electronics,133,4,7,3
2600,53,2024-04-03,1900-01-01 07:15:00,7,Cheese,2,430.4,Dairy & Eggs,332,4,7,3
2600,53,2024-04-03,1900-01-01 07:15:00,7,Soap,2,483.02,Personal Care,933,4,7,3
2601,311,2024-09-17,1900-01-01 09:40:00,9,Baby Food,2,471.48,Baby Care,769,9,9,17
2601,311,2024-09-17,1900-01-01 09:40:00,9,Diapers,1,308.45,Baby Care,709,9,9,17
2601,311,2024-09-17,1900-01-01 09:40:00,9,Cake,2,329.81,Bakery,609,9,9,17
2601,311,2024-09-17,1900-01-01 09:40:00,9,Popcorn,1,377.11,Snacks,178,9,9,17
2601,311,2024-09-17,1900-01-01 09:40:00,9,Tomato,2,475.96,Fruits & Vegetables,546,9,9,17
2602,468,2024-06-02,1900-01-01 22:05:00,22,Shampoo,2,448.36,Personal Care,182,6,22,2
2602,468,2024-06-02,1900-01-01 22:05:00,22,Biscuits,2,300.65,Snacks,601,6,22,2
2602,468,2024-06-02,1900-01-01 22:05:00,22,Cooking Oil,2,238.66,Grains & Staples,974,6,22,2
2602,468,2024-06-02,1900-01-01 22:05:00,22,Shampoo,3,273.95,Personal Care,348,6,22,2
2602,468,2024-06-02,1900-01-01 22:05:00,22,Mixer Grinder,3,418.29,Electronics,551,6,22,2
2602,468,2024-06-02,1900-01-01 22:05:00,22,Pastry,1,281.96,Bakery,953,6,22,2
2603,306,2024-08-11,1900-01-01 10:08:00,10,Onion,2,246.83,Fruits & Vegetables,367,8,10,11
2603,306,2024-08-11,1900-01-01 10:08:00,10,Pen,3,113.41,Stationery,667,8,10,11
2603,306,2024-08-11,1900-01-01 10:08:00,10,Soda,1,200.7,Beverages,276,8,10,11
2603,306,2024-08-11,1900-01-01 10:08:00,10,Fish,3,24.1,Meat & Seafood,707,8,10,11
2604,390,2024-03-26,1900-01-01 13:31:00,13,Fish,3,173.78,Meat & Seafood,402,3,13,26
2604,390,2024-03-26,1900-01-01 13:31:00,13,Fiction Book,2,96.28,Books,497,3,13,26
2604,390,2024-03-26,1900-01-01 13:31:00,13,Face Wash,2,394.53,Personal Care,415,3,13,26
2604,390,2024-03-26,1900-01-01 13:31:00,13,Cake,1,83.71,Bakery,752,3,13,26
2604,390,2024-03-26,1900-01-01 13:31:00,13,Biscuits,1,397.36,Snacks,228,3,13,26
2605,283,2024-11-12,1900-01-01 21:57:00,21,Beef,1,381.94,Meat & Seafood,645,11,21,12
2605,283,2024-11-12,1900-01-01 21:57:00,21,Chocolate,1,416.51,Snacks,346,11,21,12
2605,283,2024-11-12,1900-01-01 21:57:00,21,Cheese,3,480.34,Dairy & Eggs,156,11,21,12
2605,283,2024-11-12,1900-01-01 21:57:00,21,Dishwashing Liquid,2,66.47,Household,814,11,21,12
2605,283,2024-11-12,1900-01-01 21:57:00,21,Pastry,3,176.36,Bakery,368,11,21,12
2606,439,2024-02-15,1900-01-01 13:22:00,13,Detergent,3,118.35,Household,390,2,13,15
2606,439,2024-02-15,1900-01-01 13:22:00,13,Milk,2,246.73,Dairy & Eggs,443,2,13,15
2606,439,2024-02-15,1900-01-01 13:22:00,13,Earphones,1,438.62,Electronics,459,2,13,15
2606,439,2024-02-15,1900-01-01 13:22:00,13,Tomato,3,102.56,Fruits & Vegetables,744,2,13,15
2606,439,2024-02-15,1900-01-01 13:22:00,13,Orange,1,429.18,Fruits & Vegetables,135,2,13,15
2606,439,2024-02-15,1900-01-01 13:22:00,13,Butter,3,243.41,Dairy & Eggs,492,2,13,15
2607,448,2024-08-26,1900-01-01 13:17:00,13,Onion,2,197.66,Fruits & Vegetables,280,8,13,26
2607,448,2024-08-26,1900-01-01 13:17:00,13,Pen,3,113.65,Stationery,979,8,13,26
2607,448,2024-08-26,1900-01-01 13:17:00,13,Cake,2,419.34,Bakery,397,8,13,26
2607,448,2024-08-26,1900-01-01 13:17:00,13,Tomato,3,403.04,Fruits & Vegetables,347,8,13,26
2608,294,2024-01-08,1900-01-01 14:45:00,14,Floor Cleaner,3,459.71,Household,319,1,14,8
2608,294,2024-01-08,1900-01-01 14:45:00,14,Cheese,1,395.63,Dairy & Eggs,888,1,14,8
2608,294,2024-01-08,1900-01-01 14:45:00,14,Saree,1,234.05,Clothing,236,1,14,8
2608,294,2024-01-08,1900-01-01 14:45:00,14,Onion,3,138.46,Fruits & Vegetables,592,1,14,8
2608,294,2024-01-08,1900-01-01 14:45:00,14,Banana,3,403.38,Fruits & Vegetables,731,1,14,8
2608,294,2024-01-08,1900-01-01 14:45:00,14,Spices,2,446.79,Grains & Staples,731,1,14,8
2609,101,2024-11-26,1900-01-01 16:36:00,16,Cake,2,366.82,Bakery,949,11,16,26
2609,101,2024-11-26,1900-01-01 16:36:00,16,Detergent,3,24.69,Household,504,11,16,26
2609,101,2024-11-26,1900-01-01 16:36:00,16,Charger,3,494.43,Electronics,761,11,16,26
2609,101,2024-11-26,1900-01-01 16:36:00,16,Toothpaste,2,459.8,Personal Care,729,11,16,26
2610,261,2024-05-29,1900-01-01 09:43:00,9,Phone Cover,1,137.21,Electronics,570,5,9,29
2610,261,2024-05-29,1900-01-01 09:43:00,9,Pen,3,59.45,Stationery,992,5,9,29
2610,261,2024-05-29,1900-01-01 09:43:00,9,Cookies,3,358.17,Bakery,685,5,9,29
2610,261,2024-05-29,1900-01-01 09:43:00,9,Milk,1,64.6,Dairy & Eggs,917,5,9,29
2610,261,2024-05-29,1900-01-01 09:43:00,9,Biscuits,1,32.72,Snacks,523,5,9,29
2610,261,2024-05-29,1900-01-01 09:43:00,9,Tea,1,91.31,Beverages,188,5,9,29
2610,261,2024-05-29,1900-01-01 09:43:00,9,Chips,2,166.74,Snacks,423,5,9,29
2611,76,2024-05-28,1900-01-01 11:10:00,11,Fish,2,429.48,Meat & Seafood,394,5,11,28
2611,76,2024-05-28,1900-01-01 11:10:00,11,Soap,2,299.81,Personal Care,455,5,11,28
2611,76,2024-05-28,1900-01-01 11:10:00,11,Chocolate,3,373.42,Snacks,358,5,11,28
2612,355,2024-07-01,1900-01-01 14:06:00,14,Fish,1,133.45,Meat & Seafood,690,7,14,1
2612,355,2024-07-01,1900-01-01 14:06:00,14,Tomato,2,32.17,Fruits & Vegetables,523,7,14,1
2612,355,2024-07-01,1900-01-01 14:06:00,14,Saree,2,14.4,Clothing,808,7,14,1
2613,487,2024-03-26,1900-01-01 08:06:00,8,Juice,2,308.35,Beverages,333,3,8,26
2613,487,2024-03-26,1900-01-01 08:06:00,8,Soda,1,338.4,Beverages,285,3,8,26
2613,487,2024-03-26,1900-01-01 08:06:00,8,Chicken Breast,3,203.44,Meat & Seafood,397,3,8,26
2613,487,2024-03-26,1900-01-01 08:06:00,8,Shirt,1,348.26,Clothing,844,3,8,26
2613,487,2024-03-26,1900-01-01 08:06:00,8,Soap,1,415.64,Personal Care,478,3,8,26
2614,442,2024-07-16,1900-01-01 22:38:00,22,Yogurt,1,283.43,Dairy & Eggs,273,7,22,16
2614,442,2024-07-16,1900-01-01 22:38:00,22,Educational Book,1,475.89,Books,237,7,22,16
2614,442,2024-07-16,1900-01-01 22:38:00,22,Apple,2,20.19,Fruits & Vegetables,855,7,22,16
2615,487,2024-05-14,1900-01-01 22:30:00,22,Lentils,3,338.43,Grains & Staples,645,5,22,14
2615,487,2024-05-14,1900-01-01 22:30:00,22,Lentils,1,151.72,Grains & Staples,802,5,22,14
2615,487,2024-05-14,1900-01-01 22:30:00,22,Spinach,2,139.89,Fruits & Vegetables,112,5,22,14
2615,487,2024-05-14,1900-01-01 22:30:00,22,Belt,1,10.92,Clothing Accessories,329,5,22,14
2615,487,2024-05-14,1900-01-01 22:30:00,22,Toilet Paper,2,176.19,Household,988,5,22,14
2616,139,2024-08-10,1900-01-01 15:05:00,15,Salt,3,404.89,Grains & Staples,663,8,15,10
2616,139,2024-08-10,1900-01-01 15:05:00,15,Coffee,3,156.31,Beverages,630,8,15,10
2616,139,2024-08-10,1900-01-01 15:05:00,15,Pen,2,128.49,Stationery,994,8,15,10
2616,139,2024-08-10,1900-01-01 15:05:00,15,Tomato,3,158.67,Fruits & Vegetables,409,8,15,10
2616,139,2024-08-10,1900-01-01 15:05:00,15,Croissant,2,338.57,Bakery,815,8,15,10
2616,139,2024-08-10,1900-01-01 15:05:00,15,Cake,2,164.33,Bakery,886,8,15,10
2616,139,2024-08-10,1900-01-01 15:05:00,15,Educational Book,3,483.57,Books,975,8,15,10
2617,88,2024-02-27,1900-01-01 08:53:00,8,Tissue,1,66.93,Household,969,2,8,27
2617,88,2024-02-27,1900-01-01 08:53:00,8,Pain Reliever,2,156.58,Health & Wellness,857,2,8,27
2617,88,2024-02-27,1900-01-01 08:53:00,8,Detergent,1,96.84,Household,989,2,8,27
2618,383,2024-09-06,1900-01-01 06:08:00,6,Milk,3,378.52,Dairy & Eggs,568,9,6,6
2618,383,2024-09-06,1900-01-01 06:08:00,6,Baby Food,2,210.96,Baby Care,594,9,6,6
2618,383,2024-09-06,1900-01-01 06:08:00,6,Phone Cover,3,342.5,Electronics,928,9,6,6
2619,30,2024-09-27,1900-01-01 17:38:00,17,Popcorn,2,54.36,Snacks,212,9,17,27
2619,30,2024-09-27,1900-01-01 17:38:00,17,Phone Cover,2,333.77,Electronics,315,9,17,27
2619,30,2024-09-27,1900-01-01 17:38:00,17,Spices,1,446.0,Grains & Staples,988,9,17,27
2619,30,2024-09-27,1900-01-01 17:38:00,17,Prawns,3,216.69,Meat & Seafood,927,9,17,27
2619,30,2024-09-27,1900-01-01 17:38:00,17,Onion,3,150.73,Fruits & Vegetables,531,9,17,27
2620,220,2024-05-31,1900-01-01 21:28:00,21,Pastry,3,457.33,Bakery,661,5,21,31
2620,220,2024-05-31,1900-01-01 21:28:00,21,Lentils,3,321.08,Grains & Staples,799,5,21,31
2620,220,2024-05-31,1900-01-01 21:28:00,21,Marker,1,312.67,Stationery,851,5,21,31
2620,220,2024-05-31,1900-01-01 21:28:00,21,Potato,3,154.59,Fruits & Vegetables,906,5,21,31
2621,45,2024-07-11,1900-01-01 20:49:00,20,Shampoo,1,204.62,Personal Care,329,7,20,11
2621,45,2024-07-11,1900-01-01 20:49:00,20,Cookies,1,198.0,Bakery,796,7,20,11
2621,45,2024-07-11,1900-01-01 20:49:00,20,Belt,3,259.05,Clothing Accessories,225,7,20,11
2622,53,2024-05-19,1900-01-01 21:32:00,21,Diapers,2,140.54,Baby Care,796,5,21,19
2622,53,2024-05-19,1900-01-01 21:32:00,21,Salt,2,117.69,Grains & Staples,687,5,21,19
2622,53,2024-05-19,1900-01-01 21:32:00,21,Tissue,1,141.89,Household,684,5,21,19
2622,53,2024-05-19,1900-01-01 21:32:00,21,Charger,2,473.78,Electronics,361,5,21,19
2623,406,2024-09-28,1900-01-01 16:08:00,16,Tissue,2,59.67,Household,205,9,16,28
2623,406,2024-09-28,1900-01-01 16:08:00,16,Rice,2,85.46,Grains & Staples,217,9,16,28
2623,406,2024-09-28,1900-01-01 16:08:00,16,Milk,1,293.81,Dairy & Eggs,332,9,16,28
2624,43,2024-08-25,1900-01-01 09:59:00,9,Energy Drink,2,326.47,Beverages,506,8,9,25
2624,43,2024-08-25,1900-01-01 09:59:00,9,Apple,3,260.74,Fruits & Vegetables,564,8,9,25
2624,43,2024-08-25,1900-01-01 09:59:00,9,Cookies,3,284.58,Bakery,496,8,9,25
2625,393,2024-03-30,1900-01-01 09:54:00,9,Spinach,1,366.63,Fruits & Vegetables,233,3,9,30
2625,393,2024-03-30,1900-01-01 09:54:00,9,Pen,1,252.42,Stationery,331,3,9,30
2625,393,2024-03-30,1900-01-01 09:54:00,9,Tomato,1,148.84,Fruits & Vegetables,185,3,9,30
2625,393,2024-03-30,1900-01-01 09:54:00,9,Butter,1,280.66,Dairy & Eggs,411,3,9,30
2626,262,2024-08-17,1900-01-01 08:48:00,8,Face Wash,3,163.81,Personal Care,183,8,8,17
2626,262,2024-08-17,1900-01-01 08:48:00,8,Orange,3,223.17,Fruits & Vegetables,479,8,8,17
2626,262,2024-08-17,1900-01-01 08:48:00,8,Juice,1,169.99,Beverages,122,8,8,17
2626,262,2024-08-17,1900-01-01 08:48:00,8,Rice,3,153.05,Grains & Staples,948,8,8,17
2626,262,2024-08-17,1900-01-01 08:48:00,8,Milk,1,126.5,Dairy & Eggs,689,8,8,17
2626,262,2024-08-17,1900-01-01 08:48:00,8,Cheese,2,414.77,Dairy & Eggs,102,8,8,17
2627,150,2024-02-15,1900-01-01 06:29:00,6,Cooking Oil,3,159.16,Grains & Staples,651,2,6,15
2627,150,2024-02-15,1900-01-01 06:29:00,6,Banana,3,78.96,Fruits & Vegetables,186,2,6,15
2627,150,2024-02-15,1900-01-01 06:29:00,6,Marker,3,119.04,Stationery,574,2,6,15
2627,150,2024-02-15,1900-01-01 06:29:00,6,Wheat Flour,2,412.18,Grains & Staples,136,2,6,15
2628,27,2024-01-03,1900-01-01 15:02:00,15,Saree,2,407.47,Clothing,254,1,15,3
2628,27,2024-01-03,1900-01-01 15:02:00,15,Mixer Grinder,2,352.67,Electronics,718,1,15,3
2628,27,2024-01-03,1900-01-01 15:02:00,15,Dress,3,103.47,Clothing,889,1,15,3
2629,256,2024-06-03,1900-01-01 07:31:00,7,Sugar,2,99.82,Grains & Staples,183,6,7,3
2629,256,2024-06-03,1900-01-01 07:31:00,7,Tea,1,357.22,Beverages,377,6,7,3
2629,256,2024-06-03,1900-01-01 07:31:00,7,Earphones,2,448.88,Electronics,462,6,7,3
2629,256,2024-06-03,1900-01-01 07:31:00,7,Salt,3,451.95,Grains & Staples,257,6,7,3
2629,256,2024-06-03,1900-01-01 07:31:00,7,Earphones,3,474.67,Electronics,510,6,7,3
2630,316,2024-03-14,1900-01-01 13:07:00,13,Biscuits,2,121.83,Snacks,959,3,13,14
2630,316,2024-03-14,1900-01-01 13:07:00,13,Orange,2,375.59,Fruits & Vegetables,750,3,13,14
2630,316,2024-03-14,1900-01-01 13:07:00,13,Croissant,1,412.33,Bakery,629,3,13,14
2630,316,2024-03-14,1900-01-01 13:07:00,13,Beef,3,232.69,Meat & Seafood,613,3,13,14
2630,316,2024-03-14,1900-01-01 13:07:00,13,Shoes,1,193.64,Footwear,489,3,13,14
2630,316,2024-03-14,1900-01-01 13:07:00,13,Shampoo,2,346.58,Personal Care,540,3,13,14
2630,316,2024-03-14,1900-01-01 13:07:00,13,Saree,3,157.89,Clothing,234,3,13,14
2631,485,2024-02-21,1900-01-01 11:20:00,11,Educational Book,3,31.37,Books,606,2,11,21
2631,485,2024-02-21,1900-01-01 11:20:00,11,Prawns,1,26.24,Meat & Seafood,824,2,11,21
2631,485,2024-02-21,1900-01-01 11:20:00,11,Prawns,1,18.12,Meat & Seafood,209,2,11,21
2631,485,2024-02-21,1900-01-01 11:20:00,11,Cake,1,397.81,Bakery,998,2,11,21
2632,308,2024-04-13,1900-01-01 18:36:00,18,Yogurt,1,277.66,Dairy & Eggs,281,4,18,13
2632,308,2024-04-13,1900-01-01 18:36:00,18,Soap,1,127.21,Personal Care,921,4,18,13
2632,308,2024-04-13,1900-01-01 18:36:00,18,Chips,1,73.38,Snacks,290,4,18,13
2632,308,2024-04-13,1900-01-01 18:36:00,18,Beef,3,438.71,Meat & Seafood,478,4,18,13
2633,429,2024-10-24,1900-01-01 21:32:00,21,Cake,3,400.34,Bakery,976,10,21,24
2633,429,2024-10-24,1900-01-01 21:32:00,21,Tomato,2,303.16,Fruits & Vegetables,145,10,21,24
2633,429,2024-10-24,1900-01-01 21:32:00,21,Saree,1,114.12,Clothing,218,10,21,24
2633,429,2024-10-24,1900-01-01 21:32:00,21,Energy Drink,1,478.03,Beverages,592,10,21,24
2633,429,2024-10-24,1900-01-01 21:32:00,21,Beef,1,441.51,Meat & Seafood,621,10,21,24
2633,429,2024-10-24,1900-01-01 21:32:00,21,Potato,2,449.97,Fruits & Vegetables,207,10,21,24
2633,429,2024-10-24,1900-01-01 21:32:00,21,Fish,1,319.81,Meat & Seafood,979,10,21,24
2634,334,2024-04-30,1900-01-01 18:52:00,18,Phone Cover,3,189.99,Electronics,356,4,18,30
2634,334,2024-04-30,1900-01-01 18:52:00,18,Chips,3,475.36,Snacks,574,4,18,30
2634,334,2024-04-30,1900-01-01 18:52:00,18,Tomato,3,370.16,Fruits & Vegetables,450,4,18,30
2635,50,2024-02-08,1900-01-01 06:58:00,6,Tea,2,374.42,Beverages,473,2,6,8
2635,50,2024-02-08,1900-01-01 06:58:00,6,Butter,2,246.32,Dairy & Eggs,300,2,6,8
2635,50,2024-02-08,1900-01-01 06:58:00,6,Marker,1,54.69,Stationery,608,2,6,8
2635,50,2024-02-08,1900-01-01 06:58:00,6,Chocolate,3,418.62,Snacks,925,2,6,8
2636,440,2024-03-05,1900-01-01 17:24:00,17,Spinach,2,139.11,Fruits & Vegetables,955,3,17,5
2636,440,2024-03-05,1900-01-01 17:24:00,17,Wheat Flour,2,141.4,Grains & Staples,239,3,17,5
2636,440,2024-03-05,1900-01-01 17:24:00,17,Dress,1,263.05,Clothing,273,3,17,5
2636,440,2024-03-05,1900-01-01 17:24:00,17,Biscuits,2,255.48,Snacks,918,3,17,5
2636,440,2024-03-05,1900-01-01 17:24:00,17,Soap,1,479.41,Personal Care,556,3,17,5
2636,440,2024-03-05,1900-01-01 17:24:00,17,Earphones,1,88.93,Electronics,746,3,17,5
2637,274,2024-10-02,1900-01-01 08:03:00,8,Juice,2,477.3,Beverages,775,10,8,2
2637,274,2024-10-02,1900-01-01 08:03:00,8,Prawns,2,487.43,Meat & Seafood,345,10,8,2
2637,274,2024-10-02,1900-01-01 08:03:00,8,Butter,2,363.01,Dairy & Eggs,620,10,8,2
2637,274,2024-10-02,1900-01-01 08:03:00,8,Toilet Paper,3,213.15,Household,332,10,8,2
2638,107,2024-07-31,1900-01-01 06:33:00,6,Mixer Grinder,1,471.89,Electronics,290,7,6,31
2638,107,2024-07-31,1900-01-01 06:33:00,6,Diapers,2,424.55,Baby Care,766,7,6,31
2638,107,2024-07-31,1900-01-01 06:33:00,6,Fiction Book,2,290.8,Books,983,7,6,31
2639,409,2024-03-04,1900-01-01 20:34:00,20,Fish,1,470.26,Meat & Seafood,296,3,20,4
2639,409,2024-03-04,1900-01-01 20:34:00,20,Dress,3,175.43,Clothing,531,3,20,4
2639,409,2024-03-04,1900-01-01 20:34:00,20,Fish,1,399.84,Meat & Seafood,929,3,20,4
2639,409,2024-03-04,1900-01-01 20:34:00,20,Belt,1,345.12,Clothing Accessories,818,3,20,4
2640,74,2024-04-30,1900-01-01 07:42:00,7,Toothpaste,2,341.59,Personal Care,259,4,7,30
2640,74,2024-04-30,1900-01-01 07:42:00,7,Apple,1,474.53,Fruits & Vegetables,458,4,7,30
2640,74,2024-04-30,1900-01-01 07:42:00,7,Pastry,3,478.02,Bakery,980,4,7,30
2640,74,2024-04-30,1900-01-01 07:42:00,7,Coffee,3,234.93,Beverages,646,4,7,30
2641,268,2024-03-11,1900-01-01 09:00:00,9,Phone Cover,2,28.8,Electronics,519,3,9,11
2641,268,2024-03-11,1900-01-01 09:00:00,9,Belt,2,397.81,Clothing Accessories,146,3,9,11
2641,268,2024-03-11,1900-01-01 09:00:00,9,Energy Drink,1,112.27,Beverages,119,3,9,11
2642,343,2024-02-03,1900-01-01 12:43:00,12,Marker,2,120.04,Stationery,708,2,12,3
2642,343,2024-02-03,1900-01-01 12:43:00,12,Salt,3,235.73,Grains & Staples,405,2,12,3
2642,343,2024-02-03,1900-01-01 12:43:00,12,Saree,1,339.08,Clothing,700,2,12,3
2642,343,2024-02-03,1900-01-01 12:43:00,12,Toilet Paper,1,171.55,Household,468,2,12,3
2642,343,2024-02-03,1900-01-01 12:43:00,12,Cooking Oil,1,311.68,Grains & Staples,641,2,12,3
2642,343,2024-02-03,1900-01-01 12:43:00,12,Vitamins,3,108.54,Health & Wellness,350,2,12,3
2642,343,2024-02-03,1900-01-01 12:43:00,12,Bread,3,154.73,Bakery,218,2,12,3
2643,250,2024-02-03,1900-01-01 11:12:00,11,Toothpaste,1,134.86,Personal Care,307,2,11,3
2643,250,2024-02-03,1900-01-01 11:12:00,11,Electric Kettle,2,348.64,Electronics,591,2,11,3
2643,250,2024-02-03,1900-01-01 11:12:00,11,Vitamins,2,357.18,Health & Wellness,523,2,11,3
2643,250,2024-02-03,1900-01-01 11:12:00,11,Tea,1,399.94,Beverages,231,2,11,3
2643,250,2024-02-03,1900-01-01 11:12:00,11,Butter,1,119.45,Dairy & Eggs,775,2,11,3
2643,250,2024-02-03,1900-01-01 11:12:00,11,Electric Kettle,1,303.76,Electronics,111,2,11,3
2643,250,2024-02-03,1900-01-01 11:12:00,11,Butter,3,101.93,Dairy & Eggs,208,2,11,3
2644,226,2024-04-30,1900-01-01 11:31:00,11,Prawns,3,385.76,Meat & Seafood,780,4,11,30
2644,226,2024-04-30,1900-01-01 11:31:00,11,Floor Cleaner,2,403.17,Household,130,4,11,30
2644,226,2024-04-30,1900-01-01 11:31:00,11,Pasta,2,187.19,Grains & Staples,510,4,11,30
2644,226,2024-04-30,1900-01-01 11:31:00,11,Coffee,3,404.74,Beverages,296,4,11,30
2644,226,2024-04-30,1900-01-01 11:31:00,11,Charger,3,397.76,Electronics,267,4,11,30
2644,226,2024-04-30,1900-01-01 11:31:00,11,Banana,1,192.47,Fruits & Vegetables,438,4,11,30
2644,226,2024-04-30,1900-01-01 11:31:00,11,Cooking Oil,1,432.11,Grains & Staples,202,4,11,30
2645,235,2024-01-05,1900-01-01 08:27:00,8,Detergent,2,270.23,Household,568,1,8,5
2645,235,2024-01-05,1900-01-01 08:27:00,8,Detergent,3,247.0,Household,216,1,8,5
2645,235,2024-01-05,1900-01-01 08:27:00,8,Energy Drink,2,129.7,Beverages,949,1,8,5
2645,235,2024-01-05,1900-01-01 08:27:00,8,Dishwashing Liquid,1,375.19,Household,856,1,8,5
2645,235,2024-01-05,1900-01-01 08:27:00,8,Pain Reliever,2,446.78,Health & Wellness,253,1,8,5
2646,93,2024-11-29,1900-01-01 19:23:00,19,Dishwashing Liquid,1,28.11,Household,817,11,19,29
2646,93,2024-11-29,1900-01-01 19:23:00,19,Wheat Flour,3,83.91,Grains & Staples,551,11,19,29
2646,93,2024-11-29,1900-01-01 19:23:00,19,Charger,3,204.22,Electronics,976,11,19,29
2646,93,2024-11-29,1900-01-01 19:23:00,19,Soda,2,266.2,Beverages,201,11,19,29
2647,362,2024-02-04,1900-01-01 20:30:00,20,Juice,2,188.53,Beverages,369,2,20,4
2647,362,2024-02-04,1900-01-01 20:30:00,20,Butter,2,217.51,Dairy & Eggs,365,2,20,4
2647,362,2024-02-04,1900-01-01 20:30:00,20,Notebook,1,487.29,Stationery,629,2,20,4
2647,362,2024-02-04,1900-01-01 20:30:00,20,Carrot,1,224.66,Fruits & Vegetables,153,2,20,4
2647,362,2024-02-04,1900-01-01 20:30:00,20,Fish,2,480.67,Meat & Seafood,415,2,20,4
2648,384,2024-02-02,1900-01-01 21:34:00,21,Shampoo,3,69.68,Personal Care,182,2,21,2
2648,384,2024-02-02,1900-01-01 21:34:00,21,Cheese,2,360.84,Dairy & Eggs,225,2,21,2
2648,384,2024-02-02,1900-01-01 21:34:00,21,Dress,1,300.67,Clothing,573,2,21,2
2648,384,2024-02-02,1900-01-01 21:34:00,21,Earphones,1,435.26,Electronics,895,2,21,2
2649,204,2024-02-28,1900-01-01 20:42:00,20,Cooking Oil,1,180.54,Grains & Staples,479,2,20,28
2649,204,2024-02-28,1900-01-01 20:42:00,20,Cheese,1,274.57,Dairy & Eggs,449,2,20,28
2649,204,2024-02-28,1900-01-01 20:42:00,20,Pain Reliever,3,16.67,Health & Wellness,896,2,20,28
2650,115,2024-08-14,1900-01-01 11:30:00,11,Tissue,1,308.08,Household,411,8,11,14
2650,115,2024-08-14,1900-01-01 11:30:00,11,Jeans,2,342.77,Clothing,625,8,11,14
2650,115,2024-08-14,1900-01-01 11:30:00,11,Croissant,2,163.8,Bakery,252,8,11,14
2650,115,2024-08-14,1900-01-01 11:30:00,11,Orange,1,76.59,Fruits & Vegetables,972,8,11,14
2650,115,2024-08-14,1900-01-01 11:30:00,11,Energy Drink,3,284.55,Beverages,176,8,11,14
2650,115,2024-08-14,1900-01-01 11:30:00,11,Tissue,1,106.0,Household,552,8,11,14
2650,115,2024-08-14,1900-01-01 11:30:00,11,Juice,1,44.59,Beverages,548,8,11,14
2651,91,2024-07-12,1900-01-01 17:07:00,17,Dishwashing Liquid,3,439.74,Household,373,7,17,12
2651,91,2024-07-12,1900-01-01 17:07:00,17,Pain Reliever,3,258.83,Health & Wellness,255,7,17,12
2651,91,2024-07-12,1900-01-01 17:07:00,17,Pen,2,443.85,Stationery,987,7,17,12
2652,474,2024-01-04,1900-01-01 17:36:00,17,Face Wash,3,310.18,Personal Care,831,1,17,4
2652,474,2024-01-04,1900-01-01 17:36:00,17,Wheat Flour,3,38.68,Grains & Staples,274,1,17,4
2652,474,2024-01-04,1900-01-01 17:36:00,17,Popcorn,1,266.89,Snacks,416,1,17,4
2652,474,2024-01-04,1900-01-01 17:36:00,17,Banana,2,45.33,Fruits & Vegetables,807,1,17,4
2652,474,2024-01-04,1900-01-01 17:36:00,17,Chocolate,2,467.52,Snacks,838,1,17,4
2652,474,2024-01-04,1900-01-01 17:36:00,17,Carrot,3,119.1,Fruits & Vegetables,777,1,17,4
2652,474,2024-01-04,1900-01-01 17:36:00,17,Tomato,1,146.14,Fruits & Vegetables,840,1,17,4
2653,91,2024-03-05,1900-01-01 11:57:00,11,Shampoo,1,104.55,Personal Care,490,3,11,5
2653,91,2024-03-05,1900-01-01 11:57:00,11,Mixer Grinder,1,367.66,Electronics,968,3,11,5
2653,91,2024-03-05,1900-01-01 11:57:00,11,Banana,1,126.72,Fruits & Vegetables,696,3,11,5
2653,91,2024-03-05,1900-01-01 11:57:00,11,Charger,1,401.71,Electronics,961,3,11,5
2653,91,2024-03-05,1900-01-01 11:57:00,11,Eggs,2,176.06,Dairy & Eggs,288,3,11,5
2654,112,2024-02-29,1900-01-01 20:19:00,20,Pasta,3,278.95,Grains & Staples,690,2,20,29
2654,112,2024-02-29,1900-01-01 20:19:00,20,Earphones,1,230.19,Electronics,237,2,20,29
2654,112,2024-02-29,1900-01-01 20:19:00,20,Cheese,3,106.92,Dairy & Eggs,971,2,20,29
2655,453,2024-10-30,1900-01-01 11:03:00,11,Detergent,1,256.49,Household,208,10,11,30
2655,453,2024-10-30,1900-01-01 11:03:00,11,Electric Kettle,1,260.18,Electronics,243,10,11,30
2655,453,2024-10-30,1900-01-01 11:03:00,11,Onion,1,256.65,Fruits & Vegetables,874,10,11,30
2655,453,2024-10-30,1900-01-01 11:03:00,11,Beef,2,399.63,Meat & Seafood,667,10,11,30
2655,453,2024-10-30,1900-01-01 11:03:00,11,Toilet Paper,1,270.84,Household,979,10,11,30
2655,453,2024-10-30,1900-01-01 11:03:00,11,Charger,1,39.29,Electronics,756,10,11,30
2655,453,2024-10-30,1900-01-01 11:03:00,11,Saree,2,321.48,Clothing,149,10,11,30
2656,230,2024-09-15,1900-01-01 14:36:00,14,Dishwashing Liquid,3,104.91,Household,392,9,14,15
2656,230,2024-09-15,1900-01-01 14:36:00,14,Shampoo,1,468.18,Personal Care,730,9,14,15
2656,230,2024-09-15,1900-01-01 14:36:00,14,Shirt,1,67.52,Clothing,757,9,14,15
2656,230,2024-09-15,1900-01-01 14:36:00,14,Coffee,1,358.58,Beverages,712,9,14,15
2656,230,2024-09-15,1900-01-01 14:36:00,14,Chicken Breast,1,188.3,Meat & Seafood,483,9,14,15
2656,230,2024-09-15,1900-01-01 14:36:00,14,Biscuits,3,195.61,Snacks,427,9,14,15
2657,195,2024-12-07,1900-01-01 14:14:00,14,Wheat Flour,1,163.92,Grains & Staples,128,12,14,7
2657,195,2024-12-07,1900-01-01 14:14:00,14,Dress,1,175.1,Clothing,410,12,14,7
2657,195,2024-12-07,1900-01-01 14:14:00,14,Phone Cover,3,259.56,Electronics,651,12,14,7
2657,195,2024-12-07,1900-01-01 14:14:00,14,Floor Cleaner,2,337.13,Household,283,12,14,7
2658,464,2024-10-11,1900-01-01 18:26:00,18,Toothpaste,3,218.63,Personal Care,461,10,18,11
2658,464,2024-10-11,1900-01-01 18:26:00,18,Orange,3,45.07,Fruits & Vegetables,208,10,18,11
2658,464,2024-10-11,1900-01-01 18:26:00,18,Jeans,3,49.9,Clothing,446,10,18,11
2658,464,2024-10-11,1900-01-01 18:26:00,18,Soda,3,66.5,Beverages,948,10,18,11
2658,464,2024-10-11,1900-01-01 18:26:00,18,Floor Cleaner,2,279.33,Household,834,10,18,11
2658,464,2024-10-11,1900-01-01 18:26:00,18,Cake,2,312.36,Bakery,656,10,18,11
2659,382,2024-09-17,1900-01-01 16:33:00,16,Croissant,2,86.48,Bakery,653,9,16,17
2659,382,2024-09-17,1900-01-01 16:33:00,16,Cookies,1,372.61,Bakery,670,9,16,17
2659,382,2024-09-17,1900-01-01 16:33:00,16,Pen,3,193.95,Stationery,897,9,16,17
2659,382,2024-09-17,1900-01-01 16:33:00,16,Spinach,2,193.57,Fruits & Vegetables,206,9,16,17
2660,82,2024-11-16,1900-01-01 10:56:00,10,Toothpaste,1,481.12,Personal Care,519,11,10,16
2660,82,2024-11-16,1900-01-01 10:56:00,10,Shirt,2,54.57,Clothing,321,11,10,16
2660,82,2024-11-16,1900-01-01 10:56:00,10,Marker,1,63.48,Stationery,934,11,10,16
2660,82,2024-11-16,1900-01-01 10:56:00,10,Prawns,3,128.44,Meat & Seafood,661,11,10,16
2660,82,2024-11-16,1900-01-01 10:56:00,10,Carrot,1,83.99,Fruits & Vegetables,864,11,10,16
2660,82,2024-11-16,1900-01-01 10:56:00,10,Sugar,3,467.03,Grains & Staples,779,11,10,16
2660,82,2024-11-16,1900-01-01 10:56:00,10,Charger,3,200.06,Electronics,796,11,10,16
2661,438,2024-03-15,1900-01-01 08:23:00,8,Tea,1,71.47,Beverages,226,3,8,15
2661,438,2024-03-15,1900-01-01 08:23:00,8,Biscuits,2,232.79,Snacks,397,3,8,15
2661,438,2024-03-15,1900-01-01 08:23:00,8,Notebook,3,420.44,Stationery,637,3,8,15
2662,180,2024-06-17,1900-01-01 06:04:00,6,Onion,1,73.21,Fruits & Vegetables,326,6,6,17
2662,180,2024-06-17,1900-01-01 06:04:00,6,Phone Cover,1,22.93,Electronics,130,6,6,17
2662,180,2024-06-17,1900-01-01 06:04:00,6,Chicken Breast,2,198.66,Meat & Seafood,938,6,6,17
2662,180,2024-06-17,1900-01-01 06:04:00,6,Tissue,1,58.66,Household,230,6,6,17
2662,180,2024-06-17,1900-01-01 06:04:00,6,Eggs,1,285.78,Dairy & Eggs,391,6,6,17
2662,180,2024-06-17,1900-01-01 06:04:00,6,Onion,2,212.62,Fruits & Vegetables,678,6,6,17
2663,98,2024-09-17,1900-01-01 08:50:00,8,Pen,2,64.4,Stationery,454,9,8,17
2663,98,2024-09-17,1900-01-01 08:50:00,8,Pasta,2,68.45,Grains & Staples,441,9,8,17
2663,98,2024-09-17,1900-01-01 08:50:00,8,Dishwashing Liquid,1,290.64,Household,925,9,8,17
2663,98,2024-09-17,1900-01-01 08:50:00,8,Biscuits,2,170.43,Snacks,447,9,8,17
2663,98,2024-09-17,1900-01-01 08:50:00,8,Dress,1,248.85,Clothing,792,9,8,17
2664,311,2024-06-03,1900-01-01 16:46:00,16,Soap,2,431.39,Personal Care,954,6,16,3
2664,311,2024-06-03,1900-01-01 16:46:00,16,Notebook,3,353.66,Stationery,415,6,16,3
2664,311,2024-06-03,1900-01-01 16:46:00,16,Croissant,3,205.0,Bakery,770,6,16,3
2664,311,2024-06-03,1900-01-01 16:46:00,16,Fiction Book,2,90.89,Books,178,6,16,3
2665,229,2024-01-09,1900-01-01 21:45:00,21,Juice,2,415.47,Beverages,189,1,21,9
2665,229,2024-01-09,1900-01-01 21:45:00,21,Jeans,3,109.67,Clothing,855,1,21,9
2665,229,2024-01-09,1900-01-01 21:45:00,21,Cake,2,33.86,Bakery,177,1,21,9
2666,334,2024-08-15,1900-01-01 20:00:00,20,Detergent,2,137.54,Household,279,8,20,15
2666,334,2024-08-15,1900-01-01 20:00:00,20,Cookies,2,320.42,Bakery,539,8,20,15
2666,334,2024-08-15,1900-01-01 20:00:00,20,Yogurt,1,490.65,Dairy & Eggs,812,8,20,15
2666,334,2024-08-15,1900-01-01 20:00:00,20,Lentils,3,468.7,Grains & Staples,297,8,20,15
2666,334,2024-08-15,1900-01-01 20:00:00,20,Fish,3,443.28,Meat & Seafood,464,8,20,15
2666,334,2024-08-15,1900-01-01 20:00:00,20,Baby Food,3,420.92,Baby Care,707,8,20,15
2666,334,2024-08-15,1900-01-01 20:00:00,20,Carrot,1,455.58,Fruits & Vegetables,575,8,20,15
2667,281,2024-05-09,1900-01-01 15:15:00,15,Croissant,1,233.08,Bakery,335,5,15,9
2667,281,2024-05-09,1900-01-01 15:15:00,15,Croissant,3,474.0,Bakery,708,5,15,9
2667,281,2024-05-09,1900-01-01 15:15:00,15,Face Wash,1,402.91,Personal Care,969,5,15,9
2668,329,2024-12-13,1900-01-01 20:34:00,20,Beef,2,478.55,Meat & Seafood,445,12,20,13
2668,329,2024-12-13,1900-01-01 20:34:00,20,Lentils,1,78.96,Grains & Staples,118,12,20,13
2668,329,2024-12-13,1900-01-01 20:34:00,20,Prawns,3,197.07,Meat & Seafood,786,12,20,13
2668,329,2024-12-13,1900-01-01 20:34:00,20,Floor Cleaner,3,146.63,Household,369,12,20,13
2668,329,2024-12-13,1900-01-01 20:34:00,20,Energy Drink,1,139.18,Beverages,492,12,20,13
2668,329,2024-12-13,1900-01-01 20:34:00,20,Milk,3,86.38,Dairy & Eggs,965,12,20,13
2669,148,2024-07-09,1900-01-01 07:02:00,7,Chocolate,1,11.68,Snacks,106,7,7,9
2669,148,2024-07-09,1900-01-01 07:02:00,7,Jeans,2,332.6,Clothing,617,7,7,9
2669,148,2024-07-09,1900-01-01 07:02:00,7,Mixer Grinder,3,134.28,Electronics,909,7,7,9
2669,148,2024-07-09,1900-01-01 07:02:00,7,Educational Book,2,27.04,Books,198,7,7,9
2669,148,2024-07-09,1900-01-01 07:02:00,7,Croissant,1,410.97,Bakery,649,7,7,9
2669,148,2024-07-09,1900-01-01 07:02:00,7,Face Wash,3,239.61,Personal Care,981,7,7,9
2669,148,2024-07-09,1900-01-01 07:02:00,7,Sugar,2,304.0,Grains & Staples,213,7,7,9
2670,293,2024-02-23,1900-01-01 12:36:00,12,Soap,2,161.32,Personal Care,707,2,12,23
2670,293,2024-02-23,1900-01-01 12:36:00,12,Soda,2,142.8,Beverages,136,2,12,23
2670,293,2024-02-23,1900-01-01 12:36:00,12,Notebook,1,484.75,Stationery,229,2,12,23
2671,188,2024-02-01,1900-01-01 18:53:00,18,Chocolate,1,123.33,Snacks,531,2,18,1
2671,188,2024-02-01,1900-01-01 18:53:00,18,Croissant,2,303.32,Bakery,932,2,18,1
2671,188,2024-02-01,1900-01-01 18:53:00,18,Saree,3,493.86,Clothing,450,2,18,1
2671,188,2024-02-01,1900-01-01 18:53:00,18,Spinach,1,271.19,Fruits & Vegetables,501,2,18,1
2671,188,2024-02-01,1900-01-01 18:53:00,18,Fiction Book,1,296.8,Books,235,2,18,1
2671,188,2024-02-01,1900-01-01 18:53:00,18,Orange,3,429.25,Fruits & Vegetables,338,2,18,1
2672,146,2024-04-09,1900-01-01 06:26:00,6,Tea,3,38.35,Beverages,120,4,6,9
2672,146,2024-04-09,1900-01-01 06:26:00,6,Pain Reliever,2,416.34,Health & Wellness,446,4,6,9
2672,146,2024-04-09,1900-01-01 06:26:00,6,Pain Reliever,1,340.83,Health & Wellness,151,4,6,9
2673,14,2024-10-02,1900-01-01 13:24:00,13,Rice,3,17.79,Grains & Staples,171,10,13,2
2673,14,2024-10-02,1900-01-01 13:24:00,13,Electric Kettle,3,128.68,Electronics,771,10,13,2
2673,14,2024-10-02,1900-01-01 13:24:00,13,Face Wash,3,90.23,Personal Care,313,10,13,2
2673,14,2024-10-02,1900-01-01 13:24:00,13,Biscuits,1,65.26,Snacks,297,10,13,2
2673,14,2024-10-02,1900-01-01 13:24:00,13,Eggs,1,32.46,Dairy & Eggs,589,10,13,2
2673,14,2024-10-02,1900-01-01 13:24:00,13,Soap,3,16.19,Personal Care,368,10,13,2
2674,84,2024-11-28,1900-01-01 10:48:00,10,Shirt,1,473.54,Clothing,425,11,10,28
2674,84,2024-11-28,1900-01-01 10:48:00,10,Chocolate,3,455.87,Snacks,404,11,10,28
2674,84,2024-11-28,1900-01-01 10:48:00,10,Vitamins,2,86.54,Health & Wellness,272,11,10,28
2674,84,2024-11-28,1900-01-01 10:48:00,10,Educational Book,2,481.57,Books,397,11,10,28
2674,84,2024-11-28,1900-01-01 10:48:00,10,Croissant,1,279.25,Bakery,210,11,10,28
2674,84,2024-11-28,1900-01-01 10:48:00,10,Energy Drink,3,360.24,Beverages,880,11,10,28
2674,84,2024-11-28,1900-01-01 10:48:00,10,Rice,3,177.22,Grains & Staples,704,11,10,28
2675,361,2024-03-17,1900-01-01 20:44:00,20,Notebook,3,432.59,Stationery,933,3,20,17
2675,361,2024-03-17,1900-01-01 20:44:00,20,Chips,2,93.79,Snacks,821,3,20,17
2675,361,2024-03-17,1900-01-01 20:44:00,20,Apple,2,272.45,Fruits & Vegetables,242,3,20,17
2675,361,2024-03-17,1900-01-01 20:44:00,20,Cheese,2,427.86,Dairy & Eggs,779,3,20,17
2675,361,2024-03-17,1900-01-01 20:44:00,20,Detergent,2,475.79,Household,769,3,20,17
2675,361,2024-03-17,1900-01-01 20:44:00,20,Diapers,2,263.9,Baby Care,620,3,20,17
2676,317,2024-02-06,1900-01-01 21:13:00,21,Onion,2,305.71,Fruits & Vegetables,946,2,21,6
2676,317,2024-02-06,1900-01-01 21:13:00,21,Cooking Oil,3,161.95,Grains & Staples,951,2,21,6
2676,317,2024-02-06,1900-01-01 21:13:00,21,Juice,1,48.23,Beverages,225,2,21,6
2677,215,2024-03-17,1900-01-01 16:29:00,16,Cake,2,51.06,Bakery,222,3,16,17
2677,215,2024-03-17,1900-01-01 16:29:00,16,Cookies,3,40.52,Bakery,634,3,16,17
2677,215,2024-03-17,1900-01-01 16:29:00,16,Cheese,1,321.0,Dairy & Eggs,206,3,16,17
2678,468,2024-07-13,1900-01-01 22:55:00,22,Beef,1,370.04,Meat & Seafood,624,7,22,13
2678,468,2024-07-13,1900-01-01 22:55:00,22,Shirt,1,19.86,Clothing,508,7,22,13
2678,468,2024-07-13,1900-01-01 22:55:00,22,Charger,3,436.34,Electronics,480,7,22,13
2679,396,2024-03-04,1900-01-01 22:34:00,22,Shoes,2,378.43,Footwear,425,3,22,4
2679,396,2024-03-04,1900-01-01 22:34:00,22,Marker,2,187.85,Stationery,645,3,22,4
2679,396,2024-03-04,1900-01-01 22:34:00,22,Bread,2,216.13,Bakery,972,3,22,4
2679,396,2024-03-04,1900-01-01 22:34:00,22,Soda,2,339.67,Beverages,423,3,22,4
2679,396,2024-03-04,1900-01-01 22:34:00,22,Spices,1,403.15,Grains & Staples,150,3,22,4
2679,396,2024-03-04,1900-01-01 22:34:00,22,Cookies,1,318.25,Bakery,154,3,22,4
2680,350,2024-05-09,1900-01-01 18:12:00,18,Prawns,3,139.49,Meat & Seafood,113,5,18,9
2680,350,2024-05-09,1900-01-01 18:12:00,18,Soda,2,59.37,Beverages,341,5,18,9
2680,350,2024-05-09,1900-01-01 18:12:00,18,Carrot,2,155.61,Fruits & Vegetables,204,5,18,9
2680,350,2024-05-09,1900-01-01 18:12:00,18,Orange,3,40.24,Fruits & Vegetables,238,5,18,9
2680,350,2024-05-09,1900-01-01 18:12:00,18,Carrot,2,161.31,Fruits & Vegetables,942,5,18,9
2680,350,2024-05-09,1900-01-01 18:12:00,18,Chicken Breast,3,422.88,Meat & Seafood,317,5,18,9
2680,350,2024-05-09,1900-01-01 18:12:00,18,Onion,3,142.87,Fruits & Vegetables,432,5,18,9
2681,141,2024-05-22,1900-01-01 06:51:00,6,Cake,3,140.97,Bakery,855,5,6,22
2681,141,2024-05-22,1900-01-01 06:51:00,6,Pen,3,295.56,Stationery,942,5,6,22
2681,141,2024-05-22,1900-01-01 06:51:00,6,Wheat Flour,1,399.03,Grains & Staples,945,5,6,22
2681,141,2024-05-22,1900-01-01 06:51:00,6,Marker,2,200.04,Stationery,220,5,6,22
2682,400,2024-01-31,1900-01-01 21:37:00,21,Salt,1,257.31,Grains & Staples,910,1,21,31
2682,400,2024-01-31,1900-01-01 21:37:00,21,Belt,1,420.49,Clothing Accessories,227,1,21,31
2682,400,2024-01-31,1900-01-01 21:37:00,21,Dress,3,453.5,Clothing,817,1,21,31
2682,400,2024-01-31,1900-01-01 21:37:00,21,Carrot,1,160.15,Fruits & Vegetables,374,1,21,31
2682,400,2024-01-31,1900-01-01 21:37:00,21,Banana,2,150.69,Fruits & Vegetables,590,1,21,31
2683,468,2024-11-01,1900-01-01 07:35:00,7,Croissant,3,156.65,Bakery,758,11,7,1
2683,468,2024-11-01,1900-01-01 07:35:00,7,Spices,3,138.14,Grains & Staples,243,11,7,1
2683,468,2024-11-01,1900-01-01 07:35:00,7,Pasta,2,379.2,Grains & Staples,932,11,7,1
2683,468,2024-11-01,1900-01-01 07:35:00,7,Cookies,3,120.38,Bakery,354,11,7,1
2683,468,2024-11-01,1900-01-01 07:35:00,7,Dress,3,173.79,Clothing,214,11,7,1
2683,468,2024-11-01,1900-01-01 07:35:00,7,Energy Drink,3,477.12,Beverages,254,11,7,1
2684,356,2024-02-09,1900-01-01 21:41:00,21,Earphones,2,31.54,Electronics,629,2,21,9
2684,356,2024-02-09,1900-01-01 21:41:00,21,Cheese,3,194.9,Dairy & Eggs,495,2,21,9
2684,356,2024-02-09,1900-01-01 21:41:00,21,Onion,1,460.57,Fruits & Vegetables,795,2,21,9
2684,356,2024-02-09,1900-01-01 21:41:00,21,Belt,3,196.26,Clothing Accessories,609,2,21,9
2685,178,2024-07-30,1900-01-01 18:39:00,18,Spinach,3,408.34,Fruits & Vegetables,303,7,18,30
2685,178,2024-07-30,1900-01-01 18:39:00,18,Cooking Oil,3,340.83,Grains & Staples,279,7,18,30
2685,178,2024-07-30,1900-01-01 18:39:00,18,Diapers,1,188.59,Baby Care,144,7,18,30
2685,178,2024-07-30,1900-01-01 18:39:00,18,Banana,1,141.42,Fruits & Vegetables,752,7,18,30
2685,178,2024-07-30,1900-01-01 18:39:00,18,Onion,3,279.12,Fruits & Vegetables,748,7,18,30
2685,178,2024-07-30,1900-01-01 18:39:00,18,Yogurt,1,451.85,Dairy & Eggs,176,7,18,30
2686,53,2024-06-09,1900-01-01 09:06:00,9,Popcorn,2,330.75,Snacks,608,6,9,9
2686,53,2024-06-09,1900-01-01 09:06:00,9,Chips,3,349.89,Snacks,642,6,9,9
2686,53,2024-06-09,1900-01-01 09:06:00,9,Carrot,1,337.0,Fruits & Vegetables,168,6,9,9
2686,53,2024-06-09,1900-01-01 09:06:00,9,Toothpaste,3,102.34,Personal Care,517,6,9,9
2686,53,2024-06-09,1900-01-01 09:06:00,9,Prawns,3,471.36,Meat & Seafood,173,6,9,9
2686,53,2024-06-09,1900-01-01 09:06:00,9,Face Wash,1,40.27,Personal Care,918,6,9,9
2687,346,2024-08-04,1900-01-01 17:47:00,17,Pasta,2,151.07,Grains & Staples,658,8,17,4
2687,346,2024-08-04,1900-01-01 17:47:00,17,Croissant,3,393.64,Bakery,930,8,17,4
2687,346,2024-08-04,1900-01-01 17:47:00,17,Bread,3,75.14,Bakery,707,8,17,4
2687,346,2024-08-04,1900-01-01 17:47:00,17,Dishwashing Liquid,2,86.79,Household,722,8,17,4
2687,346,2024-08-04,1900-01-01 17:47:00,17,Notebook,2,306.11,Stationery,419,8,17,4
2687,346,2024-08-04,1900-01-01 17:47:00,17,Potato,3,130.02,Fruits & Vegetables,645,8,17,4
2687,346,2024-08-04,1900-01-01 17:47:00,17,Cooking Oil,2,162.02,Grains & Staples,529,8,17,4
2688,264,2024-06-19,1900-01-01 18:12:00,18,Pasta,1,465.53,Grains & Staples,900,6,18,19
2688,264,2024-06-19,1900-01-01 18:12:00,18,Belt,3,208.25,Clothing Accessories,958,6,18,19
2688,264,2024-06-19,1900-01-01 18:12:00,18,Vitamins,3,340.43,Health & Wellness,249,6,18,19
2688,264,2024-06-19,1900-01-01 18:12:00,18,Soda,3,432.95,Beverages,555,6,18,19
2688,264,2024-06-19,1900-01-01 18:12:00,18,Cookies,3,454.99,Bakery,873,6,18,19
2689,97,2024-07-05,1900-01-01 06:58:00,6,Notebook,3,440.63,Stationery,761,7,6,5
2689,97,2024-07-05,1900-01-01 06:58:00,6,Croissant,2,288.45,Bakery,816,7,6,5
2689,97,2024-07-05,1900-01-01 06:58:00,6,Jeans,1,262.73,Clothing,264,7,6,5
2689,97,2024-07-05,1900-01-01 06:58:00,6,Juice,1,124.08,Beverages,119,7,6,5
2689,97,2024-07-05,1900-01-01 06:58:00,6,Dress,2,351.28,Clothing,763,7,6,5
2690,234,2024-03-23,1900-01-01 22:26:00,22,Tea,2,440.78,Beverages,896,3,22,23
2690,234,2024-03-23,1900-01-01 22:26:00,22,Soda,2,223.34,Beverages,165,3,22,23
2690,234,2024-03-23,1900-01-01 22:26:00,22,Cake,2,454.25,Bakery,980,3,22,23
2691,72,2024-06-17,1900-01-01 16:26:00,16,Sugar,1,393.37,Grains & Staples,870,6,16,17
2691,72,2024-06-17,1900-01-01 16:26:00,16,Eggs,1,253.53,Dairy & Eggs,186,6,16,17
2691,72,2024-06-17,1900-01-01 16:26:00,16,Chips,3,337.16,Snacks,216,6,16,17
2691,72,2024-06-17,1900-01-01 16:26:00,16,Butter,1,372.6,Dairy & Eggs,550,6,16,17
2691,72,2024-06-17,1900-01-01 16:26:00,16,Cake,2,479.15,Bakery,628,6,16,17
2691,72,2024-06-17,1900-01-01 16:26:00,16,Shampoo,2,109.54,Personal Care,476,6,16,17
2692,278,2024-04-10,1900-01-01 08:58:00,8,Toilet Paper,3,193.89,Household,393,4,8,10
2692,278,2024-04-10,1900-01-01 08:58:00,8,Apple,1,472.58,Fruits & Vegetables,745,4,8,10
2692,278,2024-04-10,1900-01-01 08:58:00,8,Tissue,2,144.44,Household,959,4,8,10
2693,30,2024-11-30,1900-01-01 06:21:00,6,Notebook,3,286.09,Stationery,599,11,6,30
2693,30,2024-11-30,1900-01-01 06:21:00,6,Lentils,3,167.15,Grains & Staples,713,11,6,30
2693,30,2024-11-30,1900-01-01 06:21:00,6,Notebook,2,359.64,Stationery,152,11,6,30
2693,30,2024-11-30,1900-01-01 06:21:00,6,Popcorn,3,312.18,Snacks,765,11,6,30
2694,329,2024-02-22,1900-01-01 12:46:00,12,Cake,3,376.25,Bakery,777,2,12,22
2694,329,2024-02-22,1900-01-01 12:46:00,12,Chocolate,3,402.49,Snacks,146,2,12,22
2694,329,2024-02-22,1900-01-01 12:46:00,12,Jeans,2,136.38,Clothing,384,2,12,22
2694,329,2024-02-22,1900-01-01 12:46:00,12,Dishwashing Liquid,2,347.78,Household,818,2,12,22
2694,329,2024-02-22,1900-01-01 12:46:00,12,Bread,2,430.41,Bakery,247,2,12,22
2694,329,2024-02-22,1900-01-01 12:46:00,12,Carrot,1,148.67,Fruits & Vegetables,524,2,12,22
2694,329,2024-02-22,1900-01-01 12:46:00,12,Wheat Flour,2,402.07,Grains & Staples,248,2,12,22
2695,156,2024-04-12,1900-01-01 13:24:00,13,Salt,1,63.59,Grains & Staples,191,4,13,12
2695,156,2024-04-12,1900-01-01 13:24:00,13,Wheat Flour,1,159.02,Grains & Staples,522,4,13,12
2695,156,2024-04-12,1900-01-01 13:24:00,13,Belt,3,362.59,Clothing Accessories,322,4,13,12
2695,156,2024-04-12,1900-01-01 13:24:00,13,Bread,2,111.19,Bakery,648,4,13,12
2695,156,2024-04-12,1900-01-01 13:24:00,13,Dishwashing Liquid,1,434.35,Household,307,4,13,12
2695,156,2024-04-12,1900-01-01 13:24:00,13,Jeans,1,402.52,Clothing,983,4,13,12
2696,337,2024-07-26,1900-01-01 07:57:00,7,Pain Reliever,3,213.43,Health & Wellness,418,7,7,26
2696,337,2024-07-26,1900-01-01 07:57:00,7,Electric Kettle,3,211.49,Electronics,454,7,7,26
2696,337,2024-07-26,1900-01-01 07:57:00,7,Spinach,1,62.12,Fruits & Vegetables,648,7,7,26
2696,337,2024-07-26,1900-01-01 07:57:00,7,Spices,2,170.96,Grains & Staples,440,7,7,26
2696,337,2024-07-26,1900-01-01 07:57:00,7,Vitamins,2,443.82,Health & Wellness,495,7,7,26
2697,405,2024-04-17,1900-01-01 16:15:00,16,Soap,1,163.1,Personal Care,687,4,16,17
2697,405,2024-04-17,1900-01-01 16:15:00,16,Chips,3,312.23,Snacks,173,4,16,17
2697,405,2024-04-17,1900-01-01 16:15:00,16,Yogurt,2,381.38,Dairy & Eggs,530,4,16,17
2697,405,2024-04-17,1900-01-01 16:15:00,16,Saree,1,86.11,Clothing,560,4,16,17
2697,405,2024-04-17,1900-01-01 16:15:00,16,Electric Kettle,2,93.37,Electronics,983,4,16,17
2697,405,2024-04-17,1900-01-01 16:15:00,16,Mixer Grinder,1,255.93,Electronics,158,4,16,17
2697,405,2024-04-17,1900-01-01 16:15:00,16,Yogurt,3,84.71,Dairy & Eggs,825,4,16,17
2698,427,2024-04-21,1900-01-01 18:39:00,18,Tomato,3,299.96,Fruits & Vegetables,281,4,18,21
2698,427,2024-04-21,1900-01-01 18:39:00,18,Rice,3,39.95,Grains & Staples,598,4,18,21
2698,427,2024-04-21,1900-01-01 18:39:00,18,Phone Cover,3,461.78,Electronics,286,4,18,21
2698,427,2024-04-21,1900-01-01 18:39:00,18,Carrot,1,350.69,Fruits & Vegetables,702,4,18,21
2698,427,2024-04-21,1900-01-01 18:39:00,18,Electric Kettle,2,355.22,Electronics,540,4,18,21
2699,389,2024-12-03,1900-01-01 11:54:00,11,Pasta,1,90.95,Grains & Staples,305,12,11,3
2699,389,2024-12-03,1900-01-01 11:54:00,11,Coffee,2,326.74,Beverages,725,12,11,3
2699,389,2024-12-03,1900-01-01 11:54:00,11,Cake,3,350.8,Bakery,798,12,11,3
2699,389,2024-12-03,1900-01-01 11:54:00,11,Mixer Grinder,2,280.38,Electronics,123,12,11,3
2699,389,2024-12-03,1900-01-01 11:54:00,11,Carrot,2,94.79,Fruits & Vegetables,603,12,11,3
2700,277,2024-06-18,1900-01-01 18:42:00,18,Croissant,1,176.94,Bakery,749,6,18,18
2700,277,2024-06-18,1900-01-01 18:42:00,18,Face Wash,3,237.16,Personal Care,329,6,18,18
2700,277,2024-06-18,1900-01-01 18:42:00,18,Prawns,3,153.26,Meat & Seafood,540,6,18,18
2701,137,2024-10-10,1900-01-01 18:07:00,18,Tomato,3,159.61,Fruits & Vegetables,405,10,18,10
2701,137,2024-10-10,1900-01-01 18:07:00,18,Mixer Grinder,2,443.55,Electronics,473,10,18,10
2701,137,2024-10-10,1900-01-01 18:07:00,18,Phone Cover,1,153.21,Electronics,857,10,18,10
2702,424,2024-06-02,1900-01-01 10:13:00,10,Chicken Breast,1,290.98,Meat & Seafood,252,6,10,2
2702,424,2024-06-02,1900-01-01 10:13:00,10,Popcorn,2,86.6,Snacks,724,6,10,2
2702,424,2024-06-02,1900-01-01 10:13:00,10,Dishwashing Liquid,1,39.59,Household,888,6,10,2
2703,447,2024-03-01,1900-01-01 21:50:00,21,Dishwashing Liquid,2,465.22,Household,832,3,21,1
2703,447,2024-03-01,1900-01-01 21:50:00,21,Tomato,2,226.99,Fruits & Vegetables,607,3,21,1
2703,447,2024-03-01,1900-01-01 21:50:00,21,Rice,1,240.92,Grains & Staples,378,3,21,1
2703,447,2024-03-01,1900-01-01 21:50:00,21,Baby Food,2,283.75,Baby Care,745,3,21,1
2703,447,2024-03-01,1900-01-01 21:50:00,21,Rice,1,347.71,Grains & Staples,830,3,21,1
2703,447,2024-03-01,1900-01-01 21:50:00,21,Potato,2,242.58,Fruits & Vegetables,192,3,21,1
2703,447,2024-03-01,1900-01-01 21:50:00,21,Sugar,2,243.88,Grains & Staples,241,3,21,1
2704,303,2024-03-23,1900-01-01 13:19:00,13,Onion,2,438.69,Fruits & Vegetables,101,3,13,23
2704,303,2024-03-23,1900-01-01 13:19:00,13,Saree,2,112.13,Clothing,985,3,13,23
2704,303,2024-03-23,1900-01-01 13:19:00,13,Prawns,1,374.98,Meat & Seafood,724,3,13,23
2704,303,2024-03-23,1900-01-01 13:19:00,13,Biscuits,3,278.72,Snacks,655,3,13,23
2704,303,2024-03-23,1900-01-01 13:19:00,13,Carrot,3,35.25,Fruits & Vegetables,816,3,13,23
2704,303,2024-03-23,1900-01-01 13:19:00,13,Toilet Paper,2,266.29,Household,811,3,13,23
2704,303,2024-03-23,1900-01-01 13:19:00,13,Energy Drink,1,58.86,Beverages,105,3,13,23
2705,52,2024-05-21,1900-01-01 11:17:00,11,Yogurt,3,162.66,Dairy & Eggs,634,5,11,21
2705,52,2024-05-21,1900-01-01 11:17:00,11,Vitamins,2,288.14,Health & Wellness,286,5,11,21
2705,52,2024-05-21,1900-01-01 11:17:00,11,Biscuits,2,285.38,Snacks,802,5,11,21
2706,307,2024-04-02,1900-01-01 16:54:00,16,Tissue,1,62.62,Household,904,4,16,2
2706,307,2024-04-02,1900-01-01 16:54:00,16,Chocolate,2,81.03,Snacks,315,4,16,2
2706,307,2024-04-02,1900-01-01 16:54:00,16,Spices,3,499.94,Grains & Staples,179,4,16,2
2706,307,2024-04-02,1900-01-01 16:54:00,16,Educational Book,3,357.74,Books,869,4,16,2
2706,307,2024-04-02,1900-01-01 16:54:00,16,Fish,1,403.0,Meat & Seafood,107,4,16,2
2706,307,2024-04-02,1900-01-01 16:54:00,16,Tea,1,55.68,Beverages,385,4,16,2
2706,307,2024-04-02,1900-01-01 16:54:00,16,Baby Food,2,168.7,Baby Care,604,4,16,2
2707,98,2024-09-16,1900-01-01 06:42:00,6,Salt,1,388.4,Grains & Staples,472,9,6,16
2707,98,2024-09-16,1900-01-01 06:42:00,6,Toothpaste,1,406.57,Personal Care,157,9,6,16
2707,98,2024-09-16,1900-01-01 06:42:00,6,Earphones,2,444.62,Electronics,498,9,6,16
2707,98,2024-09-16,1900-01-01 06:42:00,6,Potato,3,120.1,Fruits & Vegetables,189,9,6,16
2707,98,2024-09-16,1900-01-01 06:42:00,6,Educational Book,1,91.36,Books,288,9,6,16
2707,98,2024-09-16,1900-01-01 06:42:00,6,Belt,1,145.48,Clothing Accessories,318,9,6,16
2707,98,2024-09-16,1900-01-01 06:42:00,6,Cooking Oil,2,93.19,Grains & Staples,311,9,6,16
2708,118,2024-04-27,1900-01-01 22:55:00,22,Phone Cover,2,323.4,Electronics,122,4,22,27
2708,118,2024-04-27,1900-01-01 22:55:00,22,Dishwashing Liquid,1,24.5,Household,581,4,22,27
2708,118,2024-04-27,1900-01-01 22:55:00,22,Cookies,2,499.48,Bakery,760,4,22,27
2708,118,2024-04-27,1900-01-01 22:55:00,22,Eggs,1,462.19,Dairy & Eggs,794,4,22,27
2709,130,2024-01-28,1900-01-01 14:13:00,14,Dishwashing Liquid,1,263.5,Household,327,1,14,28
2709,130,2024-01-28,1900-01-01 14:13:00,14,Sugar,2,88.22,Grains & Staples,140,1,14,28
2709,130,2024-01-28,1900-01-01 14:13:00,14,Bread,2,305.42,Bakery,164,1,14,28
2709,130,2024-01-28,1900-01-01 14:13:00,14,Cake,3,15.93,Bakery,546,1,14,28
2709,130,2024-01-28,1900-01-01 14:13:00,14,Soap,2,241.12,Personal Care,444,1,14,28
2709,130,2024-01-28,1900-01-01 14:13:00,14,Potato,3,441.34,Fruits & Vegetables,431,1,14,28
2710,163,2024-01-16,1900-01-01 11:57:00,11,Cheese,1,164.9,Dairy & Eggs,453,1,11,16
2710,163,2024-01-16,1900-01-01 11:57:00,11,Pasta,1,200.13,Grains & Staples,617,1,11,16
2710,163,2024-01-16,1900-01-01 11:57:00,11,Juice,2,298.55,Beverages,759,1,11,16
2710,163,2024-01-16,1900-01-01 11:57:00,11,Spices,2,371.44,Grains & Staples,523,1,11,16
2711,322,2024-10-22,1900-01-01 11:53:00,11,Soda,3,384.87,Beverages,688,10,11,22
2711,322,2024-10-22,1900-01-01 11:53:00,11,Face Wash,3,307.99,Personal Care,465,10,11,22
2711,322,2024-10-22,1900-01-01 11:53:00,11,Beef,1,135.61,Meat & Seafood,237,10,11,22
2712,484,2024-11-25,1900-01-01 21:30:00,21,Chips,3,422.23,Snacks,192,11,21,25
2712,484,2024-11-25,1900-01-01 21:30:00,21,Popcorn,1,87.11,Snacks,587,11,21,25
2712,484,2024-11-25,1900-01-01 21:30:00,21,Educational Book,2,228.0,Books,366,11,21,25
2712,484,2024-11-25,1900-01-01 21:30:00,21,Orange,2,443.48,Fruits & Vegetables,510,11,21,25
2712,484,2024-11-25,1900-01-01 21:30:00,21,Eggs,2,355.77,Dairy & Eggs,980,11,21,25
2713,104,2024-03-30,1900-01-01 15:38:00,15,Shampoo,2,204.44,Personal Care,200,3,15,30
2713,104,2024-03-30,1900-01-01 15:38:00,15,Energy Drink,1,101.92,Beverages,484,3,15,30
2713,104,2024-03-30,1900-01-01 15:38:00,15,Belt,3,297.1,Clothing Accessories,942,3,15,30
2713,104,2024-03-30,1900-01-01 15:38:00,15,Chocolate,1,191.79,Snacks,286,3,15,30
2713,104,2024-03-30,1900-01-01 15:38:00,15,Fish,1,405.7,Meat & Seafood,734,3,15,30
2713,104,2024-03-30,1900-01-01 15:38:00,15,Tissue,3,68.37,Household,866,3,15,30
2713,104,2024-03-30,1900-01-01 15:38:00,15,Toilet Paper,2,275.82,Household,541,3,15,30
2714,350,2024-10-08,1900-01-01 16:11:00,16,Apple,2,272.38,Fruits & Vegetables,711,10,16,8
2714,350,2024-10-08,1900-01-01 16:11:00,16,Phone Cover,2,133.76,Electronics,281,10,16,8
2714,350,2024-10-08,1900-01-01 16:11:00,16,Soap,3,270.12,Personal Care,991,10,16,8
2714,350,2024-10-08,1900-01-01 16:11:00,16,Cake,3,358.19,Bakery,666,10,16,8
2715,83,2024-11-23,1900-01-01 11:35:00,11,Pain Reliever,2,345.57,Health & Wellness,758,11,11,23
2715,83,2024-11-23,1900-01-01 11:35:00,11,Cooking Oil,2,12.81,Grains & Staples,122,11,11,23
2715,83,2024-11-23,1900-01-01 11:35:00,11,Earphones,3,34.94,Electronics,282,11,11,23
2716,56,2024-06-28,1900-01-01 08:43:00,8,Juice,3,160.97,Beverages,780,6,8,28
2716,56,2024-06-28,1900-01-01 08:43:00,8,Detergent,1,256.64,Household,925,6,8,28
2716,56,2024-06-28,1900-01-01 08:43:00,8,Yogurt,2,151.99,Dairy & Eggs,407,6,8,28
2716,56,2024-06-28,1900-01-01 08:43:00,8,Chocolate,3,126.05,Snacks,362,6,8,28
2716,56,2024-06-28,1900-01-01 08:43:00,8,Croissant,3,91.32,Bakery,815,6,8,28
2716,56,2024-06-28,1900-01-01 08:43:00,8,Croissant,1,310.5,Bakery,163,6,8,28
2716,56,2024-06-28,1900-01-01 08:43:00,8,Sugar,1,24.16,Grains & Staples,605,6,8,28
2717,113,2024-11-11,1900-01-01 19:01:00,19,Tomato,1,301.31,Fruits & Vegetables,143,11,19,11
2717,113,2024-11-11,1900-01-01 19:01:00,19,Milk,2,160.91,Dairy & Eggs,574,11,19,11
2717,113,2024-11-11,1900-01-01 19:01:00,19,Onion,1,117.41,Fruits & Vegetables,373,11,19,11
2717,113,2024-11-11,1900-01-01 19:01:00,19,Pastry,1,143.36,Bakery,110,11,19,11
2717,113,2024-11-11,1900-01-01 19:01:00,19,Bread,3,330.78,Bakery,205,11,19,11
2717,113,2024-11-11,1900-01-01 19:01:00,19,Spinach,3,297.83,Fruits & Vegetables,848,11,19,11
2717,113,2024-11-11,1900-01-01 19:01:00,19,Saree,2,232.55,Clothing,759,11,19,11
2718,428,2024-05-22,1900-01-01 07:38:00,7,Belt,1,289.7,Clothing Accessories,653,5,7,22
2718,428,2024-05-22,1900-01-01 07:38:00,7,Toilet Paper,2,176.77,Household,746,5,7,22
2718,428,2024-05-22,1900-01-01 07:38:00,7,Tomato,3,38.6,Fruits & Vegetables,642,5,7,22
2718,428,2024-05-22,1900-01-01 07:38:00,7,Soda,2,344.5,Beverages,941,5,7,22
2718,428,2024-05-22,1900-01-01 07:38:00,7,Vitamins,2,95.8,Health & Wellness,460,5,7,22
2718,428,2024-05-22,1900-01-01 07:38:00,7,Toothpaste,2,450.9,Personal Care,587,5,7,22
2719,54,2024-05-24,1900-01-01 15:02:00,15,Floor Cleaner,1,343.57,Household,988,5,15,24
2719,54,2024-05-24,1900-01-01 15:02:00,15,Croissant,1,17.65,Bakery,602,5,15,24
2719,54,2024-05-24,1900-01-01 15:02:00,15,Detergent,2,264.96,Household,996,5,15,24
2719,54,2024-05-24,1900-01-01 15:02:00,15,Floor Cleaner,2,198.54,Household,176,5,15,24
2720,487,2024-05-16,1900-01-01 19:45:00,19,Chicken Breast,1,300.11,Meat & Seafood,659,5,19,16
2720,487,2024-05-16,1900-01-01 19:45:00,19,Tea,1,150.2,Beverages,807,5,19,16
2720,487,2024-05-16,1900-01-01 19:45:00,19,Wheat Flour,3,152.15,Grains & Staples,723,5,19,16
2720,487,2024-05-16,1900-01-01 19:45:00,19,Croissant,2,410.99,Bakery,231,5,19,16
2720,487,2024-05-16,1900-01-01 19:45:00,19,Diapers,3,484.88,Baby Care,912,5,19,16
2721,465,2024-04-15,1900-01-01 09:13:00,9,Beef,1,366.89,Meat & Seafood,295,4,9,15
2721,465,2024-04-15,1900-01-01 09:13:00,9,Coffee,2,39.72,Beverages,388,4,9,15
2721,465,2024-04-15,1900-01-01 09:13:00,9,Cheese,1,313.57,Dairy & Eggs,957,4,9,15
2721,465,2024-04-15,1900-01-01 09:13:00,9,Salt,1,459.74,Grains & Staples,728,4,9,15
2722,422,2024-09-21,1900-01-01 16:54:00,16,Saree,3,186.91,Clothing,606,9,16,21
2722,422,2024-09-21,1900-01-01 16:54:00,16,Detergent,3,387.12,Household,231,9,16,21
2722,422,2024-09-21,1900-01-01 16:54:00,16,Cooking Oil,3,421.58,Grains & Staples,908,9,16,21
2722,422,2024-09-21,1900-01-01 16:54:00,16,Jeans,3,266.18,Clothing,972,9,16,21
2722,422,2024-09-21,1900-01-01 16:54:00,16,Soda,2,124.25,Beverages,909,9,16,21
2722,422,2024-09-21,1900-01-01 16:54:00,16,Juice,3,381.49,Beverages,661,9,16,21
2723,451,2024-06-15,1900-01-01 07:31:00,7,Toothpaste,3,288.85,Personal Care,810,6,7,15
2723,451,2024-06-15,1900-01-01 07:31:00,7,Lentils,2,189.55,Grains & Staples,996,6,7,15
2723,451,2024-06-15,1900-01-01 07:31:00,7,Jeans,1,169.27,Clothing,735,6,7,15
2723,451,2024-06-15,1900-01-01 07:31:00,7,Eggs,3,317.01,Dairy & Eggs,136,6,7,15
2724,220,2024-11-27,1900-01-01 13:52:00,13,Dishwashing Liquid,3,162.83,Household,440,11,13,27
2724,220,2024-11-27,1900-01-01 13:52:00,13,Biscuits,1,176.38,Snacks,682,11,13,27
2724,220,2024-11-27,1900-01-01 13:52:00,13,Toilet Paper,3,65.02,Household,877,11,13,27
2725,115,2024-01-29,1900-01-01 13:32:00,13,Cheese,3,37.08,Dairy & Eggs,594,1,13,29
2725,115,2024-01-29,1900-01-01 13:32:00,13,Spices,3,51.29,Grains & Staples,249,1,13,29
2725,115,2024-01-29,1900-01-01 13:32:00,13,Spinach,3,266.11,Fruits & Vegetables,722,1,13,29
2725,115,2024-01-29,1900-01-01 13:32:00,13,Popcorn,3,53.45,Snacks,479,1,13,29
2725,115,2024-01-29,1900-01-01 13:32:00,13,Butter,1,361.01,Dairy & Eggs,621,1,13,29
2725,115,2024-01-29,1900-01-01 13:32:00,13,Milk,2,178.01,Dairy & Eggs,428,1,13,29
2726,374,2024-09-24,1900-01-01 22:40:00,22,Floor Cleaner,1,374.37,Household,407,9,22,24
2726,374,2024-09-24,1900-01-01 22:40:00,22,Eggs,1,359.71,Dairy & Eggs,204,9,22,24
2726,374,2024-09-24,1900-01-01 22:40:00,22,Banana,1,168.45,Fruits & Vegetables,759,9,22,24
2726,374,2024-09-24,1900-01-01 22:40:00,22,Orange,2,241.36,Fruits & Vegetables,583,9,22,24
2726,374,2024-09-24,1900-01-01 22:40:00,22,Coffee,3,68.27,Beverages,231,9,22,24
2726,374,2024-09-24,1900-01-01 22:40:00,22,Pen,2,417.27,Stationery,741,9,22,24
2726,374,2024-09-24,1900-01-01 22:40:00,22,Notebook,3,149.59,Stationery,412,9,22,24
2727,120,2024-06-21,1900-01-01 13:49:00,13,Shoes,1,474.11,Footwear,775,6,13,21
2727,120,2024-06-21,1900-01-01 13:49:00,13,Earphones,3,394.56,Electronics,919,6,13,21
2727,120,2024-06-21,1900-01-01 13:49:00,13,Tissue,1,74.95,Household,389,6,13,21
2727,120,2024-06-21,1900-01-01 13:49:00,13,Apple,3,370.05,Fruits & Vegetables,784,6,13,21
2727,120,2024-06-21,1900-01-01 13:49:00,13,Tea,2,387.63,Beverages,663,6,13,21
2728,119,2024-10-05,1900-01-01 06:29:00,6,Chips,1,28.57,Snacks,896,10,6,5
2728,119,2024-10-05,1900-01-01 06:29:00,6,Saree,1,273.69,Clothing,139,10,6,5
2728,119,2024-10-05,1900-01-01 06:29:00,6,Juice,1,254.28,Beverages,481,10,6,5
2728,119,2024-10-05,1900-01-01 06:29:00,6,Yogurt,3,274.52,Dairy & Eggs,444,10,6,5
2728,119,2024-10-05,1900-01-01 06:29:00,6,Fish,1,262.83,Meat & Seafood,154,10,6,5
2728,119,2024-10-05,1900-01-01 06:29:00,6,Dishwashing Liquid,1,72.4,Household,105,10,6,5
2728,119,2024-10-05,1900-01-01 06:29:00,6,Prawns,3,51.48,Meat & Seafood,496,10,6,5
2729,371,2024-11-15,1900-01-01 09:38:00,9,Dishwashing Liquid,1,497.72,Household,647,11,9,15
2729,371,2024-11-15,1900-01-01 09:38:00,9,Chicken Breast,3,394.84,Meat & Seafood,887,11,9,15
2729,371,2024-11-15,1900-01-01 09:38:00,9,Toilet Paper,2,366.87,Household,681,11,9,15
2729,371,2024-11-15,1900-01-01 09:38:00,9,Sugar,1,384.36,Grains & Staples,884,11,9,15
2729,371,2024-11-15,1900-01-01 09:38:00,9,Earphones,2,19.24,Electronics,899,11,9,15
2729,371,2024-11-15,1900-01-01 09:38:00,9,Chips,3,150.51,Snacks,452,11,9,15
2729,371,2024-11-15,1900-01-01 09:38:00,9,Diapers,2,35.18,Baby Care,151,11,9,15
2730,333,2024-04-04,1900-01-01 09:29:00,9,Cake,1,219.59,Bakery,204,4,9,4
2730,333,2024-04-04,1900-01-01 09:29:00,9,Chicken Breast,3,483.78,Meat & Seafood,207,4,9,4
2730,333,2024-04-04,1900-01-01 09:29:00,9,Educational Book,1,186.0,Books,301,4,9,4
2731,411,2024-12-01,1900-01-01 19:15:00,19,Cooking Oil,1,144.68,Grains & Staples,292,12,19,1
2731,411,2024-12-01,1900-01-01 19:15:00,19,Wheat Flour,3,50.18,Grains & Staples,384,12,19,1
2731,411,2024-12-01,1900-01-01 19:15:00,19,Mixer Grinder,3,283.6,Electronics,369,12,19,1
2731,411,2024-12-01,1900-01-01 19:15:00,19,Salt,1,163.4,Grains & Staples,785,12,19,1
2731,411,2024-12-01,1900-01-01 19:15:00,19,Soda,2,467.65,Beverages,266,12,19,1
2732,59,2024-05-05,1900-01-01 16:33:00,16,Shampoo,3,37.9,Personal Care,187,5,16,5
2732,59,2024-05-05,1900-01-01 16:33:00,16,Cooking Oil,1,429.89,Grains & Staples,103,5,16,5
2732,59,2024-05-05,1900-01-01 16:33:00,16,Face Wash,3,156.34,Personal Care,252,5,16,5
2732,59,2024-05-05,1900-01-01 16:33:00,16,Eggs,3,279.96,Dairy & Eggs,689,5,16,5
2732,59,2024-05-05,1900-01-01 16:33:00,16,Electric Kettle,2,111.5,Electronics,885,5,16,5
2732,59,2024-05-05,1900-01-01 16:33:00,16,Shirt,3,62.93,Clothing,878,5,16,5
2732,59,2024-05-05,1900-01-01 16:33:00,16,Tissue,2,433.33,Household,740,5,16,5
2733,21,2024-03-22,1900-01-01 18:23:00,18,Jeans,3,243.06,Clothing,409,3,18,22
2733,21,2024-03-22,1900-01-01 18:23:00,18,Earphones,1,145.99,Electronics,490,3,18,22
2733,21,2024-03-22,1900-01-01 18:23:00,18,Dress,2,253.38,Clothing,647,3,18,22
2734,226,2024-09-23,1900-01-01 12:45:00,12,Baby Food,3,306.46,Baby Care,508,9,12,23
2734,226,2024-09-23,1900-01-01 12:45:00,12,Sugar,2,370.88,Grains & Staples,848,9,12,23
2734,226,2024-09-23,1900-01-01 12:45:00,12,Banana,3,38.54,Fruits & Vegetables,823,9,12,23
2734,226,2024-09-23,1900-01-01 12:45:00,12,Notebook,2,108.53,Stationery,407,9,12,23
2734,226,2024-09-23,1900-01-01 12:45:00,12,Fiction Book,1,467.07,Books,708,9,12,23
2735,218,2024-10-08,1900-01-01 19:31:00,19,Chicken Breast,2,28.71,Meat & Seafood,211,10,19,8
2735,218,2024-10-08,1900-01-01 19:31:00,19,Marker,1,290.09,Stationery,498,10,19,8
2735,218,2024-10-08,1900-01-01 19:31:00,19,Cheese,1,334.35,Dairy & Eggs,469,10,19,8
2735,218,2024-10-08,1900-01-01 19:31:00,19,Orange,1,497.29,Fruits & Vegetables,992,10,19,8
2735,218,2024-10-08,1900-01-01 19:31:00,19,Fiction Book,3,442.68,Books,545,10,19,8
2735,218,2024-10-08,1900-01-01 19:31:00,19,Orange,3,214.42,Fruits & Vegetables,563,10,19,8
2736,193,2024-09-10,1900-01-01 11:55:00,11,Onion,1,445.9,Fruits & Vegetables,722,9,11,10
2736,193,2024-09-10,1900-01-01 11:55:00,11,Carrot,1,62.7,Fruits & Vegetables,913,9,11,10
2736,193,2024-09-10,1900-01-01 11:55:00,11,Lentils,2,92.76,Grains & Staples,261,9,11,10
2736,193,2024-09-10,1900-01-01 11:55:00,11,Detergent,2,97.67,Household,267,9,11,10
2736,193,2024-09-10,1900-01-01 11:55:00,11,Prawns,3,24.47,Meat & Seafood,342,9,11,10
2737,16,2024-11-09,1900-01-01 14:40:00,14,Chicken Breast,1,429.24,Meat & Seafood,992,11,14,9
2737,16,2024-11-09,1900-01-01 14:40:00,14,Pen,1,164.64,Stationery,633,11,14,9
2737,16,2024-11-09,1900-01-01 14:40:00,14,Tomato,2,421.01,Fruits & Vegetables,118,11,14,9
2737,16,2024-11-09,1900-01-01 14:40:00,14,Soap,1,95.92,Personal Care,410,11,14,9
2737,16,2024-11-09,1900-01-01 14:40:00,14,Belt,1,203.84,Clothing Accessories,677,11,14,9
2738,197,2024-04-25,1900-01-01 11:39:00,11,Spices,2,395.38,Grains & Staples,733,4,11,25
2738,197,2024-04-25,1900-01-01 11:39:00,11,Phone Cover,1,384.74,Electronics,967,4,11,25
2738,197,2024-04-25,1900-01-01 11:39:00,11,Lentils,2,31.11,Grains & Staples,123,4,11,25
2738,197,2024-04-25,1900-01-01 11:39:00,11,Cookies,3,491.22,Bakery,631,4,11,25
2738,197,2024-04-25,1900-01-01 11:39:00,11,Electric Kettle,3,56.73,Electronics,165,4,11,25
2738,197,2024-04-25,1900-01-01 11:39:00,11,Toilet Paper,3,398.85,Household,735,4,11,25
2739,259,2024-12-09,1900-01-01 15:37:00,15,Lentils,2,287.06,Grains & Staples,555,12,15,9
2739,259,2024-12-09,1900-01-01 15:37:00,15,Energy Drink,1,175.5,Beverages,153,12,15,9
2739,259,2024-12-09,1900-01-01 15:37:00,15,Tomato,2,473.61,Fruits & Vegetables,439,12,15,9
2739,259,2024-12-09,1900-01-01 15:37:00,15,Coffee,3,72.63,Beverages,175,12,15,9
2739,259,2024-12-09,1900-01-01 15:37:00,15,Beef,3,198.24,Meat & Seafood,414,12,15,9
2739,259,2024-12-09,1900-01-01 15:37:00,15,Pen,3,378.11,Stationery,308,12,15,9
2739,259,2024-12-09,1900-01-01 15:37:00,15,Toilet Paper,1,164.2,Household,303,12,15,9
2740,441,2024-03-11,1900-01-01 20:14:00,20,Pen,2,295.3,Stationery,369,3,20,11
2740,441,2024-03-11,1900-01-01 20:14:00,20,Wheat Flour,3,386.92,Grains & Staples,157,3,20,11
2740,441,2024-03-11,1900-01-01 20:14:00,20,Bread,2,378.69,Bakery,800,3,20,11
2740,441,2024-03-11,1900-01-01 20:14:00,20,Pain Reliever,1,11.17,Health & Wellness,630,3,20,11
2740,441,2024-03-11,1900-01-01 20:14:00,20,Charger,3,162.62,Electronics,586,3,20,11
2741,81,2024-07-06,1900-01-01 15:23:00,15,Diapers,3,24.98,Baby Care,697,7,15,6
2741,81,2024-07-06,1900-01-01 15:23:00,15,Cooking Oil,3,34.5,Grains & Staples,497,7,15,6
2741,81,2024-07-06,1900-01-01 15:23:00,15,Jeans,3,204.56,Clothing,503,7,15,6
2741,81,2024-07-06,1900-01-01 15:23:00,15,Charger,2,306.09,Electronics,939,7,15,6
2741,81,2024-07-06,1900-01-01 15:23:00,15,Cheese,1,96.21,Dairy & Eggs,510,7,15,6
2741,81,2024-07-06,1900-01-01 15:23:00,15,Pasta,3,123.03,Grains & Staples,100,7,15,6
2742,192,2024-04-03,1900-01-01 19:39:00,19,Potato,3,248.09,Fruits & Vegetables,571,4,19,3
2742,192,2024-04-03,1900-01-01 19:39:00,19,Tomato,3,88.7,Fruits & Vegetables,650,4,19,3
2742,192,2024-04-03,1900-01-01 19:39:00,19,Charger,2,30.7,Electronics,220,4,19,3
2742,192,2024-04-03,1900-01-01 19:39:00,19,Saree,3,238.3,Clothing,395,4,19,3
2743,153,2024-03-23,1900-01-01 13:44:00,13,Face Wash,1,473.79,Personal Care,407,3,13,23
2743,153,2024-03-23,1900-01-01 13:44:00,13,Pastry,1,191.94,Bakery,368,3,13,23
2743,153,2024-03-23,1900-01-01 13:44:00,13,Onion,3,258.91,Fruits & Vegetables,930,3,13,23
2743,153,2024-03-23,1900-01-01 13:44:00,13,Pasta,3,475.47,Grains & Staples,456,3,13,23
2743,153,2024-03-23,1900-01-01 13:44:00,13,Salt,1,251.47,Grains & Staples,741,3,13,23
2743,153,2024-03-23,1900-01-01 13:44:00,13,Salt,2,205.37,Grains & Staples,100,3,13,23
2743,153,2024-03-23,1900-01-01 13:44:00,13,Cooking Oil,1,357.03,Grains & Staples,846,3,13,23
2744,267,2024-01-31,1900-01-01 08:07:00,8,Cheese,3,141.2,Dairy & Eggs,578,1,8,31
2744,267,2024-01-31,1900-01-01 08:07:00,8,Energy Drink,2,156.23,Beverages,435,1,8,31
2744,267,2024-01-31,1900-01-01 08:07:00,8,Face Wash,2,65.58,Personal Care,467,1,8,31
2744,267,2024-01-31,1900-01-01 08:07:00,8,Shirt,1,142.19,Clothing,311,1,8,31
2744,267,2024-01-31,1900-01-01 08:07:00,8,Salt,1,222.81,Grains & Staples,910,1,8,31
2745,459,2024-07-25,1900-01-01 07:00:00,7,Bread,1,480.33,Bakery,808,7,7,25
2745,459,2024-07-25,1900-01-01 07:00:00,7,Wheat Flour,1,131.41,Grains & Staples,629,7,7,25
2745,459,2024-07-25,1900-01-01 07:00:00,7,Belt,2,213.22,Clothing Accessories,952,7,7,25
2745,459,2024-07-25,1900-01-01 07:00:00,7,Toilet Paper,3,221.59,Household,536,7,7,25
2745,459,2024-07-25,1900-01-01 07:00:00,7,Cake,1,88.44,Bakery,773,7,7,25
2745,459,2024-07-25,1900-01-01 07:00:00,7,Saree,2,420.56,Clothing,813,7,7,25
2745,459,2024-07-25,1900-01-01 07:00:00,7,Diapers,3,271.8,Baby Care,450,7,7,25
2746,340,2024-11-04,1900-01-01 07:37:00,7,Beef,1,70.65,Meat & Seafood,796,11,7,4
2746,340,2024-11-04,1900-01-01 07:37:00,7,Spinach,2,96.06,Fruits & Vegetables,867,11,7,4
2746,340,2024-11-04,1900-01-01 07:37:00,7,Shirt,3,412.69,Clothing,994,11,7,4
2746,340,2024-11-04,1900-01-01 07:37:00,7,Cooking Oil,1,308.44,Grains & Staples,533,11,7,4
2746,340,2024-11-04,1900-01-01 07:37:00,7,Spinach,3,182.41,Fruits & Vegetables,167,11,7,4
2746,340,2024-11-04,1900-01-01 07:37:00,7,Prawns,1,90.09,Meat & Seafood,952,11,7,4
2746,340,2024-11-04,1900-01-01 07:37:00,7,Eggs,1,322.93,Dairy & Eggs,501,11,7,4
2747,490,2024-12-21,1900-01-01 16:16:00,16,Cooking Oil,1,234.49,Grains & Staples,628,12,16,21
2747,490,2024-12-21,1900-01-01 16:16:00,16,Orange,1,148.95,Fruits & Vegetables,347,12,16,21
2747,490,2024-12-21,1900-01-01 16:16:00,16,Prawns,2,24.7,Meat & Seafood,998,12,16,21
2747,490,2024-12-21,1900-01-01 16:16:00,16,Mixer Grinder,2,474.66,Electronics,203,12,16,21
2747,490,2024-12-21,1900-01-01 16:16:00,16,Chips,3,151.31,Snacks,219,12,16,21
2748,262,2024-04-16,1900-01-01 17:16:00,17,Chocolate,3,53.17,Snacks,934,4,17,16
2748,262,2024-04-16,1900-01-01 17:16:00,17,Face Wash,2,241.39,Personal Care,359,4,17,16
2748,262,2024-04-16,1900-01-01 17:16:00,17,Baby Food,3,437.98,Baby Care,952,4,17,16
2748,262,2024-04-16,1900-01-01 17:16:00,17,Biscuits,3,175.26,Snacks,546,4,17,16
2748,262,2024-04-16,1900-01-01 17:16:00,17,Biscuits,3,498.2,Snacks,187,4,17,16
2749,162,2024-06-07,1900-01-01 11:50:00,11,Onion,3,358.16,Fruits & Vegetables,535,6,11,7
2749,162,2024-06-07,1900-01-01 11:50:00,11,Dress,1,393.94,Clothing,982,6,11,7
2749,162,2024-06-07,1900-01-01 11:50:00,11,Tissue,3,400.8,Household,379,6,11,7
2749,162,2024-06-07,1900-01-01 11:50:00,11,Detergent,1,279.5,Household,258,6,11,7
2749,162,2024-06-07,1900-01-01 11:50:00,11,Belt,2,75.18,Clothing Accessories,249,6,11,7
2749,162,2024-06-07,1900-01-01 11:50:00,11,Butter,2,322.13,Dairy & Eggs,324,6,11,7
2750,261,2024-07-28,1900-01-01 19:28:00,19,Biscuits,2,273.38,Snacks,925,7,19,28
2750,261,2024-07-28,1900-01-01 19:28:00,19,Pasta,1,284.53,Grains & Staples,153,7,19,28
2750,261,2024-07-28,1900-01-01 19:28:00,19,Energy Drink,2,155.27,Beverages,659,7,19,28
2751,463,2024-02-22,1900-01-01 20:45:00,20,Spinach,3,397.68,Fruits & Vegetables,455,2,20,22
2751,463,2024-02-22,1900-01-01 20:45:00,20,Butter,3,354.07,Dairy & Eggs,711,2,20,22
2751,463,2024-02-22,1900-01-01 20:45:00,20,Dishwashing Liquid,1,451.86,Household,256,2,20,22
2751,463,2024-02-22,1900-01-01 20:45:00,20,Mixer Grinder,3,42.87,Electronics,727,2,20,22
2752,89,2024-11-17,1900-01-01 10:25:00,10,Baby Food,2,33.48,Baby Care,596,11,10,17
2752,89,2024-11-17,1900-01-01 10:25:00,10,Carrot,1,277.38,Fruits & Vegetables,644,11,10,17
2752,89,2024-11-17,1900-01-01 10:25:00,10,Earphones,1,212.38,Electronics,980,11,10,17
2752,89,2024-11-17,1900-01-01 10:25:00,10,Orange,1,82.21,Fruits & Vegetables,538,11,10,17
2752,89,2024-11-17,1900-01-01 10:25:00,10,Beef,1,319.47,Meat & Seafood,594,11,10,17
2752,89,2024-11-17,1900-01-01 10:25:00,10,Vitamins,3,106.42,Health & Wellness,748,11,10,17
2752,89,2024-11-17,1900-01-01 10:25:00,10,Carrot,3,119.79,Fruits & Vegetables,940,11,10,17
2753,212,2024-01-01,1900-01-01 20:06:00,20,Salt,3,470.94,Grains & Staples,562,1,20,1
2753,212,2024-01-01,1900-01-01 20:06:00,20,Toothpaste,2,42.62,Personal Care,970,1,20,1
2753,212,2024-01-01,1900-01-01 20:06:00,20,Cake,1,155.75,Bakery,418,1,20,1
2754,121,2024-06-12,1900-01-01 11:21:00,11,Juice,1,246.78,Beverages,478,6,11,12
2754,121,2024-06-12,1900-01-01 11:21:00,11,Salt,2,246.8,Grains & Staples,856,6,11,12
2754,121,2024-06-12,1900-01-01 11:21:00,11,Cake,3,278.34,Bakery,739,6,11,12
2754,121,2024-06-12,1900-01-01 11:21:00,11,Wheat Flour,2,357.34,Grains & Staples,139,6,11,12
2754,121,2024-06-12,1900-01-01 11:21:00,11,Lentils,2,63.02,Grains & Staples,145,6,11,12
2755,220,2024-09-19,1900-01-01 20:41:00,20,Apple,1,20.68,Fruits & Vegetables,297,9,20,19
2755,220,2024-09-19,1900-01-01 20:41:00,20,Dishwashing Liquid,3,33.63,Household,998,9,20,19
2755,220,2024-09-19,1900-01-01 20:41:00,20,Pasta,2,26.23,Grains & Staples,866,9,20,19
2755,220,2024-09-19,1900-01-01 20:41:00,20,Toothpaste,1,151.86,Personal Care,562,9,20,19
2755,220,2024-09-19,1900-01-01 20:41:00,20,Sugar,3,402.2,Grains & Staples,403,9,20,19
2756,354,2024-02-04,1900-01-01 21:42:00,21,Vitamins,1,384.82,Health & Wellness,978,2,21,4
2756,354,2024-02-04,1900-01-01 21:42:00,21,Cake,3,368.23,Bakery,758,2,21,4
2756,354,2024-02-04,1900-01-01 21:42:00,21,Face Wash,3,463.74,Personal Care,302,2,21,4
2756,354,2024-02-04,1900-01-01 21:42:00,21,Mixer Grinder,2,401.85,Electronics,300,2,21,4
2756,354,2024-02-04,1900-01-01 21:42:00,21,Diapers,2,269.41,Baby Care,786,2,21,4
2756,354,2024-02-04,1900-01-01 21:42:00,21,Dishwashing Liquid,3,334.88,Household,920,2,21,4
2756,354,2024-02-04,1900-01-01 21:42:00,21,Marker,1,179.08,Stationery,671,2,21,4
2757,130,2024-02-29,1900-01-01 15:06:00,15,Wheat Flour,3,314.03,Grains & Staples,690,2,15,29
2757,130,2024-02-29,1900-01-01 15:06:00,15,Popcorn,2,248.37,Snacks,344,2,15,29
2757,130,2024-02-29,1900-01-01 15:06:00,15,Beef,3,274.47,Meat & Seafood,164,2,15,29
2757,130,2024-02-29,1900-01-01 15:06:00,15,Prawns,3,335.81,Meat & Seafood,989,2,15,29
2757,130,2024-02-29,1900-01-01 15:06:00,15,Pen,1,351.29,Stationery,240,2,15,29
2757,130,2024-02-29,1900-01-01 15:06:00,15,Tissue,3,81.19,Household,301,2,15,29
2757,130,2024-02-29,1900-01-01 15:06:00,15,Soda,3,118.52,Beverages,378,2,15,29
2758,276,2024-02-27,1900-01-01 20:37:00,20,Soda,1,126.46,Beverages,724,2,20,27
2758,276,2024-02-27,1900-01-01 20:37:00,20,Marker,2,412.44,Stationery,129,2,20,27
2758,276,2024-02-27,1900-01-01 20:37:00,20,Carrot,1,25.76,Fruits & Vegetables,821,2,20,27
2758,276,2024-02-27,1900-01-01 20:37:00,20,Eggs,3,79.89,Dairy & Eggs,607,2,20,27
2758,276,2024-02-27,1900-01-01 20:37:00,20,Banana,1,82.69,Fruits & Vegetables,550,2,20,27
2759,249,2024-08-24,1900-01-01 16:59:00,16,Salt,3,326.89,Grains & Staples,331,8,16,24
2759,249,2024-08-24,1900-01-01 16:59:00,16,Yogurt,2,318.65,Dairy & Eggs,606,8,16,24
2759,249,2024-08-24,1900-01-01 16:59:00,16,Chips,1,141.68,Snacks,528,8,16,24
2759,249,2024-08-24,1900-01-01 16:59:00,16,Chicken Breast,3,38.95,Meat & Seafood,379,8,16,24
2759,249,2024-08-24,1900-01-01 16:59:00,16,Chips,2,106.84,Snacks,348,8,16,24
2759,249,2024-08-24,1900-01-01 16:59:00,16,Floor Cleaner,2,397.01,Household,203,8,16,24
2759,249,2024-08-24,1900-01-01 16:59:00,16,Mixer Grinder,2,358.58,Electronics,860,8,16,24
2760,40,2024-11-13,1900-01-01 17:34:00,17,Biscuits,3,15.99,Snacks,941,11,17,13
2760,40,2024-11-13,1900-01-01 17:34:00,17,Lentils,3,250.79,Grains & Staples,245,11,17,13
2760,40,2024-11-13,1900-01-01 17:34:00,17,Bread,1,324.27,Bakery,713,11,17,13
2760,40,2024-11-13,1900-01-01 17:34:00,17,Cheese,2,287.71,Dairy & Eggs,492,11,17,13
2760,40,2024-11-13,1900-01-01 17:34:00,17,Pen,3,52.79,Stationery,257,11,17,13
2760,40,2024-11-13,1900-01-01 17:34:00,17,Electric Kettle,3,131.56,Electronics,728,11,17,13
2761,134,2024-11-08,1900-01-01 07:44:00,7,Spinach,1,85.37,Fruits & Vegetables,204,11,7,8
2761,134,2024-11-08,1900-01-01 07:44:00,7,Educational Book,3,117.79,Books,836,11,7,8
2761,134,2024-11-08,1900-01-01 07:44:00,7,Tomato,1,225.94,Fruits & Vegetables,240,11,7,8
2761,134,2024-11-08,1900-01-01 07:44:00,7,Lentils,3,338.91,Grains & Staples,113,11,7,8
2761,134,2024-11-08,1900-01-01 07:44:00,7,Lentils,2,453.76,Grains & Staples,691,11,7,8
2761,134,2024-11-08,1900-01-01 07:44:00,7,Butter,1,130.04,Dairy & Eggs,998,11,7,8
2761,134,2024-11-08,1900-01-01 07:44:00,7,Dishwashing Liquid,1,458.92,Household,616,11,7,8
2762,485,2024-05-31,1900-01-01 08:21:00,8,Chocolate,1,304.58,Snacks,980,5,8,31
2762,485,2024-05-31,1900-01-01 08:21:00,8,Pen,1,411.15,Stationery,500,5,8,31
2762,485,2024-05-31,1900-01-01 08:21:00,8,Soap,2,299.82,Personal Care,412,5,8,31
2762,485,2024-05-31,1900-01-01 08:21:00,8,Wheat Flour,2,431.74,Grains & Staples,821,5,8,31
2762,485,2024-05-31,1900-01-01 08:21:00,8,Tomato,3,188.05,Fruits & Vegetables,588,5,8,31
2762,485,2024-05-31,1900-01-01 08:21:00,8,Earphones,2,268.66,Electronics,703,5,8,31
2762,485,2024-05-31,1900-01-01 08:21:00,8,Shoes,1,325.87,Footwear,501,5,8,31
2763,412,2024-07-09,1900-01-01 12:53:00,12,Yogurt,3,152.32,Dairy & Eggs,145,7,12,9
2763,412,2024-07-09,1900-01-01 12:53:00,12,Charger,1,149.84,Electronics,884,7,12,9
2763,412,2024-07-09,1900-01-01 12:53:00,12,Toilet Paper,1,336.8,Household,771,7,12,9
2763,412,2024-07-09,1900-01-01 12:53:00,12,Fiction Book,1,305.75,Books,954,7,12,9
2764,42,2024-09-22,1900-01-01 09:15:00,9,Diapers,2,49.15,Baby Care,997,9,9,22
2764,42,2024-09-22,1900-01-01 09:15:00,9,Toothpaste,1,92.78,Personal Care,815,9,9,22
2764,42,2024-09-22,1900-01-01 09:15:00,9,Yogurt,3,295.55,Dairy & Eggs,671,9,9,22
2764,42,2024-09-22,1900-01-01 09:15:00,9,Diapers,3,296.82,Baby Care,195,9,9,22
2764,42,2024-09-22,1900-01-01 09:15:00,9,Baby Food,2,347.71,Baby Care,276,9,9,22
2764,42,2024-09-22,1900-01-01 09:15:00,9,Butter,2,415.41,Dairy & Eggs,642,9,9,22
2764,42,2024-09-22,1900-01-01 09:15:00,9,Fish,3,187.34,Meat & Seafood,119,9,9,22
2765,101,2024-01-16,1900-01-01 20:51:00,20,Baby Food,1,321.9,Baby Care,975,1,20,16
2765,101,2024-01-16,1900-01-01 20:51:00,20,Shoes,1,19.57,Footwear,318,1,20,16
2765,101,2024-01-16,1900-01-01 20:51:00,20,Tea,1,79.31,Beverages,776,1,20,16
2766,111,2024-09-14,1900-01-01 13:17:00,13,Belt,3,87.24,Clothing Accessories,121,9,13,14
2766,111,2024-09-14,1900-01-01 13:17:00,13,Spices,3,331.67,Grains & Staples,340,9,13,14
2766,111,2024-09-14,1900-01-01 13:17:00,13,Detergent,3,17.61,Household,920,9,13,14
2766,111,2024-09-14,1900-01-01 13:17:00,13,Cookies,3,401.33,Bakery,920,9,13,14
2766,111,2024-09-14,1900-01-01 13:17:00,13,Carrot,2,417.05,Fruits & Vegetables,899,9,13,14
2767,309,2024-10-17,1900-01-01 12:17:00,12,Dress,3,244.35,Clothing,893,10,12,17
2767,309,2024-10-17,1900-01-01 12:17:00,12,Butter,1,34.74,Dairy & Eggs,370,10,12,17
2767,309,2024-10-17,1900-01-01 12:17:00,12,Diapers,3,323.18,Baby Care,506,10,12,17
2768,44,2024-02-26,1900-01-01 14:10:00,14,Potato,3,65.49,Fruits & Vegetables,731,2,14,26
2768,44,2024-02-26,1900-01-01 14:10:00,14,Cookies,1,337.94,Bakery,650,2,14,26
2768,44,2024-02-26,1900-01-01 14:10:00,14,Cooking Oil,2,149.41,Grains & Staples,742,2,14,26
2768,44,2024-02-26,1900-01-01 14:10:00,14,Sugar,2,166.01,Grains & Staples,755,2,14,26
2768,44,2024-02-26,1900-01-01 14:10:00,14,Cheese,3,497.99,Dairy & Eggs,609,2,14,26
2768,44,2024-02-26,1900-01-01 14:10:00,14,Saree,1,75.88,Clothing,382,2,14,26
2768,44,2024-02-26,1900-01-01 14:10:00,14,Chicken Breast,2,445.79,Meat & Seafood,419,2,14,26
2769,305,2024-09-21,1900-01-01 12:13:00,12,Bread,1,448.13,Bakery,897,9,12,21
2769,305,2024-09-21,1900-01-01 12:13:00,12,Chicken Breast,3,325.96,Meat & Seafood,619,9,12,21
2769,305,2024-09-21,1900-01-01 12:13:00,12,Pen,1,429.48,Stationery,798,9,12,21
2770,191,2024-12-18,1900-01-01 13:52:00,13,Notebook,2,11.05,Stationery,956,12,13,18
2770,191,2024-12-18,1900-01-01 13:52:00,13,Educational Book,2,213.9,Books,340,12,13,18
2770,191,2024-12-18,1900-01-01 13:52:00,13,Soap,3,233.6,Personal Care,306,12,13,18
2770,191,2024-12-18,1900-01-01 13:52:00,13,Croissant,1,30.45,Bakery,188,12,13,18
2771,488,2024-12-18,1900-01-01 06:23:00,6,Onion,1,150.15,Fruits & Vegetables,276,12,6,18
2771,488,2024-12-18,1900-01-01 06:23:00,6,Tissue,3,162.77,Household,852,12,6,18
2771,488,2024-12-18,1900-01-01 06:23:00,6,Baby Food,2,70.15,Baby Care,587,12,6,18
2771,488,2024-12-18,1900-01-01 06:23:00,6,Juice,1,449.8,Beverages,609,12,6,18
2771,488,2024-12-18,1900-01-01 06:23:00,6,Shirt,1,367.94,Clothing,168,12,6,18
2771,488,2024-12-18,1900-01-01 06:23:00,6,Shirt,3,145.89,Clothing,699,12,6,18
2771,488,2024-12-18,1900-01-01 06:23:00,6,Spices,3,289.67,Grains & Staples,265,12,6,18
2772,500,2024-09-04,1900-01-01 06:21:00,6,Educational Book,3,13.67,Books,312,9,6,4
2772,500,2024-09-04,1900-01-01 06:21:00,6,Popcorn,1,473.27,Snacks,490,9,6,4
2772,500,2024-09-04,1900-01-01 06:21:00,6,Shirt,2,263.43,Clothing,417,9,6,4
2773,57,2024-02-02,1900-01-01 11:39:00,11,Educational Book,3,271.9,Books,757,2,11,2
2773,57,2024-02-02,1900-01-01 11:39:00,11,Tomato,2,401.19,Fruits & Vegetables,898,2,11,2
2773,57,2024-02-02,1900-01-01 11:39:00,11,Face Wash,2,275.2,Personal Care,102,2,11,2
2773,57,2024-02-02,1900-01-01 11:39:00,11,Fish,1,472.35,Meat & Seafood,233,2,11,2
2774,432,2024-12-01,1900-01-01 17:25:00,17,Phone Cover,1,144.19,Electronics,423,12,17,1
2774,432,2024-12-01,1900-01-01 17:25:00,17,Saree,3,195.96,Clothing,975,12,17,1
2774,432,2024-12-01,1900-01-01 17:25:00,17,Onion,3,235.69,Fruits & Vegetables,589,12,17,1
2774,432,2024-12-01,1900-01-01 17:25:00,17,Diapers,3,378.29,Baby Care,649,12,17,1
2774,432,2024-12-01,1900-01-01 17:25:00,17,Spices,2,283.78,Grains & Staples,494,12,17,1
2774,432,2024-12-01,1900-01-01 17:25:00,17,Floor Cleaner,3,92.06,Household,189,12,17,1
2775,139,2024-08-02,1900-01-01 20:13:00,20,Bread,3,340.87,Bakery,226,8,20,2
2775,139,2024-08-02,1900-01-01 20:13:00,20,Electric Kettle,2,331.58,Electronics,858,8,20,2
2775,139,2024-08-02,1900-01-01 20:13:00,20,Soda,1,416.41,Beverages,892,8,20,2
2776,206,2024-11-17,1900-01-01 21:21:00,21,Shoes,1,72.86,Footwear,129,11,21,17
2776,206,2024-11-17,1900-01-01 21:21:00,21,Shoes,3,354.16,Footwear,862,11,21,17
2776,206,2024-11-17,1900-01-01 21:21:00,21,Bread,3,335.77,Bakery,631,11,21,17
2776,206,2024-11-17,1900-01-01 21:21:00,21,Diapers,3,336.66,Baby Care,187,11,21,17
2777,112,2024-02-17,1900-01-01 14:01:00,14,Vitamins,2,165.79,Health & Wellness,238,2,14,17
2777,112,2024-02-17,1900-01-01 14:01:00,14,Banana,1,483.71,Fruits & Vegetables,837,2,14,17
2777,112,2024-02-17,1900-01-01 14:01:00,14,Shampoo,3,490.21,Personal Care,300,2,14,17
2778,490,2024-07-13,1900-01-01 21:03:00,21,Jeans,3,244.4,Clothing,612,7,21,13
2778,490,2024-07-13,1900-01-01 21:03:00,21,Biscuits,1,224.62,Snacks,814,7,21,13
2778,490,2024-07-13,1900-01-01 21:03:00,21,Tissue,1,468.89,Household,399,7,21,13
2778,490,2024-07-13,1900-01-01 21:03:00,21,Banana,2,187.3,Fruits & Vegetables,939,7,21,13
2779,360,2024-05-24,1900-01-01 19:09:00,19,Charger,3,164.05,Electronics,796,5,19,24
2779,360,2024-05-24,1900-01-01 19:09:00,19,Baby Food,1,487.42,Baby Care,397,5,19,24
2779,360,2024-05-24,1900-01-01 19:09:00,19,Cooking Oil,2,350.74,Grains & Staples,614,5,19,24
2779,360,2024-05-24,1900-01-01 19:09:00,19,Orange,1,157.52,Fruits & Vegetables,160,5,19,24
2779,360,2024-05-24,1900-01-01 19:09:00,19,Spices,3,365.84,Grains & Staples,737,5,19,24
2779,360,2024-05-24,1900-01-01 19:09:00,19,Tissue,3,60.62,Household,329,5,19,24
2779,360,2024-05-24,1900-01-01 19:09:00,19,Fiction Book,1,342.01,Books,613,5,19,24
2780,207,2024-04-14,1900-01-01 06:55:00,6,Soap,2,496.52,Personal Care,107,4,6,14
2780,207,2024-04-14,1900-01-01 06:55:00,6,Mixer Grinder,3,71.85,Electronics,863,4,6,14
2780,207,2024-04-14,1900-01-01 06:55:00,6,Apple,1,80.86,Fruits & Vegetables,555,4,6,14
2781,107,2024-01-31,1900-01-01 10:03:00,10,Chips,3,153.55,Snacks,279,1,10,31
2781,107,2024-01-31,1900-01-01 10:03:00,10,Pen,1,277.22,Stationery,647,1,10,31
2781,107,2024-01-31,1900-01-01 10:03:00,10,Vitamins,3,122.75,Health & Wellness,536,1,10,31
2781,107,2024-01-31,1900-01-01 10:03:00,10,Saree,1,319.73,Clothing,446,1,10,31
2781,107,2024-01-31,1900-01-01 10:03:00,10,Lentils,3,477.68,Grains & Staples,414,1,10,31
2781,107,2024-01-31,1900-01-01 10:03:00,10,Beef,1,54.8,Meat & Seafood,740,1,10,31
2781,107,2024-01-31,1900-01-01 10:03:00,10,Educational Book,3,17.29,Books,522,1,10,31
2782,223,2024-08-01,1900-01-01 07:06:00,7,Juice,1,61.77,Beverages,577,8,7,1
2782,223,2024-08-01,1900-01-01 07:06:00,7,Bread,1,195.58,Bakery,935,8,7,1
2782,223,2024-08-01,1900-01-01 07:06:00,7,Tissue,2,454.69,Household,399,8,7,1
2782,223,2024-08-01,1900-01-01 07:06:00,7,Apple,3,490.23,Fruits & Vegetables,651,8,7,1
2782,223,2024-08-01,1900-01-01 07:06:00,7,Cheese,3,136.89,Dairy & Eggs,236,8,7,1
2782,223,2024-08-01,1900-01-01 07:06:00,7,Shoes,3,468.45,Footwear,284,8,7,1
2783,284,2024-12-19,1900-01-01 11:17:00,11,Lentils,2,239.01,Grains & Staples,995,12,11,19
2783,284,2024-12-19,1900-01-01 11:17:00,11,Bread,3,314.62,Bakery,550,12,11,19
2783,284,2024-12-19,1900-01-01 11:17:00,11,Toothpaste,2,145.31,Personal Care,647,12,11,19
2784,489,2024-08-26,1900-01-01 19:22:00,19,Lentils,3,299.9,Grains & Staples,963,8,19,26
2784,489,2024-08-26,1900-01-01 19:22:00,19,Yogurt,1,86.88,Dairy & Eggs,854,8,19,26
2784,489,2024-08-26,1900-01-01 19:22:00,19,Carrot,2,121.22,Fruits & Vegetables,737,8,19,26
2784,489,2024-08-26,1900-01-01 19:22:00,19,Cheese,2,106.87,Dairy & Eggs,511,8,19,26
2785,142,2024-02-24,1900-01-01 06:21:00,6,Popcorn,2,284.25,Snacks,541,2,6,24
2785,142,2024-02-24,1900-01-01 06:21:00,6,Notebook,1,473.67,Stationery,691,2,6,24
2785,142,2024-02-24,1900-01-01 06:21:00,6,Marker,1,305.59,Stationery,389,2,6,24
2785,142,2024-02-24,1900-01-01 06:21:00,6,Pen,3,364.79,Stationery,365,2,6,24
2785,142,2024-02-24,1900-01-01 06:21:00,6,Belt,2,437.44,Clothing Accessories,913,2,6,24
2786,153,2024-01-19,1900-01-01 18:29:00,18,Apple,3,219.21,Fruits & Vegetables,751,1,18,19
2786,153,2024-01-19,1900-01-01 18:29:00,18,Toilet Paper,2,233.68,Household,795,1,18,19
2786,153,2024-01-19,1900-01-01 18:29:00,18,Yogurt,2,419.44,Dairy & Eggs,732,1,18,19
2787,89,2024-07-23,1900-01-01 06:45:00,6,Detergent,2,128.18,Household,319,7,6,23
2787,89,2024-07-23,1900-01-01 06:45:00,6,Prawns,3,344.76,Meat & Seafood,801,7,6,23
2787,89,2024-07-23,1900-01-01 06:45:00,6,Phone Cover,2,24.46,Electronics,122,7,6,23
2787,89,2024-07-23,1900-01-01 06:45:00,6,Salt,1,494.12,Grains & Staples,597,7,6,23
2787,89,2024-07-23,1900-01-01 06:45:00,6,Soap,1,368.43,Personal Care,630,7,6,23
2787,89,2024-07-23,1900-01-01 06:45:00,6,Belt,1,146.63,Clothing Accessories,879,7,6,23
2787,89,2024-07-23,1900-01-01 06:45:00,6,Carrot,3,467.77,Fruits & Vegetables,255,7,6,23
2788,250,2024-05-19,1900-01-01 19:52:00,19,Juice,3,492.48,Beverages,961,5,19,19
2788,250,2024-05-19,1900-01-01 19:52:00,19,Pastry,1,479.05,Bakery,752,5,19,19
2788,250,2024-05-19,1900-01-01 19:52:00,19,Yogurt,1,167.79,Dairy & Eggs,382,5,19,19
2788,250,2024-05-19,1900-01-01 19:52:00,19,Fiction Book,1,258.07,Books,895,5,19,19
2788,250,2024-05-19,1900-01-01 19:52:00,19,Yogurt,3,79.42,Dairy & Eggs,972,5,19,19
2788,250,2024-05-19,1900-01-01 19:52:00,19,Pastry,2,262.2,Bakery,196,5,19,19
2789,412,2024-08-25,1900-01-01 12:20:00,12,Soda,1,432.46,Beverages,585,8,12,25
2789,412,2024-08-25,1900-01-01 12:20:00,12,Carrot,3,111.85,Fruits & Vegetables,424,8,12,25
2789,412,2024-08-25,1900-01-01 12:20:00,12,Cheese,3,362.98,Dairy & Eggs,508,8,12,25
2789,412,2024-08-25,1900-01-01 12:20:00,12,Biscuits,3,405.36,Snacks,463,8,12,25
2789,412,2024-08-25,1900-01-01 12:20:00,12,Cooking Oil,1,192.98,Grains & Staples,982,8,12,25
2789,412,2024-08-25,1900-01-01 12:20:00,12,Salt,2,423.88,Grains & Staples,357,8,12,25
2790,27,2024-02-17,1900-01-01 17:46:00,17,Beef,1,180.28,Meat & Seafood,589,2,17,17
2790,27,2024-02-17,1900-01-01 17:46:00,17,Pasta,3,168.27,Grains & Staples,354,2,17,17
2790,27,2024-02-17,1900-01-01 17:46:00,17,Pastry,1,392.02,Bakery,693,2,17,17
2790,27,2024-02-17,1900-01-01 17:46:00,17,Tissue,2,183.75,Household,910,2,17,17
2790,27,2024-02-17,1900-01-01 17:46:00,17,Toilet Paper,1,237.67,Household,801,2,17,17
2790,27,2024-02-17,1900-01-01 17:46:00,17,Pen,3,42.57,Stationery,510,2,17,17
2791,439,2024-10-02,1900-01-01 13:49:00,13,Sugar,3,432.39,Grains & Staples,239,10,13,2
2791,439,2024-10-02,1900-01-01 13:49:00,13,Energy Drink,3,88.25,Beverages,194,10,13,2
2791,439,2024-10-02,1900-01-01 13:49:00,13,Notebook,3,350.42,Stationery,275,10,13,2
2791,439,2024-10-02,1900-01-01 13:49:00,13,Pasta,2,64.45,Grains & Staples,779,10,13,2
2791,439,2024-10-02,1900-01-01 13:49:00,13,Milk,3,458.38,Dairy & Eggs,501,10,13,2
2792,236,2024-08-23,1900-01-01 09:04:00,9,Lentils,3,177.28,Grains & Staples,922,8,9,23
2792,236,2024-08-23,1900-01-01 09:04:00,9,Fiction Book,3,364.24,Books,369,8,9,23
2792,236,2024-08-23,1900-01-01 09:04:00,9,Shampoo,2,150.26,Personal Care,408,8,9,23
2793,15,2024-11-18,1900-01-01 06:35:00,6,Marker,2,139.64,Stationery,861,11,6,18
2793,15,2024-11-18,1900-01-01 06:35:00,6,Orange,1,68.05,Fruits & Vegetables,759,11,6,18
2793,15,2024-11-18,1900-01-01 06:35:00,6,Onion,2,406.97,Fruits & Vegetables,391,11,6,18
2793,15,2024-11-18,1900-01-01 06:35:00,6,Marker,2,198.82,Stationery,634,11,6,18
2793,15,2024-11-18,1900-01-01 06:35:00,6,Floor Cleaner,3,441.87,Household,621,11,6,18
2793,15,2024-11-18,1900-01-01 06:35:00,6,Marker,2,260.18,Stationery,559,11,6,18
2794,63,2024-10-12,1900-01-01 08:29:00,8,Pasta,2,134.07,Grains & Staples,597,10,8,12
2794,63,2024-10-12,1900-01-01 08:29:00,8,Diapers,2,18.96,Baby Care,929,10,8,12
2794,63,2024-10-12,1900-01-01 08:29:00,8,Soap,1,310.9,Personal Care,110,10,8,12
2794,63,2024-10-12,1900-01-01 08:29:00,8,Dishwashing Liquid,2,166.74,Household,754,10,8,12
2795,399,2024-01-18,1900-01-01 17:15:00,17,Shoes,3,137.38,Footwear,483,1,17,18
2795,399,2024-01-18,1900-01-01 17:15:00,17,Apple,1,101.12,Fruits & Vegetables,832,1,17,18
2795,399,2024-01-18,1900-01-01 17:15:00,17,Charger,3,430.51,Electronics,293,1,17,18
2795,399,2024-01-18,1900-01-01 17:15:00,17,Cookies,1,337.73,Bakery,970,1,17,18
2795,399,2024-01-18,1900-01-01 17:15:00,17,Shampoo,2,237.02,Personal Care,763,1,17,18
2795,399,2024-01-18,1900-01-01 17:15:00,17,Tomato,3,289.19,Fruits & Vegetables,249,1,17,18
2795,399,2024-01-18,1900-01-01 17:15:00,17,Vitamins,3,309.9,Health & Wellness,416,1,17,18
2796,436,2024-12-15,1900-01-01 12:55:00,12,Banana,1,145.95,Fruits & Vegetables,761,12,12,15
2796,436,2024-12-15,1900-01-01 12:55:00,12,Milk,3,40.56,Dairy & Eggs,974,12,12,15
2796,436,2024-12-15,1900-01-01 12:55:00,12,Eggs,3,306.2,Dairy & Eggs,131,12,12,15
2796,436,2024-12-15,1900-01-01 12:55:00,12,Eggs,2,150.61,Dairy & Eggs,601,12,12,15
2796,436,2024-12-15,1900-01-01 12:55:00,12,Dress,2,161.93,Clothing,752,12,12,15
2796,436,2024-12-15,1900-01-01 12:55:00,12,Banana,1,391.98,Fruits & Vegetables,558,12,12,15
2796,436,2024-12-15,1900-01-01 12:55:00,12,Carrot,1,477.45,Fruits & Vegetables,428,12,12,15
2797,269,2024-12-17,1900-01-01 18:47:00,18,Lentils,1,248.71,Grains & Staples,738,12,18,17
2797,269,2024-12-17,1900-01-01 18:47:00,18,Saree,2,198.0,Clothing,326,12,18,17
2797,269,2024-12-17,1900-01-01 18:47:00,18,Marker,2,85.94,Stationery,183,12,18,17
2797,269,2024-12-17,1900-01-01 18:47:00,18,Tomato,1,226.78,Fruits & Vegetables,458,12,18,17
2798,36,2024-03-13,1900-01-01 08:11:00,8,Diapers,3,384.47,Baby Care,968,3,8,13
2798,36,2024-03-13,1900-01-01 08:11:00,8,Floor Cleaner,1,29.99,Household,808,3,8,13
2798,36,2024-03-13,1900-01-01 08:11:00,8,Butter,3,475.21,Dairy & Eggs,685,3,8,13
2798,36,2024-03-13,1900-01-01 08:11:00,8,Prawns,2,83.17,Meat & Seafood,933,3,8,13
2798,36,2024-03-13,1900-01-01 08:11:00,8,Floor Cleaner,3,161.23,Household,298,3,8,13
2799,308,2024-07-10,1900-01-01 06:59:00,6,Mixer Grinder,1,470.43,Electronics,943,7,6,10
2799,308,2024-07-10,1900-01-01 06:59:00,6,Prawns,1,431.08,Meat & Seafood,682,7,6,10
2799,308,2024-07-10,1900-01-01 06:59:00,6,Diapers,1,332.76,Baby Care,678,7,6,10
2799,308,2024-07-10,1900-01-01 06:59:00,6,Belt,1,242.9,Clothing Accessories,412,7,6,10
2799,308,2024-07-10,1900-01-01 06:59:00,6,Tea,3,313.42,Beverages,938,7,6,10
2799,308,2024-07-10,1900-01-01 06:59:00,6,Floor Cleaner,3,416.43,Household,215,7,6,10
2800,336,2024-11-21,1900-01-01 07:38:00,7,Milk,2,40.56,Dairy & Eggs,381,11,7,21
2800,336,2024-11-21,1900-01-01 07:38:00,7,Apple,2,440.53,Fruits & Vegetables,254,11,7,21
2800,336,2024-11-21,1900-01-01 07:38:00,7,Rice,3,122.51,Grains & Staples,168,11,7,21
2800,336,2024-11-21,1900-01-01 07:38:00,7,Jeans,2,379.38,Clothing,513,11,7,21
2800,336,2024-11-21,1900-01-01 07:38:00,7,Banana,3,310.05,Fruits & Vegetables,752,11,7,21
2801,93,2024-10-20,1900-01-01 07:06:00,7,Toothpaste,3,438.04,Personal Care,225,10,7,20
2801,93,2024-10-20,1900-01-01 07:06:00,7,Popcorn,2,154.72,Snacks,683,10,7,20
2801,93,2024-10-20,1900-01-01 07:06:00,7,Lentils,1,170.81,Grains & Staples,959,10,7,20
2801,93,2024-10-20,1900-01-01 07:06:00,7,Chicken Breast,3,292.03,Meat & Seafood,497,10,7,20
2801,93,2024-10-20,1900-01-01 07:06:00,7,Rice,1,248.91,Grains & Staples,146,10,7,20
2802,304,2024-12-07,1900-01-01 21:55:00,21,Beef,3,185.79,Meat & Seafood,115,12,21,7
2802,304,2024-12-07,1900-01-01 21:55:00,21,Diapers,1,239.18,Baby Care,286,12,21,7
2802,304,2024-12-07,1900-01-01 21:55:00,21,Electric Kettle,1,272.97,Electronics,848,12,21,7
2802,304,2024-12-07,1900-01-01 21:55:00,21,Dishwashing Liquid,1,193.31,Household,293,12,21,7
2802,304,2024-12-07,1900-01-01 21:55:00,21,Notebook,3,432.97,Stationery,952,12,21,7
2802,304,2024-12-07,1900-01-01 21:55:00,21,Educational Book,2,30.95,Books,940,12,21,7
2803,248,2024-10-25,1900-01-01 10:19:00,10,Rice,2,36.42,Grains & Staples,141,10,10,25
2803,248,2024-10-25,1900-01-01 10:19:00,10,Eggs,1,477.56,Dairy & Eggs,933,10,10,25
2803,248,2024-10-25,1900-01-01 10:19:00,10,Bread,3,83.83,Bakery,878,10,10,25
2803,248,2024-10-25,1900-01-01 10:19:00,10,Face Wash,2,476.27,Personal Care,378,10,10,25
2804,323,2024-12-04,1900-01-01 11:11:00,11,Face Wash,3,229.79,Personal Care,310,12,11,4
2804,323,2024-12-04,1900-01-01 11:11:00,11,Energy Drink,2,217.44,Beverages,364,12,11,4
2804,323,2024-12-04,1900-01-01 11:11:00,11,Tomato,1,92.25,Fruits & Vegetables,398,12,11,4
2804,323,2024-12-04,1900-01-01 11:11:00,11,Mixer Grinder,1,146.26,Electronics,569,12,11,4
2804,323,2024-12-04,1900-01-01 11:11:00,11,Biscuits,2,318.58,Snacks,433,12,11,4
2805,214,2024-10-28,1900-01-01 21:39:00,21,Eggs,1,453.24,Dairy & Eggs,302,10,21,28
2805,214,2024-10-28,1900-01-01 21:39:00,21,Toilet Paper,3,469.04,Household,643,10,21,28
2805,214,2024-10-28,1900-01-01 21:39:00,21,Pastry,3,455.71,Bakery,194,10,21,28
2805,214,2024-10-28,1900-01-01 21:39:00,21,Dress,3,409.58,Clothing,501,10,21,28
2805,214,2024-10-28,1900-01-01 21:39:00,21,Electric Kettle,2,352.86,Electronics,349,10,21,28
2805,214,2024-10-28,1900-01-01 21:39:00,21,Milk,3,226.43,Dairy & Eggs,701,10,21,28
2805,214,2024-10-28,1900-01-01 21:39:00,21,Marker,1,41.0,Stationery,656,10,21,28
2806,65,2024-07-13,1900-01-01 15:14:00,15,Spices,1,468.42,Grains & Staples,875,7,15,13
2806,65,2024-07-13,1900-01-01 15:14:00,15,Charger,1,320.28,Electronics,455,7,15,13
2806,65,2024-07-13,1900-01-01 15:14:00,15,Earphones,1,496.95,Electronics,763,7,15,13
2807,162,2024-09-03,1900-01-01 22:52:00,22,Bread,1,220.23,Bakery,947,9,22,3
2807,162,2024-09-03,1900-01-01 22:52:00,22,Cake,2,185.07,Bakery,298,9,22,3
2807,162,2024-09-03,1900-01-01 22:52:00,22,Chocolate,3,126.83,Snacks,949,9,22,3
2807,162,2024-09-03,1900-01-01 22:52:00,22,Charger,3,234.19,Electronics,393,9,22,3
2807,162,2024-09-03,1900-01-01 22:52:00,22,Cookies,3,34.49,Bakery,922,9,22,3
2808,42,2024-10-31,1900-01-01 08:52:00,8,Salt,1,49.86,Grains & Staples,796,10,8,31
2808,42,2024-10-31,1900-01-01 08:52:00,8,Chicken Breast,2,272.84,Meat & Seafood,203,10,8,31
2808,42,2024-10-31,1900-01-01 08:52:00,8,Soap,3,51.0,Personal Care,435,10,8,31
2808,42,2024-10-31,1900-01-01 08:52:00,8,Rice,2,445.01,Grains & Staples,478,10,8,31
2808,42,2024-10-31,1900-01-01 08:52:00,8,Vitamins,3,93.73,Health & Wellness,185,10,8,31
2808,42,2024-10-31,1900-01-01 08:52:00,8,Marker,2,350.31,Stationery,705,10,8,31
2809,50,2024-10-16,1900-01-01 14:39:00,14,Soap,1,485.58,Personal Care,893,10,14,16
2809,50,2024-10-16,1900-01-01 14:39:00,14,Tissue,1,232.39,Household,873,10,14,16
2809,50,2024-10-16,1900-01-01 14:39:00,14,Prawns,2,304.3,Meat & Seafood,122,10,14,16
2809,50,2024-10-16,1900-01-01 14:39:00,14,Rice,2,372.32,Grains & Staples,124,10,14,16
2809,50,2024-10-16,1900-01-01 14:39:00,14,Pasta,3,281.09,Grains & Staples,577,10,14,16
2809,50,2024-10-16,1900-01-01 14:39:00,14,Pain Reliever,1,110.63,Health & Wellness,215,10,14,16
2809,50,2024-10-16,1900-01-01 14:39:00,14,Rice,2,395.46,Grains & Staples,152,10,14,16
2810,469,2024-01-20,1900-01-01 10:41:00,10,Dress,2,219.64,Clothing,293,1,10,20
2810,469,2024-01-20,1900-01-01 10:41:00,10,Biscuits,2,386.91,Snacks,150,1,10,20
2810,469,2024-01-20,1900-01-01 10:41:00,10,Fish,2,10.38,Meat & Seafood,395,1,10,20
2810,469,2024-01-20,1900-01-01 10:41:00,10,Tissue,1,328.45,Household,899,1,10,20
2811,492,2024-07-16,1900-01-01 22:06:00,22,Toilet Paper,3,405.6,Household,326,7,22,16
2811,492,2024-07-16,1900-01-01 22:06:00,22,Mixer Grinder,1,334.03,Electronics,478,7,22,16
2811,492,2024-07-16,1900-01-01 22:06:00,22,Tomato,2,80.84,Fruits & Vegetables,628,7,22,16
2811,492,2024-07-16,1900-01-01 22:06:00,22,Salt,3,66.05,Grains & Staples,323,7,22,16
2811,492,2024-07-16,1900-01-01 22:06:00,22,Educational Book,2,393.67,Books,120,7,22,16
2811,492,2024-07-16,1900-01-01 22:06:00,22,Chips,3,476.88,Snacks,308,7,22,16
2812,99,2024-01-18,1900-01-01 10:40:00,10,Prawns,1,75.67,Meat & Seafood,635,1,10,18
2812,99,2024-01-18,1900-01-01 10:40:00,10,Potato,3,100.9,Fruits & Vegetables,342,1,10,18
2812,99,2024-01-18,1900-01-01 10:40:00,10,Belt,2,21.25,Clothing Accessories,176,1,10,18
2812,99,2024-01-18,1900-01-01 10:40:00,10,Vitamins,3,400.78,Health & Wellness,979,1,10,18
2812,99,2024-01-18,1900-01-01 10:40:00,10,Belt,3,355.22,Clothing Accessories,417,1,10,18
2812,99,2024-01-18,1900-01-01 10:40:00,10,Sugar,3,378.87,Grains & Staples,854,1,10,18
2812,99,2024-01-18,1900-01-01 10:40:00,10,Notebook,3,135.73,Stationery,714,1,10,18
2813,312,2024-07-21,1900-01-01 06:05:00,6,Mixer Grinder,3,221.47,Electronics,420,7,6,21
2813,312,2024-07-21,1900-01-01 06:05:00,6,Beef,3,461.95,Meat & Seafood,865,7,6,21
2813,312,2024-07-21,1900-01-01 06:05:00,6,Rice,1,26.04,Grains & Staples,419,7,6,21
2813,312,2024-07-21,1900-01-01 06:05:00,6,Spinach,2,481.49,Fruits & Vegetables,942,7,6,21
2813,312,2024-07-21,1900-01-01 06:05:00,6,Educational Book,3,96.06,Books,177,7,6,21
2813,312,2024-07-21,1900-01-01 06:05:00,6,Pastry,1,142.97,Bakery,841,7,6,21
2813,312,2024-07-21,1900-01-01 06:05:00,6,Wheat Flour,1,117.4,Grains & Staples,202,7,6,21
2814,214,2024-05-17,1900-01-01 14:29:00,14,Tea,2,345.28,Beverages,693,5,14,17
2814,214,2024-05-17,1900-01-01 14:29:00,14,Baby Food,2,39.25,Baby Care,134,5,14,17
2814,214,2024-05-17,1900-01-01 14:29:00,14,Pain Reliever,2,325.27,Health & Wellness,973,5,14,17
2815,148,2024-03-27,1900-01-01 17:11:00,17,Cake,1,22.32,Bakery,918,3,17,27
2815,148,2024-03-27,1900-01-01 17:11:00,17,Rice,1,473.5,Grains & Staples,845,3,17,27
2815,148,2024-03-27,1900-01-01 17:11:00,17,Spinach,1,145.27,Fruits & Vegetables,193,3,17,27
2815,148,2024-03-27,1900-01-01 17:11:00,17,Energy Drink,2,323.69,Beverages,742,3,17,27
2815,148,2024-03-27,1900-01-01 17:11:00,17,Carrot,3,215.44,Fruits & Vegetables,480,3,17,27
2815,148,2024-03-27,1900-01-01 17:11:00,17,Chips,1,10.36,Snacks,806,3,17,27
2816,2,2024-12-20,1900-01-01 15:57:00,15,Prawns,3,115.32,Meat & Seafood,514,12,15,20
2816,2,2024-12-20,1900-01-01 15:57:00,15,Charger,1,29.63,Electronics,629,12,15,20
2816,2,2024-12-20,1900-01-01 15:57:00,15,Biscuits,3,103.79,Snacks,647,12,15,20
2816,2,2024-12-20,1900-01-01 15:57:00,15,Earphones,3,395.7,Electronics,462,12,15,20
2817,229,2024-10-05,1900-01-01 20:15:00,20,Cookies,2,301.69,Bakery,995,10,20,5
2817,229,2024-10-05,1900-01-01 20:15:00,20,Shampoo,2,274.51,Personal Care,342,10,20,5
2817,229,2024-10-05,1900-01-01 20:15:00,20,Pain Reliever,1,283.06,Health & Wellness,805,10,20,5
2817,229,2024-10-05,1900-01-01 20:15:00,20,Earphones,1,145.78,Electronics,483,10,20,5
2818,258,2024-02-25,1900-01-01 10:14:00,10,Shampoo,3,260.82,Personal Care,414,2,10,25
2818,258,2024-02-25,1900-01-01 10:14:00,10,Detergent,3,206.12,Household,120,2,10,25
2818,258,2024-02-25,1900-01-01 10:14:00,10,Shampoo,3,201.43,Personal Care,629,2,10,25
2818,258,2024-02-25,1900-01-01 10:14:00,10,Onion,2,438.14,Fruits & Vegetables,388,2,10,25
2818,258,2024-02-25,1900-01-01 10:14:00,10,Cookies,1,120.59,Bakery,286,2,10,25
2818,258,2024-02-25,1900-01-01 10:14:00,10,Earphones,3,396.81,Electronics,292,2,10,25
2819,141,2024-09-06,1900-01-01 21:18:00,21,Detergent,2,155.6,Household,384,9,21,6
2819,141,2024-09-06,1900-01-01 21:18:00,21,Orange,1,493.45,Fruits & Vegetables,287,9,21,6
2819,141,2024-09-06,1900-01-01 21:18:00,21,Pain Reliever,2,236.55,Health & Wellness,438,9,21,6
2819,141,2024-09-06,1900-01-01 21:18:00,21,Soap,2,179.56,Personal Care,566,9,21,6
2820,54,2024-01-16,1900-01-01 22:46:00,22,Apple,2,21.15,Fruits & Vegetables,904,1,22,16
2820,54,2024-01-16,1900-01-01 22:46:00,22,Energy Drink,2,221.36,Beverages,384,1,22,16
2820,54,2024-01-16,1900-01-01 22:46:00,22,Shampoo,2,347.68,Personal Care,312,1,22,16
2820,54,2024-01-16,1900-01-01 22:46:00,22,Lentils,2,130.65,Grains & Staples,849,1,22,16
2821,358,2024-08-21,1900-01-01 13:59:00,13,Cooking Oil,1,250.04,Grains & Staples,210,8,13,21
2821,358,2024-08-21,1900-01-01 13:59:00,13,Face Wash,2,216.08,Personal Care,328,8,13,21
2821,358,2024-08-21,1900-01-01 13:59:00,13,Banana,2,297.69,Fruits & Vegetables,548,8,13,21
2821,358,2024-08-21,1900-01-01 13:59:00,13,Mixer Grinder,3,351.92,Electronics,200,8,13,21
2822,47,2024-07-28,1900-01-01 10:29:00,10,Orange,1,116.45,Fruits & Vegetables,854,7,10,28
2822,47,2024-07-28,1900-01-01 10:29:00,10,Salt,3,240.31,Grains & Staples,286,7,10,28
2822,47,2024-07-28,1900-01-01 10:29:00,10,Butter,3,373.42,Dairy & Eggs,313,7,10,28
2822,47,2024-07-28,1900-01-01 10:29:00,10,Popcorn,1,361.61,Snacks,161,7,10,28
2823,29,2024-08-06,1900-01-01 13:27:00,13,Dishwashing Liquid,1,132.79,Household,954,8,13,6
2823,29,2024-08-06,1900-01-01 13:27:00,13,Butter,2,293.94,Dairy & Eggs,442,8,13,6
2823,29,2024-08-06,1900-01-01 13:27:00,13,Beef,1,199.86,Meat & Seafood,826,8,13,6
2823,29,2024-08-06,1900-01-01 13:27:00,13,Dress,2,346.7,Clothing,307,8,13,6
2823,29,2024-08-06,1900-01-01 13:27:00,13,Shirt,3,11.41,Clothing,916,8,13,6
2824,120,2024-07-04,1900-01-01 11:39:00,11,Yogurt,1,474.44,Dairy & Eggs,811,7,11,4
2824,120,2024-07-04,1900-01-01 11:39:00,11,Bread,2,24.12,Bakery,745,7,11,4
2824,120,2024-07-04,1900-01-01 11:39:00,11,Prawns,3,158.42,Meat & Seafood,160,7,11,4
2825,143,2024-11-04,1900-01-01 17:43:00,17,Soda,2,472.62,Beverages,132,11,17,4
2825,143,2024-11-04,1900-01-01 17:43:00,17,Sugar,3,91.11,Grains & Staples,901,11,17,4
2825,143,2024-11-04,1900-01-01 17:43:00,17,Croissant,1,81.26,Bakery,214,11,17,4
2825,143,2024-11-04,1900-01-01 17:43:00,17,Soda,1,405.43,Beverages,231,11,17,4
2826,334,2024-07-07,1900-01-01 12:32:00,12,Energy Drink,3,299.17,Beverages,840,7,12,7
2826,334,2024-07-07,1900-01-01 12:32:00,12,Sugar,3,367.9,Grains & Staples,425,7,12,7
2826,334,2024-07-07,1900-01-01 12:32:00,12,Mixer Grinder,2,325.52,Electronics,167,7,12,7
2826,334,2024-07-07,1900-01-01 12:32:00,12,Cake,3,166.84,Bakery,506,7,12,7
2827,99,2024-10-18,1900-01-01 21:02:00,21,Phone Cover,1,96.18,Electronics,356,10,21,18
2827,99,2024-10-18,1900-01-01 21:02:00,21,Tomato,3,132.56,Fruits & Vegetables,285,10,21,18
2827,99,2024-10-18,1900-01-01 21:02:00,21,Onion,2,11.06,Fruits & Vegetables,382,10,21,18
2827,99,2024-10-18,1900-01-01 21:02:00,21,Energy Drink,2,370.09,Beverages,103,10,21,18
2827,99,2024-10-18,1900-01-01 21:02:00,21,Belt,2,124.03,Clothing Accessories,163,10,21,18
2827,99,2024-10-18,1900-01-01 21:02:00,21,Coffee,3,42.04,Beverages,221,10,21,18
2828,218,2024-04-27,1900-01-01 20:23:00,20,Belt,1,166.03,Clothing Accessories,891,4,20,27
2828,218,2024-04-27,1900-01-01 20:23:00,20,Salt,1,63.31,Grains & Staples,875,4,20,27
2828,218,2024-04-27,1900-01-01 20:23:00,20,Milk,3,55.73,Dairy & Eggs,837,4,20,27
2828,218,2024-04-27,1900-01-01 20:23:00,20,Pain Reliever,1,377.27,Health & Wellness,143,4,20,27
2828,218,2024-04-27,1900-01-01 20:23:00,20,Orange,1,402.64,Fruits & Vegetables,220,4,20,27
2828,218,2024-04-27,1900-01-01 20:23:00,20,Phone Cover,3,464.44,Electronics,934,4,20,27
2829,227,2024-10-11,1900-01-01 16:05:00,16,Pasta,1,187.77,Grains & Staples,555,10,16,11
2829,227,2024-10-11,1900-01-01 16:05:00,16,Tea,2,475.26,Beverages,706,10,16,11
2829,227,2024-10-11,1900-01-01 16:05:00,16,Banana,2,472.98,Fruits & Vegetables,270,10,16,11
2829,227,2024-10-11,1900-01-01 16:05:00,16,Spinach,2,364.44,Fruits & Vegetables,112,10,16,11
2830,445,2024-05-23,1900-01-01 15:00:00,15,Face Wash,2,397.86,Personal Care,745,5,15,23
2830,445,2024-05-23,1900-01-01 15:00:00,15,Belt,3,93.71,Clothing Accessories,899,5,15,23
2830,445,2024-05-23,1900-01-01 15:00:00,15,Coffee,1,350.78,Beverages,611,5,15,23
2830,445,2024-05-23,1900-01-01 15:00:00,15,Chips,1,317.42,Snacks,456,5,15,23
2831,342,2024-06-09,1900-01-01 06:45:00,6,Phone Cover,1,82.17,Electronics,117,6,6,9
2831,342,2024-06-09,1900-01-01 06:45:00,6,Chips,1,214.03,Snacks,331,6,6,9
2831,342,2024-06-09,1900-01-01 06:45:00,6,Shirt,1,288.71,Clothing,272,6,6,9
2832,326,2024-03-18,1900-01-01 17:29:00,17,Dress,2,282.42,Clothing,729,3,17,18
2832,326,2024-03-18,1900-01-01 17:29:00,17,Spinach,2,383.95,Fruits & Vegetables,642,3,17,18
2832,326,2024-03-18,1900-01-01 17:29:00,17,Belt,3,411.99,Clothing Accessories,298,3,17,18
2832,326,2024-03-18,1900-01-01 17:29:00,17,Pasta,1,446.33,Grains & Staples,833,3,17,18
2833,376,2024-04-22,1900-01-01 11:52:00,11,Electric Kettle,1,92.4,Electronics,609,4,11,22
2833,376,2024-04-22,1900-01-01 11:52:00,11,Rice,2,197.64,Grains & Staples,336,4,11,22
2833,376,2024-04-22,1900-01-01 11:52:00,11,Phone Cover,2,304.72,Electronics,452,4,11,22
2833,376,2024-04-22,1900-01-01 11:52:00,11,Spinach,3,414.09,Fruits & Vegetables,852,4,11,22
2833,376,2024-04-22,1900-01-01 11:52:00,11,Phone Cover,2,250.82,Electronics,899,4,11,22
2834,244,2024-10-20,1900-01-01 15:12:00,15,Butter,1,493.5,Dairy & Eggs,833,10,15,20
2834,244,2024-10-20,1900-01-01 15:12:00,15,Shampoo,1,349.02,Personal Care,332,10,15,20
2834,244,2024-10-20,1900-01-01 15:12:00,15,Earphones,3,435.79,Electronics,109,10,15,20
2834,244,2024-10-20,1900-01-01 15:12:00,15,Cookies,1,320.94,Bakery,769,10,15,20
2834,244,2024-10-20,1900-01-01 15:12:00,15,Yogurt,2,353.9,Dairy & Eggs,872,10,15,20
2835,407,2024-01-08,1900-01-01 19:09:00,19,Cake,3,361.56,Bakery,689,1,19,8
2835,407,2024-01-08,1900-01-01 19:09:00,19,Pastry,3,200.16,Bakery,715,1,19,8
2835,407,2024-01-08,1900-01-01 19:09:00,19,Carrot,2,92.53,Fruits & Vegetables,592,1,19,8
2836,387,2024-07-13,1900-01-01 14:01:00,14,Face Wash,1,118.92,Personal Care,154,7,14,13
2836,387,2024-07-13,1900-01-01 14:01:00,14,Energy Drink,3,175.87,Beverages,774,7,14,13
2836,387,2024-07-13,1900-01-01 14:01:00,14,Soap,2,348.8,Personal Care,547,7,14,13
2836,387,2024-07-13,1900-01-01 14:01:00,14,Juice,3,461.94,Beverages,982,7,14,13
2836,387,2024-07-13,1900-01-01 14:01:00,14,Tomato,3,455.73,Fruits & Vegetables,283,7,14,13
2837,326,2024-04-15,1900-01-01 20:47:00,20,Prawns,1,349.54,Meat & Seafood,464,4,20,15
2837,326,2024-04-15,1900-01-01 20:47:00,20,Chips,2,422.41,Snacks,713,4,20,15
2837,326,2024-04-15,1900-01-01 20:47:00,20,Banana,3,253.63,Fruits & Vegetables,247,4,20,15
2837,326,2024-04-15,1900-01-01 20:47:00,20,Cooking Oil,3,382.22,Grains & Staples,892,4,20,15
2838,120,2024-03-21,1900-01-01 17:03:00,17,Wheat Flour,1,10.21,Grains & Staples,965,3,17,21
2838,120,2024-03-21,1900-01-01 17:03:00,17,Floor Cleaner,3,279.95,Household,207,3,17,21
2838,120,2024-03-21,1900-01-01 17:03:00,17,Chocolate,3,325.11,Snacks,405,3,17,21
2838,120,2024-03-21,1900-01-01 17:03:00,17,Juice,2,341.68,Beverages,902,3,17,21
2838,120,2024-03-21,1900-01-01 17:03:00,17,Chips,2,330.78,Snacks,238,3,17,21
2839,234,2024-05-06,1900-01-01 07:52:00,7,Tissue,3,233.6,Household,816,5,7,6
2839,234,2024-05-06,1900-01-01 07:52:00,7,Floor Cleaner,3,405.42,Household,495,5,7,6
2839,234,2024-05-06,1900-01-01 07:52:00,7,Chicken Breast,2,493.81,Meat & Seafood,284,5,7,6
2839,234,2024-05-06,1900-01-01 07:52:00,7,Belt,2,222.05,Clothing Accessories,488,5,7,6
2839,234,2024-05-06,1900-01-01 07:52:00,7,Cooking Oil,3,274.24,Grains & Staples,111,5,7,6
2840,267,2024-01-28,1900-01-01 20:14:00,20,Shoes,3,328.86,Footwear,608,1,20,28
2840,267,2024-01-28,1900-01-01 20:14:00,20,Tissue,3,447.71,Household,131,1,20,28
2840,267,2024-01-28,1900-01-01 20:14:00,20,Croissant,2,259.0,Bakery,795,1,20,28
2840,267,2024-01-28,1900-01-01 20:14:00,20,Chips,1,336.79,Snacks,326,1,20,28
2840,267,2024-01-28,1900-01-01 20:14:00,20,Notebook,2,466.82,Stationery,729,1,20,28
2840,267,2024-01-28,1900-01-01 20:14:00,20,Banana,1,171.47,Fruits & Vegetables,901,1,20,28
2840,267,2024-01-28,1900-01-01 20:14:00,20,Spinach,2,442.27,Fruits & Vegetables,313,1,20,28
2841,277,2024-04-05,1900-01-01 22:39:00,22,Electric Kettle,1,208.32,Electronics,654,4,22,5
2841,277,2024-04-05,1900-01-01 22:39:00,22,Marker,2,14.92,Stationery,819,4,22,5
2841,277,2024-04-05,1900-01-01 22:39:00,22,Tea,1,428.29,Beverages,890,4,22,5
2841,277,2024-04-05,1900-01-01 22:39:00,22,Toilet Paper,2,490.03,Household,318,4,22,5
2841,277,2024-04-05,1900-01-01 22:39:00,22,Potato,1,13.76,Fruits & Vegetables,611,4,22,5
2841,277,2024-04-05,1900-01-01 22:39:00,22,Diapers,1,252.22,Baby Care,570,4,22,5
2841,277,2024-04-05,1900-01-01 22:39:00,22,Earphones,1,246.24,Electronics,235,4,22,5
2842,422,2024-10-08,1900-01-01 19:55:00,19,Cooking Oil,1,425.63,Grains & Staples,314,10,19,8
2842,422,2024-10-08,1900-01-01 19:55:00,19,Shirt,2,237.0,Clothing,316,10,19,8
2842,422,2024-10-08,1900-01-01 19:55:00,19,Tissue,1,63.71,Household,449,10,19,8
2842,422,2024-10-08,1900-01-01 19:55:00,19,Mixer Grinder,1,52.64,Electronics,373,10,19,8
2842,422,2024-10-08,1900-01-01 19:55:00,19,Diapers,3,388.85,Baby Care,832,10,19,8
2842,422,2024-10-08,1900-01-01 19:55:00,19,Juice,3,464.2,Beverages,705,10,19,8
2842,422,2024-10-08,1900-01-01 19:55:00,19,Pastry,1,451.51,Bakery,125,10,19,8
2843,265,2024-11-30,1900-01-01 09:29:00,9,Vitamins,1,390.94,Health & Wellness,982,11,9,30
2843,265,2024-11-30,1900-01-01 09:29:00,9,Butter,3,205.55,Dairy & Eggs,466,11,9,30
2843,265,2024-11-30,1900-01-01 09:29:00,9,Soda,2,137.43,Beverages,387,11,9,30
2844,77,2024-11-28,1900-01-01 09:24:00,9,Salt,3,431.46,Grains & Staples,320,11,9,28
2844,77,2024-11-28,1900-01-01 09:24:00,9,Tissue,1,332.02,Household,258,11,9,28
2844,77,2024-11-28,1900-01-01 09:24:00,9,Salt,2,216.27,Grains & Staples,792,11,9,28
2844,77,2024-11-28,1900-01-01 09:24:00,9,Soap,3,321.16,Personal Care,481,11,9,28
2845,234,2024-11-12,1900-01-01 11:07:00,11,Notebook,2,68.06,Stationery,803,11,11,12
2845,234,2024-11-12,1900-01-01 11:07:00,11,Shirt,3,61.59,Clothing,278,11,11,12
2845,234,2024-11-12,1900-01-01 11:07:00,11,Energy Drink,3,142.43,Beverages,260,11,11,12
2845,234,2024-11-12,1900-01-01 11:07:00,11,Soap,2,145.47,Personal Care,401,11,11,12
2845,234,2024-11-12,1900-01-01 11:07:00,11,Diapers,2,433.37,Baby Care,901,11,11,12
2845,234,2024-11-12,1900-01-01 11:07:00,11,Notebook,3,192.23,Stationery,562,11,11,12
2845,234,2024-11-12,1900-01-01 11:07:00,11,Jeans,3,285.87,Clothing,651,11,11,12
2846,36,2024-06-25,1900-01-01 08:08:00,8,Spices,1,91.63,Grains & Staples,146,6,8,25
2846,36,2024-06-25,1900-01-01 08:08:00,8,Croissant,3,276.07,Bakery,378,6,8,25
2846,36,2024-06-25,1900-01-01 08:08:00,8,Eggs,3,166.75,Dairy & Eggs,677,6,8,25
2846,36,2024-06-25,1900-01-01 08:08:00,8,Pain Reliever,1,163.32,Health & Wellness,550,6,8,25
2846,36,2024-06-25,1900-01-01 08:08:00,8,Fiction Book,2,329.42,Books,655,6,8,25
2846,36,2024-06-25,1900-01-01 08:08:00,8,Pasta,2,203.82,Grains & Staples,762,6,8,25
2847,14,2024-04-27,1900-01-01 12:07:00,12,Shirt,3,263.31,Clothing,899,4,12,27
2847,14,2024-04-27,1900-01-01 12:07:00,12,Mixer Grinder,2,48.09,Electronics,861,4,12,27
2847,14,2024-04-27,1900-01-01 12:07:00,12,Jeans,1,244.4,Clothing,606,4,12,27
2848,17,2024-01-14,1900-01-01 16:20:00,16,Apple,2,329.31,Fruits & Vegetables,508,1,16,14
2848,17,2024-01-14,1900-01-01 16:20:00,16,Prawns,3,297.9,Meat & Seafood,594,1,16,14
2848,17,2024-01-14,1900-01-01 16:20:00,16,Beef,3,48.52,Meat & Seafood,150,1,16,14
2848,17,2024-01-14,1900-01-01 16:20:00,16,Baby Food,3,82.51,Baby Care,138,1,16,14
2848,17,2024-01-14,1900-01-01 16:20:00,16,Spinach,3,237.11,Fruits & Vegetables,398,1,16,14
2848,17,2024-01-14,1900-01-01 16:20:00,16,Marker,3,98.4,Stationery,262,1,16,14
2849,117,2024-05-11,1900-01-01 15:49:00,15,Sugar,1,419.59,Grains & Staples,560,5,15,11
2849,117,2024-05-11,1900-01-01 15:49:00,15,Baby Food,3,230.19,Baby Care,634,5,15,11
2849,117,2024-05-11,1900-01-01 15:49:00,15,Milk,3,180.97,Dairy & Eggs,471,5,15,11
2849,117,2024-05-11,1900-01-01 15:49:00,15,Onion,1,171.63,Fruits & Vegetables,952,5,15,11
2849,117,2024-05-11,1900-01-01 15:49:00,15,Salt,1,212.82,Grains & Staples,817,5,15,11
2849,117,2024-05-11,1900-01-01 15:49:00,15,Cooking Oil,3,424.29,Grains & Staples,268,5,15,11
2850,436,2024-09-21,1900-01-01 16:02:00,16,Potato,2,254.57,Fruits & Vegetables,139,9,16,21
2850,436,2024-09-21,1900-01-01 16:02:00,16,Chocolate,2,36.98,Snacks,956,9,16,21
2850,436,2024-09-21,1900-01-01 16:02:00,16,Bread,2,87.3,Bakery,551,9,16,21
2850,436,2024-09-21,1900-01-01 16:02:00,16,Croissant,2,365.2,Bakery,113,9,16,21
2851,254,2024-12-22,1900-01-01 21:44:00,21,Apple,2,21.91,Fruits & Vegetables,809,12,21,22
2851,254,2024-12-22,1900-01-01 21:44:00,21,Saree,2,276.13,Clothing,750,12,21,22
2851,254,2024-12-22,1900-01-01 21:44:00,21,Cake,2,434.14,Bakery,872,12,21,22
2851,254,2024-12-22,1900-01-01 21:44:00,21,Eggs,1,28.01,Dairy & Eggs,412,12,21,22
2851,254,2024-12-22,1900-01-01 21:44:00,21,Cookies,1,91.57,Bakery,174,12,21,22
2852,163,2024-07-16,1900-01-01 12:05:00,12,Biscuits,3,251.27,Snacks,510,7,12,16
2852,163,2024-07-16,1900-01-01 12:05:00,12,Popcorn,1,334.24,Snacks,434,7,12,16
2852,163,2024-07-16,1900-01-01 12:05:00,12,Shampoo,2,116.33,Personal Care,930,7,12,16
2852,163,2024-07-16,1900-01-01 12:05:00,12,Coffee,2,272.3,Beverages,787,7,12,16
2852,163,2024-07-16,1900-01-01 12:05:00,12,Soap,1,310.97,Personal Care,931,7,12,16
2853,455,2024-12-13,1900-01-01 15:27:00,15,Dishwashing Liquid,2,180.14,Household,787,12,15,13
2853,455,2024-12-13,1900-01-01 15:27:00,15,Sugar,3,322.53,Grains & Staples,942,12,15,13
2853,455,2024-12-13,1900-01-01 15:27:00,15,Chips,1,447.63,Snacks,283,12,15,13
2853,455,2024-12-13,1900-01-01 15:27:00,15,Beef,1,181.96,Meat & Seafood,589,12,15,13
2854,139,2024-12-12,1900-01-01 17:59:00,17,Wheat Flour,2,245.68,Grains & Staples,495,12,17,12
2854,139,2024-12-12,1900-01-01 17:59:00,17,Prawns,2,446.74,Meat & Seafood,686,12,17,12
2854,139,2024-12-12,1900-01-01 17:59:00,17,Rice,1,389.85,Grains & Staples,798,12,17,12
2854,139,2024-12-12,1900-01-01 17:59:00,17,Tissue,2,361.34,Household,608,12,17,12
2854,139,2024-12-12,1900-01-01 17:59:00,17,Wheat Flour,3,336.24,Grains & Staples,645,12,17,12
2854,139,2024-12-12,1900-01-01 17:59:00,17,Fiction Book,2,306.27,Books,937,12,17,12
2854,139,2024-12-12,1900-01-01 17:59:00,17,Onion,1,425.46,Fruits & Vegetables,224,12,17,12
2855,206,2024-07-31,1900-01-01 19:56:00,19,Fish,3,298.28,Meat & Seafood,502,7,19,31
2855,206,2024-07-31,1900-01-01 19:56:00,19,Tissue,2,247.2,Household,192,7,19,31
2855,206,2024-07-31,1900-01-01 19:56:00,19,Tomato,3,313.78,Fruits & Vegetables,385,7,19,31
2855,206,2024-07-31,1900-01-01 19:56:00,19,Carrot,3,15.05,Fruits & Vegetables,369,7,19,31
2855,206,2024-07-31,1900-01-01 19:56:00,19,Beef,2,262.84,Meat & Seafood,735,7,19,31
2856,31,2024-01-10,1900-01-01 21:52:00,21,Electric Kettle,3,460.95,Electronics,376,1,21,10
2856,31,2024-01-10,1900-01-01 21:52:00,21,Marker,1,119.7,Stationery,119,1,21,10
2856,31,2024-01-10,1900-01-01 21:52:00,21,Potato,1,329.96,Fruits & Vegetables,626,1,21,10
2856,31,2024-01-10,1900-01-01 21:52:00,21,Cooking Oil,2,276.74,Grains & Staples,526,1,21,10
2856,31,2024-01-10,1900-01-01 21:52:00,21,Yogurt,3,49.8,Dairy & Eggs,474,1,21,10
2857,169,2024-11-01,1900-01-01 16:48:00,16,Toothpaste,1,414.38,Personal Care,993,11,16,1
2857,169,2024-11-01,1900-01-01 16:48:00,16,Dress,2,71.65,Clothing,874,11,16,1
2857,169,2024-11-01,1900-01-01 16:48:00,16,Shoes,3,215.26,Footwear,374,11,16,1
2857,169,2024-11-01,1900-01-01 16:48:00,16,Pasta,1,394.05,Grains & Staples,751,11,16,1
2858,237,2024-10-08,1900-01-01 13:15:00,13,Beef,3,359.2,Meat & Seafood,828,10,13,8
2858,237,2024-10-08,1900-01-01 13:15:00,13,Dress,2,390.24,Clothing,935,10,13,8
2858,237,2024-10-08,1900-01-01 13:15:00,13,Toilet Paper,2,456.36,Household,625,10,13,8
2859,415,2024-01-27,1900-01-01 14:45:00,14,Detergent,1,197.23,Household,613,1,14,27
2859,415,2024-01-27,1900-01-01 14:45:00,14,Chocolate,2,185.6,Snacks,881,1,14,27
2859,415,2024-01-27,1900-01-01 14:45:00,14,Apple,2,234.26,Fruits & Vegetables,148,1,14,27
2859,415,2024-01-27,1900-01-01 14:45:00,14,Carrot,1,12.19,Fruits & Vegetables,767,1,14,27
2859,415,2024-01-27,1900-01-01 14:45:00,14,Juice,3,30.7,Beverages,807,1,14,27
2859,415,2024-01-27,1900-01-01 14:45:00,14,Chips,1,453.48,Snacks,883,1,14,27
2859,415,2024-01-27,1900-01-01 14:45:00,14,Soda,2,340.11,Beverages,928,1,14,27
2860,431,2024-09-30,1900-01-01 17:09:00,17,Croissant,1,12.58,Bakery,165,9,17,30
2860,431,2024-09-30,1900-01-01 17:09:00,17,Dishwashing Liquid,2,359.55,Household,438,9,17,30
2860,431,2024-09-30,1900-01-01 17:09:00,17,Butter,1,124.2,Dairy & Eggs,485,9,17,30
2860,431,2024-09-30,1900-01-01 17:09:00,17,Butter,1,196.97,Dairy & Eggs,712,9,17,30
2860,431,2024-09-30,1900-01-01 17:09:00,17,Belt,2,417.45,Clothing Accessories,660,9,17,30
2860,431,2024-09-30,1900-01-01 17:09:00,17,Cake,1,63.43,Bakery,602,9,17,30
2861,164,2024-08-31,1900-01-01 13:27:00,13,Beef,1,126.75,Meat & Seafood,189,8,13,31
2861,164,2024-08-31,1900-01-01 13:27:00,13,Tissue,1,274.26,Household,573,8,13,31
2861,164,2024-08-31,1900-01-01 13:27:00,13,Face Wash,2,140.96,Personal Care,657,8,13,31
2861,164,2024-08-31,1900-01-01 13:27:00,13,Lentils,2,385.76,Grains & Staples,992,8,13,31
2861,164,2024-08-31,1900-01-01 13:27:00,13,Notebook,3,47.86,Stationery,921,8,13,31
2861,164,2024-08-31,1900-01-01 13:27:00,13,Educational Book,3,389.4,Books,871,8,13,31
2861,164,2024-08-31,1900-01-01 13:27:00,13,Onion,1,107.85,Fruits & Vegetables,156,8,13,31
2862,488,2024-03-17,1900-01-01 06:25:00,6,Onion,2,332.3,Fruits & Vegetables,474,3,6,17
2862,488,2024-03-17,1900-01-01 06:25:00,6,Dress,2,386.84,Clothing,599,3,6,17
2862,488,2024-03-17,1900-01-01 06:25:00,6,Tomato,2,148.04,Fruits & Vegetables,461,3,6,17
2862,488,2024-03-17,1900-01-01 06:25:00,6,Shirt,2,98.63,Clothing,908,3,6,17
2862,488,2024-03-17,1900-01-01 06:25:00,6,Soda,2,194.64,Beverages,373,3,6,17
2862,488,2024-03-17,1900-01-01 06:25:00,6,Cake,3,228.03,Bakery,569,3,6,17
2863,273,2024-04-13,1900-01-01 18:58:00,18,Phone Cover,2,301.86,Electronics,492,4,18,13
2863,273,2024-04-13,1900-01-01 18:58:00,18,Diapers,1,391.05,Baby Care,973,4,18,13
2863,273,2024-04-13,1900-01-01 18:58:00,18,Cheese,3,81.83,Dairy & Eggs,330,4,18,13
2863,273,2024-04-13,1900-01-01 18:58:00,18,Soap,1,312.08,Personal Care,518,4,18,13
2863,273,2024-04-13,1900-01-01 18:58:00,18,Toothpaste,2,281.25,Personal Care,130,4,18,13
2864,318,2024-09-30,1900-01-01 14:43:00,14,Fish,1,327.17,Meat & Seafood,490,9,14,30
2864,318,2024-09-30,1900-01-01 14:43:00,14,Toilet Paper,2,45.59,Household,810,9,14,30
2864,318,2024-09-30,1900-01-01 14:43:00,14,Lentils,2,435.51,Grains & Staples,949,9,14,30
2864,318,2024-09-30,1900-01-01 14:43:00,14,Phone Cover,1,311.79,Electronics,514,9,14,30
2864,318,2024-09-30,1900-01-01 14:43:00,14,Tomato,1,276.14,Fruits & Vegetables,696,9,14,30
2864,318,2024-09-30,1900-01-01 14:43:00,14,Earphones,1,281.32,Electronics,857,9,14,30
2865,252,2024-02-15,1900-01-01 07:07:00,7,Pastry,2,384.21,Bakery,557,2,7,15
2865,252,2024-02-15,1900-01-01 07:07:00,7,Eggs,2,70.1,Dairy & Eggs,613,2,7,15
2865,252,2024-02-15,1900-01-01 07:07:00,7,Belt,2,408.12,Clothing Accessories,426,2,7,15
2865,252,2024-02-15,1900-01-01 07:07:00,7,Shirt,1,428.28,Clothing,854,2,7,15
2866,199,2024-01-30,1900-01-01 14:23:00,14,Belt,1,118.76,Clothing Accessories,284,1,14,30
2866,199,2024-01-30,1900-01-01 14:23:00,14,Diapers,1,114.59,Baby Care,530,1,14,30
2866,199,2024-01-30,1900-01-01 14:23:00,14,Charger,2,378.67,Electronics,704,1,14,30
2867,472,2024-09-23,1900-01-01 11:15:00,11,Baby Food,1,249.9,Baby Care,684,9,11,23
2867,472,2024-09-23,1900-01-01 11:15:00,11,Vitamins,3,68.82,Health & Wellness,688,9,11,23
2867,472,2024-09-23,1900-01-01 11:15:00,11,Saree,3,398.87,Clothing,631,9,11,23
2868,238,2024-12-14,1900-01-01 07:31:00,7,Bread,3,327.37,Bakery,470,12,7,14
2868,238,2024-12-14,1900-01-01 07:31:00,7,Sugar,3,408.59,Grains & Staples,811,12,7,14
2868,238,2024-12-14,1900-01-01 07:31:00,7,Phone Cover,2,473.65,Electronics,322,12,7,14
2868,238,2024-12-14,1900-01-01 07:31:00,7,Apple,1,144.27,Fruits & Vegetables,484,12,7,14
2869,394,2024-07-19,1900-01-01 09:23:00,9,Orange,3,437.61,Fruits & Vegetables,325,7,9,19
2869,394,2024-07-19,1900-01-01 09:23:00,9,Shoes,3,401.56,Footwear,261,7,9,19
2869,394,2024-07-19,1900-01-01 09:23:00,9,Yogurt,2,357.4,Dairy & Eggs,343,7,9,19
2869,394,2024-07-19,1900-01-01 09:23:00,9,Carrot,2,177.68,Fruits & Vegetables,937,7,9,19
2870,486,2024-12-08,1900-01-01 09:14:00,9,Face Wash,3,175.78,Personal Care,211,12,9,8
2870,486,2024-12-08,1900-01-01 09:14:00,9,Cooking Oil,1,178.84,Grains & Staples,508,12,9,8
2870,486,2024-12-08,1900-01-01 09:14:00,9,Fiction Book,3,161.15,Books,800,12,9,8
2870,486,2024-12-08,1900-01-01 09:14:00,9,Baby Food,2,266.84,Baby Care,948,12,9,8
2870,486,2024-12-08,1900-01-01 09:14:00,9,Carrot,2,208.28,Fruits & Vegetables,744,12,9,8
2871,498,2024-04-11,1900-01-01 14:16:00,14,Baby Food,2,31.34,Baby Care,306,4,14,11
2871,498,2024-04-11,1900-01-01 14:16:00,14,Cookies,3,110.02,Bakery,199,4,14,11
2871,498,2024-04-11,1900-01-01 14:16:00,14,Dress,3,63.42,Clothing,379,4,14,11
2871,498,2024-04-11,1900-01-01 14:16:00,14,Tea,3,269.18,Beverages,888,4,14,11
2872,158,2024-09-15,1900-01-01 15:29:00,15,Spices,1,68.24,Grains & Staples,463,9,15,15
2872,158,2024-09-15,1900-01-01 15:29:00,15,Tomato,3,374.64,Fruits & Vegetables,379,9,15,15
2872,158,2024-09-15,1900-01-01 15:29:00,15,Floor Cleaner,3,436.07,Household,731,9,15,15
2872,158,2024-09-15,1900-01-01 15:29:00,15,Pastry,1,162.33,Bakery,256,9,15,15
2872,158,2024-09-15,1900-01-01 15:29:00,15,Belt,2,376.76,Clothing Accessories,489,9,15,15
2872,158,2024-09-15,1900-01-01 15:29:00,15,Milk,3,223.99,Dairy & Eggs,614,9,15,15
2873,139,2024-10-08,1900-01-01 16:01:00,16,Charger,3,186.82,Electronics,476,10,16,8
2873,139,2024-10-08,1900-01-01 16:01:00,16,Belt,3,316.0,Clothing Accessories,682,10,16,8
2873,139,2024-10-08,1900-01-01 16:01:00,16,Pasta,3,251.99,Grains & Staples,178,10,16,8
2873,139,2024-10-08,1900-01-01 16:01:00,16,Popcorn,2,289.91,Snacks,635,10,16,8
2874,121,2024-01-02,1900-01-01 07:56:00,7,Cheese,1,337.86,Dairy & Eggs,680,1,7,2
2874,121,2024-01-02,1900-01-01 07:56:00,7,Cooking Oil,3,382.45,Grains & Staples,751,1,7,2
2874,121,2024-01-02,1900-01-01 07:56:00,7,Prawns,1,362.65,Meat & Seafood,292,1,7,2
2874,121,2024-01-02,1900-01-01 07:56:00,7,Croissant,3,66.64,Bakery,765,1,7,2
2874,121,2024-01-02,1900-01-01 07:56:00,7,Energy Drink,2,291.2,Beverages,804,1,7,2
2875,158,2024-05-17,1900-01-01 19:31:00,19,Energy Drink,3,351.9,Beverages,145,5,19,17
2875,158,2024-05-17,1900-01-01 19:31:00,19,Soda,3,473.98,Beverages,240,5,19,17
2875,158,2024-05-17,1900-01-01 19:31:00,19,Earphones,2,297.98,Electronics,956,5,19,17
2875,158,2024-05-17,1900-01-01 19:31:00,19,Carrot,1,475.75,Fruits & Vegetables,193,5,19,17
2875,158,2024-05-17,1900-01-01 19:31:00,19,Potato,1,233.9,Fruits & Vegetables,154,5,19,17
2875,158,2024-05-17,1900-01-01 19:31:00,19,Chocolate,1,105.3,Snacks,511,5,19,17
2875,158,2024-05-17,1900-01-01 19:31:00,19,Soap,3,182.82,Personal Care,809,5,19,17
2876,114,2024-02-10,1900-01-01 22:36:00,22,Salt,2,18.1,Grains & Staples,874,2,22,10
2876,114,2024-02-10,1900-01-01 22:36:00,22,Cookies,3,407.13,Bakery,938,2,22,10
2876,114,2024-02-10,1900-01-01 22:36:00,22,Milk,1,358.82,Dairy & Eggs,656,2,22,10
2876,114,2024-02-10,1900-01-01 22:36:00,22,Soda,1,302.68,Beverages,335,2,22,10
2876,114,2024-02-10,1900-01-01 22:36:00,22,Lentils,2,237.48,Grains & Staples,273,2,22,10
2876,114,2024-02-10,1900-01-01 22:36:00,22,Saree,1,10.19,Clothing,899,2,22,10
2876,114,2024-02-10,1900-01-01 22:36:00,22,Fish,2,61.54,Meat & Seafood,175,2,22,10
2877,459,2024-02-06,1900-01-01 15:46:00,15,Yogurt,3,28.18,Dairy & Eggs,368,2,15,6
2877,459,2024-02-06,1900-01-01 15:46:00,15,Eggs,2,138.46,Dairy & Eggs,578,2,15,6
2877,459,2024-02-06,1900-01-01 15:46:00,15,Prawns,2,303.47,Meat & Seafood,126,2,15,6
2877,459,2024-02-06,1900-01-01 15:46:00,15,Vitamins,3,254.68,Health & Wellness,655,2,15,6
2877,459,2024-02-06,1900-01-01 15:46:00,15,Wheat Flour,1,409.59,Grains & Staples,856,2,15,6
2877,459,2024-02-06,1900-01-01 15:46:00,15,Carrot,1,290.02,Fruits & Vegetables,805,2,15,6
2877,459,2024-02-06,1900-01-01 15:46:00,15,Chicken Breast,3,18.75,Meat & Seafood,300,2,15,6
2878,410,2024-08-24,1900-01-01 07:27:00,7,Chips,1,51.38,Snacks,492,8,7,24
2878,410,2024-08-24,1900-01-01 07:27:00,7,Detergent,1,350.65,Household,838,8,7,24
2878,410,2024-08-24,1900-01-01 07:27:00,7,Saree,3,492.2,Clothing,849,8,7,24
2879,282,2024-12-14,1900-01-01 12:26:00,12,Toilet Paper,3,171.15,Household,341,12,12,14
2879,282,2024-12-14,1900-01-01 12:26:00,12,Soap,1,186.36,Personal Care,774,12,12,14
2879,282,2024-12-14,1900-01-01 12:26:00,12,Marker,1,131.72,Stationery,958,12,12,14
2879,282,2024-12-14,1900-01-01 12:26:00,12,Shampoo,2,377.06,Personal Care,316,12,12,14
2879,282,2024-12-14,1900-01-01 12:26:00,12,Shampoo,3,212.56,Personal Care,544,12,12,14
2879,282,2024-12-14,1900-01-01 12:26:00,12,Rice,2,345.18,Grains & Staples,579,12,12,14
2879,282,2024-12-14,1900-01-01 12:26:00,12,Belt,2,12.05,Clothing Accessories,413,12,12,14
2880,109,2024-07-31,1900-01-01 22:04:00,22,Chips,3,446.02,Snacks,664,7,22,31
2880,109,2024-07-31,1900-01-01 22:04:00,22,Cake,2,247.46,Bakery,103,7,22,31
2880,109,2024-07-31,1900-01-01 22:04:00,22,Face Wash,1,150.66,Personal Care,325,7,22,31
2880,109,2024-07-31,1900-01-01 22:04:00,22,Cake,1,404.91,Bakery,647,7,22,31
2880,109,2024-07-31,1900-01-01 22:04:00,22,Jeans,1,329.35,Clothing,685,7,22,31
2881,185,2024-11-18,1900-01-01 11:16:00,11,Juice,1,306.16,Beverages,974,11,11,18
2881,185,2024-11-18,1900-01-01 11:16:00,11,Fiction Book,2,490.12,Books,882,11,11,18
2881,185,2024-11-18,1900-01-01 11:16:00,11,Orange,1,131.94,Fruits & Vegetables,232,11,11,18
2882,188,2024-05-21,1900-01-01 20:40:00,20,Rice,3,275.69,Grains & Staples,865,5,20,21
2882,188,2024-05-21,1900-01-01 20:40:00,20,Tea,2,407.65,Beverages,365,5,20,21
2882,188,2024-05-21,1900-01-01 20:40:00,20,Baby Food,1,53.48,Baby Care,101,5,20,21
2882,188,2024-05-21,1900-01-01 20:40:00,20,Notebook,2,110.73,Stationery,292,5,20,21
2882,188,2024-05-21,1900-01-01 20:40:00,20,Biscuits,2,192.7,Snacks,687,5,20,21
2882,188,2024-05-21,1900-01-01 20:40:00,20,Croissant,1,272.55,Bakery,225,5,20,21
2883,141,2024-03-13,1900-01-01 18:46:00,18,Vitamins,2,93.69,Health & Wellness,331,3,18,13
2883,141,2024-03-13,1900-01-01 18:46:00,18,Earphones,1,141.1,Electronics,837,3,18,13
2883,141,2024-03-13,1900-01-01 18:46:00,18,Chocolate,2,350.75,Snacks,550,3,18,13
2883,141,2024-03-13,1900-01-01 18:46:00,18,Tomato,2,232.05,Fruits & Vegetables,493,3,18,13
2884,442,2024-01-02,1900-01-01 11:42:00,11,Croissant,1,166.68,Bakery,826,1,11,2
2884,442,2024-01-02,1900-01-01 11:42:00,11,Phone Cover,2,425.22,Electronics,775,1,11,2
2884,442,2024-01-02,1900-01-01 11:42:00,11,Prawns,2,277.75,Meat & Seafood,986,1,11,2
2885,232,2024-10-23,1900-01-01 17:35:00,17,Charger,3,322.06,Electronics,293,10,17,23
2885,232,2024-10-23,1900-01-01 17:35:00,17,Dishwashing Liquid,3,54.34,Household,957,10,17,23
2885,232,2024-10-23,1900-01-01 17:35:00,17,Chicken Breast,2,208.67,Meat & Seafood,847,10,17,23
2885,232,2024-10-23,1900-01-01 17:35:00,17,Mixer Grinder,2,326.25,Electronics,251,10,17,23
2885,232,2024-10-23,1900-01-01 17:35:00,17,Mixer Grinder,3,92.35,Electronics,351,10,17,23
2886,404,2024-09-01,1900-01-01 19:47:00,19,Milk,3,237.39,Dairy & Eggs,140,9,19,1
2886,404,2024-09-01,1900-01-01 19:47:00,19,Juice,3,173.98,Beverages,518,9,19,1
2886,404,2024-09-01,1900-01-01 19:47:00,19,Coffee,3,154.97,Beverages,330,9,19,1
2886,404,2024-09-01,1900-01-01 19:47:00,19,Fiction Book,3,287.15,Books,379,9,19,1
2886,404,2024-09-01,1900-01-01 19:47:00,19,Croissant,2,35.95,Bakery,925,9,19,1
2886,404,2024-09-01,1900-01-01 19:47:00,19,Chips,1,328.37,Snacks,466,9,19,1
2886,404,2024-09-01,1900-01-01 19:47:00,19,Salt,3,334.6,Grains & Staples,391,9,19,1
2887,489,2024-10-08,1900-01-01 12:01:00,12,Electric Kettle,1,459.92,Electronics,465,10,12,8
2887,489,2024-10-08,1900-01-01 12:01:00,12,Saree,1,194.06,Clothing,862,10,12,8
2887,489,2024-10-08,1900-01-01 12:01:00,12,Vitamins,1,136.7,Health & Wellness,601,10,12,8
2887,489,2024-10-08,1900-01-01 12:01:00,12,Toilet Paper,3,225.12,Household,697,10,12,8
2888,444,2024-12-05,1900-01-01 17:49:00,17,Cheese,2,322.85,Dairy & Eggs,260,12,17,5
2888,444,2024-12-05,1900-01-01 17:49:00,17,Milk,2,414.21,Dairy & Eggs,790,12,17,5
2888,444,2024-12-05,1900-01-01 17:49:00,17,Prawns,3,348.76,Meat & Seafood,892,12,17,5
2888,444,2024-12-05,1900-01-01 17:49:00,17,Notebook,2,290.57,Stationery,427,12,17,5
2888,444,2024-12-05,1900-01-01 17:49:00,17,Face Wash,2,200.66,Personal Care,817,12,17,5
2889,213,2024-10-16,1900-01-01 17:23:00,17,Chips,2,172.43,Snacks,290,10,17,16
2889,213,2024-10-16,1900-01-01 17:23:00,17,Biscuits,1,140.88,Snacks,574,10,17,16
2889,213,2024-10-16,1900-01-01 17:23:00,17,Mixer Grinder,3,189.67,Electronics,969,10,17,16
2889,213,2024-10-16,1900-01-01 17:23:00,17,Electric Kettle,1,338.38,Electronics,329,10,17,16
2889,213,2024-10-16,1900-01-01 17:23:00,17,Popcorn,1,298.96,Snacks,626,10,17,16
2889,213,2024-10-16,1900-01-01 17:23:00,17,Energy Drink,1,257.64,Beverages,652,10,17,16
2889,213,2024-10-16,1900-01-01 17:23:00,17,Earphones,3,402.04,Electronics,458,10,17,16
2890,84,2024-08-26,1900-01-01 09:43:00,9,Spices,2,433.0,Grains & Staples,439,8,9,26
2890,84,2024-08-26,1900-01-01 09:43:00,9,Dishwashing Liquid,1,49.06,Household,286,8,9,26
2890,84,2024-08-26,1900-01-01 09:43:00,9,Dress,1,56.48,Clothing,309,8,9,26
2890,84,2024-08-26,1900-01-01 09:43:00,9,Face Wash,2,144.9,Personal Care,118,8,9,26
2890,84,2024-08-26,1900-01-01 09:43:00,9,Pastry,3,389.04,Bakery,332,8,9,26
2891,149,2024-04-03,1900-01-01 22:22:00,22,Butter,2,79.42,Dairy & Eggs,246,4,22,3
2891,149,2024-04-03,1900-01-01 22:22:00,22,Fiction Book,3,70.37,Books,400,4,22,3
2891,149,2024-04-03,1900-01-01 22:22:00,22,Croissant,1,349.17,Bakery,544,4,22,3
2891,149,2024-04-03,1900-01-01 22:22:00,22,Tomato,1,16.89,Fruits & Vegetables,735,4,22,3
2891,149,2024-04-03,1900-01-01 22:22:00,22,Pasta,2,292.63,Grains & Staples,628,4,22,3
2892,193,2024-12-06,1900-01-01 19:47:00,19,Butter,1,374.06,Dairy & Eggs,382,12,19,6
2892,193,2024-12-06,1900-01-01 19:47:00,19,Shoes,3,48.31,Footwear,514,12,19,6
2892,193,2024-12-06,1900-01-01 19:47:00,19,Onion,3,219.55,Fruits & Vegetables,918,12,19,6
2893,423,2024-04-25,1900-01-01 08:17:00,8,Spinach,3,74.68,Fruits & Vegetables,611,4,8,25
2893,423,2024-04-25,1900-01-01 08:17:00,8,Tomato,3,385.91,Fruits & Vegetables,777,4,8,25
2893,423,2024-04-25,1900-01-01 08:17:00,8,Rice,2,226.43,Grains & Staples,901,4,8,25
2894,52,2024-01-29,1900-01-01 22:41:00,22,Chips,1,495.58,Snacks,474,1,22,29
2894,52,2024-01-29,1900-01-01 22:41:00,22,Mixer Grinder,1,375.88,Electronics,264,1,22,29
2894,52,2024-01-29,1900-01-01 22:41:00,22,Charger,1,161.79,Electronics,361,1,22,29
2894,52,2024-01-29,1900-01-01 22:41:00,22,Banana,1,380.08,Fruits & Vegetables,736,1,22,29
2895,17,2024-02-09,1900-01-01 20:32:00,20,Butter,3,322.36,Dairy & Eggs,186,2,20,9
2895,17,2024-02-09,1900-01-01 20:32:00,20,Apple,1,460.19,Fruits & Vegetables,552,2,20,9
2895,17,2024-02-09,1900-01-01 20:32:00,20,Electric Kettle,3,437.25,Electronics,316,2,20,9
2896,109,2024-06-16,1900-01-01 18:46:00,18,Juice,1,190.07,Beverages,759,6,18,16
2896,109,2024-06-16,1900-01-01 18:46:00,18,Tissue,2,274.39,Household,411,6,18,16
2896,109,2024-06-16,1900-01-01 18:46:00,18,Butter,3,298.96,Dairy & Eggs,524,6,18,16
2897,210,2024-08-25,1900-01-01 15:38:00,15,Prawns,3,80.5,Meat & Seafood,752,8,15,25
2897,210,2024-08-25,1900-01-01 15:38:00,15,Bread,1,87.43,Bakery,637,8,15,25
2897,210,2024-08-25,1900-01-01 15:38:00,15,Coffee,1,470.35,Beverages,101,8,15,25
2897,210,2024-08-25,1900-01-01 15:38:00,15,Face Wash,3,169.55,Personal Care,743,8,15,25
2897,210,2024-08-25,1900-01-01 15:38:00,15,Lentils,3,490.32,Grains & Staples,755,8,15,25
2898,147,2024-06-26,1900-01-01 21:30:00,21,Pastry,1,372.52,Bakery,635,6,21,26
2898,147,2024-06-26,1900-01-01 21:30:00,21,Cake,1,219.96,Bakery,794,6,21,26
2898,147,2024-06-26,1900-01-01 21:30:00,21,Yogurt,3,134.3,Dairy & Eggs,316,6,21,26
2898,147,2024-06-26,1900-01-01 21:30:00,21,Jeans,2,61.42,Clothing,229,6,21,26
2898,147,2024-06-26,1900-01-01 21:30:00,21,Apple,2,183.38,Fruits & Vegetables,874,6,21,26
2898,147,2024-06-26,1900-01-01 21:30:00,21,Shoes,2,126.77,Footwear,187,6,21,26
2899,216,2024-09-04,1900-01-01 20:37:00,20,Tea,3,314.41,Beverages,255,9,20,4
2899,216,2024-09-04,1900-01-01 20:37:00,20,Shirt,2,159.49,Clothing,619,9,20,4
2899,216,2024-09-04,1900-01-01 20:37:00,20,Pasta,3,22.5,Grains & Staples,681,9,20,4
2899,216,2024-09-04,1900-01-01 20:37:00,20,Croissant,3,304.34,Bakery,527,9,20,4
2899,216,2024-09-04,1900-01-01 20:37:00,20,Sugar,3,307.76,Grains & Staples,761,9,20,4
2899,216,2024-09-04,1900-01-01 20:37:00,20,Educational Book,1,438.82,Books,117,9,20,4
2899,216,2024-09-04,1900-01-01 20:37:00,20,Cheese,2,355.18,Dairy & Eggs,362,9,20,4
2900,495,2024-11-25,1900-01-01 13:53:00,13,Spices,1,336.21,Grains & Staples,293,11,13,25
2900,495,2024-11-25,1900-01-01 13:53:00,13,Tomato,1,353.89,Fruits & Vegetables,564,11,13,25
2900,495,2024-11-25,1900-01-01 13:53:00,13,Potato,3,312.42,Fruits & Vegetables,392,11,13,25
2900,495,2024-11-25,1900-01-01 13:53:00,13,Toilet Paper,2,34.01,Household,776,11,13,25
2900,495,2024-11-25,1900-01-01 13:53:00,13,Juice,2,276.76,Beverages,992,11,13,25
2900,495,2024-11-25,1900-01-01 13:53:00,13,Diapers,3,245.39,Baby Care,646,11,13,25
2900,495,2024-11-25,1900-01-01 13:53:00,13,Chocolate,1,45.26,Snacks,649,11,13,25
2901,380,2024-11-11,1900-01-01 09:12:00,9,Cookies,3,186.34,Bakery,819,11,9,11
2901,380,2024-11-11,1900-01-01 09:12:00,9,Face Wash,2,326.74,Personal Care,715,11,9,11
2901,380,2024-11-11,1900-01-01 09:12:00,9,Pastry,3,486.34,Bakery,143,11,9,11
2901,380,2024-11-11,1900-01-01 09:12:00,9,Coffee,2,469.18,Beverages,221,11,9,11
2902,161,2024-07-08,1900-01-01 11:26:00,11,Toilet Paper,1,307.13,Household,930,7,11,8
2902,161,2024-07-08,1900-01-01 11:26:00,11,Bread,1,418.73,Bakery,195,7,11,8
2902,161,2024-07-08,1900-01-01 11:26:00,11,Juice,1,471.9,Beverages,692,7,11,8
2902,161,2024-07-08,1900-01-01 11:26:00,11,Floor Cleaner,2,372.86,Household,422,7,11,8
2903,427,2024-02-13,1900-01-01 10:45:00,10,Toothpaste,2,156.0,Personal Care,828,2,10,13
2903,427,2024-02-13,1900-01-01 10:45:00,10,Floor Cleaner,2,483.99,Household,825,2,10,13
2903,427,2024-02-13,1900-01-01 10:45:00,10,Pain Reliever,3,239.38,Health & Wellness,171,2,10,13
2903,427,2024-02-13,1900-01-01 10:45:00,10,Chocolate,1,223.91,Snacks,904,2,10,13
2904,142,2024-11-08,1900-01-01 06:15:00,6,Spices,2,62.58,Grains & Staples,524,11,6,8
2904,142,2024-11-08,1900-01-01 06:15:00,6,Dishwashing Liquid,3,185.97,Household,133,11,6,8
2904,142,2024-11-08,1900-01-01 06:15:00,6,Juice,2,453.53,Beverages,755,11,6,8
2904,142,2024-11-08,1900-01-01 06:15:00,6,Cake,1,269.78,Bakery,217,11,6,8
2904,142,2024-11-08,1900-01-01 06:15:00,6,Earphones,2,275.98,Electronics,771,11,6,8
2905,500,2024-10-06,1900-01-01 09:45:00,9,Sugar,1,81.38,Grains & Staples,757,10,9,6
2905,500,2024-10-06,1900-01-01 09:45:00,9,Shirt,2,30.04,Clothing,752,10,9,6
2905,500,2024-10-06,1900-01-01 09:45:00,9,Soap,3,308.55,Personal Care,412,10,9,6
2905,500,2024-10-06,1900-01-01 09:45:00,9,Soap,3,496.9,Personal Care,170,10,9,6
2906,394,2024-04-23,1900-01-01 11:41:00,11,Chips,3,292.46,Snacks,643,4,11,23
2906,394,2024-04-23,1900-01-01 11:41:00,11,Floor Cleaner,2,304.71,Household,993,4,11,23
2906,394,2024-04-23,1900-01-01 11:41:00,11,Cheese,3,167.09,Dairy & Eggs,766,4,11,23
2907,292,2024-05-31,1900-01-01 20:40:00,20,Detergent,3,24.78,Household,179,5,20,31
2907,292,2024-05-31,1900-01-01 20:40:00,20,Wheat Flour,2,180.93,Grains & Staples,437,5,20,31
2907,292,2024-05-31,1900-01-01 20:40:00,20,Salt,3,330.7,Grains & Staples,480,5,20,31
2908,335,2024-12-16,1900-01-01 10:49:00,10,Sugar,2,155.08,Grains & Staples,350,12,10,16
2908,335,2024-12-16,1900-01-01 10:49:00,10,Butter,3,475.74,Dairy & Eggs,485,12,10,16
2908,335,2024-12-16,1900-01-01 10:49:00,10,Pastry,1,369.91,Bakery,968,12,10,16
2909,349,2024-03-09,1900-01-01 22:01:00,22,Potato,1,110.14,Fruits & Vegetables,834,3,22,9
2909,349,2024-03-09,1900-01-01 22:01:00,22,Shampoo,2,442.26,Personal Care,248,3,22,9
2909,349,2024-03-09,1900-01-01 22:01:00,22,Earphones,3,355.78,Electronics,861,3,22,9
2909,349,2024-03-09,1900-01-01 22:01:00,22,Potato,3,485.35,Fruits & Vegetables,590,3,22,9
2909,349,2024-03-09,1900-01-01 22:01:00,22,Eggs,2,377.84,Dairy & Eggs,675,3,22,9
2909,349,2024-03-09,1900-01-01 22:01:00,22,Baby Food,1,120.38,Baby Care,843,3,22,9
2909,349,2024-03-09,1900-01-01 22:01:00,22,Saree,1,113.21,Clothing,457,3,22,9
2910,315,2024-03-17,1900-01-01 08:33:00,8,Eggs,3,90.47,Dairy & Eggs,606,3,8,17
2910,315,2024-03-17,1900-01-01 08:33:00,8,Banana,2,497.45,Fruits & Vegetables,679,3,8,17
2910,315,2024-03-17,1900-01-01 08:33:00,8,Eggs,3,122.63,Dairy & Eggs,363,3,8,17
2910,315,2024-03-17,1900-01-01 08:33:00,8,Pastry,2,417.83,Bakery,882,3,8,17
2910,315,2024-03-17,1900-01-01 08:33:00,8,Cooking Oil,2,178.15,Grains & Staples,956,3,8,17
2910,315,2024-03-17,1900-01-01 08:33:00,8,Apple,2,213.97,Fruits & Vegetables,715,3,8,17
2910,315,2024-03-17,1900-01-01 08:33:00,8,Pain Reliever,2,122.86,Health & Wellness,810,3,8,17
2911,181,2024-10-04,1900-01-01 17:22:00,17,Notebook,3,267.43,Stationery,985,10,17,4
2911,181,2024-10-04,1900-01-01 17:22:00,17,Chips,1,90.29,Snacks,156,10,17,4
2911,181,2024-10-04,1900-01-01 17:22:00,17,Popcorn,1,447.28,Snacks,609,10,17,4
2911,181,2024-10-04,1900-01-01 17:22:00,17,Belt,3,90.35,Clothing Accessories,591,10,17,4
2911,181,2024-10-04,1900-01-01 17:22:00,17,Notebook,3,269.9,Stationery,554,10,17,4
2911,181,2024-10-04,1900-01-01 17:22:00,17,Eggs,2,135.59,Dairy & Eggs,803,10,17,4
2911,181,2024-10-04,1900-01-01 17:22:00,17,Soap,1,263.91,Personal Care,874,10,17,4
2912,234,2024-03-26,1900-01-01 13:47:00,13,Prawns,3,281.69,Meat & Seafood,703,3,13,26
2912,234,2024-03-26,1900-01-01 13:47:00,13,Chips,1,479.49,Snacks,857,3,13,26
2912,234,2024-03-26,1900-01-01 13:47:00,13,Cooking Oil,1,414.8,Grains & Staples,277,3,13,26
2913,422,2024-04-13,1900-01-01 14:05:00,14,Chicken Breast,3,497.32,Meat & Seafood,695,4,14,13
2913,422,2024-04-13,1900-01-01 14:05:00,14,Fish,3,18.84,Meat & Seafood,333,4,14,13
2913,422,2024-04-13,1900-01-01 14:05:00,14,Eggs,2,71.99,Dairy & Eggs,833,4,14,13
2913,422,2024-04-13,1900-01-01 14:05:00,14,Spinach,3,432.35,Fruits & Vegetables,251,4,14,13
2913,422,2024-04-13,1900-01-01 14:05:00,14,Dress,3,289.11,Clothing,620,4,14,13
2913,422,2024-04-13,1900-01-01 14:05:00,14,Dishwashing Liquid,2,281.18,Household,797,4,14,13
2913,422,2024-04-13,1900-01-01 14:05:00,14,Cake,2,238.82,Bakery,827,4,14,13
2914,110,2024-01-10,1900-01-01 19:17:00,19,Electric Kettle,3,378.64,Electronics,805,1,19,10
2914,110,2024-01-10,1900-01-01 19:17:00,19,Chocolate,2,454.56,Snacks,719,1,19,10
2914,110,2024-01-10,1900-01-01 19:17:00,19,Milk,3,144.03,Dairy & Eggs,145,1,19,10
2914,110,2024-01-10,1900-01-01 19:17:00,19,Soda,1,456.62,Beverages,125,1,19,10
2914,110,2024-01-10,1900-01-01 19:17:00,19,Baby Food,1,391.46,Baby Care,396,1,19,10
2915,391,2024-05-28,1900-01-01 07:31:00,7,Face Wash,1,134.88,Personal Care,388,5,7,28
2915,391,2024-05-28,1900-01-01 07:31:00,7,Butter,2,243.42,Dairy & Eggs,430,5,7,28
2915,391,2024-05-28,1900-01-01 07:31:00,7,Bread,2,290.2,Bakery,860,5,7,28
2916,397,2024-07-11,1900-01-01 18:31:00,18,Pasta,3,228.83,Grains & Staples,707,7,18,11
2916,397,2024-07-11,1900-01-01 18:31:00,18,Pen,2,75.58,Stationery,421,7,18,11
2916,397,2024-07-11,1900-01-01 18:31:00,18,Electric Kettle,3,247.06,Electronics,758,7,18,11
2916,397,2024-07-11,1900-01-01 18:31:00,18,Salt,3,446.38,Grains & Staples,399,7,18,11
2916,397,2024-07-11,1900-01-01 18:31:00,18,Orange,2,498.91,Fruits & Vegetables,709,7,18,11
2917,480,2024-08-08,1900-01-01 10:31:00,10,Detergent,1,436.72,Household,368,8,10,8
2917,480,2024-08-08,1900-01-01 10:31:00,10,Earphones,2,251.72,Electronics,910,8,10,8
2917,480,2024-08-08,1900-01-01 10:31:00,10,Chips,2,188.9,Snacks,601,8,10,8
2918,324,2024-11-21,1900-01-01 14:17:00,14,Apple,1,437.85,Fruits & Vegetables,684,11,14,21
2918,324,2024-11-21,1900-01-01 14:17:00,14,Carrot,1,432.06,Fruits & Vegetables,386,11,14,21
2918,324,2024-11-21,1900-01-01 14:17:00,14,Pain Reliever,1,382.56,Health & Wellness,192,11,14,21
2918,324,2024-11-21,1900-01-01 14:17:00,14,Pain Reliever,2,164.93,Health & Wellness,993,11,14,21
2919,374,2024-09-03,1900-01-01 12:40:00,12,Soda,3,39.42,Beverages,905,9,12,3
2919,374,2024-09-03,1900-01-01 12:40:00,12,Chips,2,456.67,Snacks,986,9,12,3
2919,374,2024-09-03,1900-01-01 12:40:00,12,Cake,3,360.71,Bakery,408,9,12,3
2919,374,2024-09-03,1900-01-01 12:40:00,12,Cheese,3,461.24,Dairy & Eggs,238,9,12,3
2920,78,2024-04-27,1900-01-01 07:36:00,7,Energy Drink,3,66.29,Beverages,224,4,7,27
2920,78,2024-04-27,1900-01-01 07:36:00,7,Salt,2,19.89,Grains & Staples,255,4,7,27
2920,78,2024-04-27,1900-01-01 07:36:00,7,Shampoo,1,83.55,Personal Care,423,4,7,27
2920,78,2024-04-27,1900-01-01 07:36:00,7,Sugar,3,112.97,Grains & Staples,749,4,7,27
2920,78,2024-04-27,1900-01-01 07:36:00,7,Dress,2,465.31,Clothing,695,4,7,27
2921,274,2024-05-30,1900-01-01 14:30:00,14,Salt,3,403.94,Grains & Staples,965,5,14,30
2921,274,2024-05-30,1900-01-01 14:30:00,14,Spices,2,265.1,Grains & Staples,255,5,14,30
2921,274,2024-05-30,1900-01-01 14:30:00,14,Face Wash,2,41.61,Personal Care,788,5,14,30
2921,274,2024-05-30,1900-01-01 14:30:00,14,Face Wash,3,56.86,Personal Care,665,5,14,30
2922,5,2024-03-06,1900-01-01 22:47:00,22,Tissue,2,306.88,Household,309,3,22,6
2922,5,2024-03-06,1900-01-01 22:47:00,22,Diapers,3,150.68,Baby Care,458,3,22,6
2922,5,2024-03-06,1900-01-01 22:47:00,22,Chocolate,1,422.56,Snacks,518,3,22,6
2922,5,2024-03-06,1900-01-01 22:47:00,22,Juice,1,264.27,Beverages,637,3,22,6
2923,103,2024-10-13,1900-01-01 18:40:00,18,Spices,1,41.73,Grains & Staples,474,10,18,13
2923,103,2024-10-13,1900-01-01 18:40:00,18,Jeans,1,420.23,Clothing,996,10,18,13
2923,103,2024-10-13,1900-01-01 18:40:00,18,Shirt,1,368.35,Clothing,908,10,18,13
2923,103,2024-10-13,1900-01-01 18:40:00,18,Rice,3,277.75,Grains & Staples,238,10,18,13
2924,155,2024-12-14,1900-01-01 07:07:00,7,Lentils,1,134.04,Grains & Staples,584,12,7,14
2924,155,2024-12-14,1900-01-01 07:07:00,7,Orange,3,96.23,Fruits & Vegetables,497,12,7,14
2924,155,2024-12-14,1900-01-01 07:07:00,7,Shoes,2,122.32,Footwear,349,12,7,14
2924,155,2024-12-14,1900-01-01 07:07:00,7,Pain Reliever,3,475.12,Health & Wellness,131,12,7,14
2925,351,2024-04-23,1900-01-01 16:44:00,16,Energy Drink,3,485.34,Beverages,918,4,16,23
2925,351,2024-04-23,1900-01-01 16:44:00,16,Fish,2,320.34,Meat & Seafood,168,4,16,23
2925,351,2024-04-23,1900-01-01 16:44:00,16,Educational Book,2,325.27,Books,523,4,16,23
2925,351,2024-04-23,1900-01-01 16:44:00,16,Floor Cleaner,3,342.41,Household,746,4,16,23
2925,351,2024-04-23,1900-01-01 16:44:00,16,Pain Reliever,2,10.84,Health & Wellness,866,4,16,23
2925,351,2024-04-23,1900-01-01 16:44:00,16,Potato,1,460.62,Fruits & Vegetables,283,4,16,23
2925,351,2024-04-23,1900-01-01 16:44:00,16,Fish,1,252.86,Meat & Seafood,106,4,16,23
2926,224,2024-12-08,1900-01-01 19:20:00,19,Milk,2,239.79,Dairy & Eggs,719,12,19,8
2926,224,2024-12-08,1900-01-01 19:20:00,19,Phone Cover,2,151.8,Electronics,348,12,19,8
2926,224,2024-12-08,1900-01-01 19:20:00,19,Belt,2,365.95,Clothing Accessories,230,12,19,8
2926,224,2024-12-08,1900-01-01 19:20:00,19,Cooking Oil,2,76.95,Grains & Staples,976,12,19,8
2927,413,2024-08-13,1900-01-01 11:22:00,11,Charger,2,391.82,Electronics,570,8,11,13
2927,413,2024-08-13,1900-01-01 11:22:00,11,Dishwashing Liquid,1,397.83,Household,471,8,11,13
2927,413,2024-08-13,1900-01-01 11:22:00,11,Shoes,2,59.75,Footwear,737,8,11,13
2927,413,2024-08-13,1900-01-01 11:22:00,11,Vitamins,3,125.11,Health & Wellness,809,8,11,13
2928,176,2024-01-20,1900-01-01 09:17:00,9,Detergent,1,317.37,Household,269,1,9,20
2928,176,2024-01-20,1900-01-01 09:17:00,9,Apple,3,286.59,Fruits & Vegetables,897,1,9,20
2928,176,2024-01-20,1900-01-01 09:17:00,9,Pastry,1,53.49,Bakery,618,1,9,20
2928,176,2024-01-20,1900-01-01 09:17:00,9,Floor Cleaner,3,27.74,Household,570,1,9,20
2928,176,2024-01-20,1900-01-01 09:17:00,9,Shampoo,1,163.34,Personal Care,629,1,9,20
2928,176,2024-01-20,1900-01-01 09:17:00,9,Face Wash,3,409.9,Personal Care,491,1,9,20
2928,176,2024-01-20,1900-01-01 09:17:00,9,Tissue,1,33.66,Household,435,1,9,20
2929,11,2024-12-13,1900-01-01 19:18:00,19,Vitamins,2,305.23,Health & Wellness,183,12,19,13
2929,11,2024-12-13,1900-01-01 19:18:00,19,Milk,1,367.12,Dairy & Eggs,962,12,19,13
2929,11,2024-12-13,1900-01-01 19:18:00,19,Marker,3,337.97,Stationery,855,12,19,13
2929,11,2024-12-13,1900-01-01 19:18:00,19,Phone Cover,2,394.66,Electronics,417,12,19,13
2929,11,2024-12-13,1900-01-01 19:18:00,19,Toothpaste,3,143.92,Personal Care,302,12,19,13
2929,11,2024-12-13,1900-01-01 19:18:00,19,Cooking Oil,3,490.31,Grains & Staples,866,12,19,13
2930,495,2024-02-21,1900-01-01 10:35:00,10,Bread,1,19.77,Bakery,502,2,10,21
2930,495,2024-02-21,1900-01-01 10:35:00,10,Potato,1,391.24,Fruits & Vegetables,477,2,10,21
2930,495,2024-02-21,1900-01-01 10:35:00,10,Coffee,2,191.29,Beverages,520,2,10,21
2930,495,2024-02-21,1900-01-01 10:35:00,10,Beef,3,375.46,Meat & Seafood,918,2,10,21
2930,495,2024-02-21,1900-01-01 10:35:00,10,Earphones,2,307.99,Electronics,421,2,10,21
2930,495,2024-02-21,1900-01-01 10:35:00,10,Energy Drink,3,52.32,Beverages,812,2,10,21
2931,298,2024-10-15,1900-01-01 22:28:00,22,Juice,2,295.78,Beverages,331,10,22,15
2931,298,2024-10-15,1900-01-01 22:28:00,22,Electric Kettle,1,357.69,Electronics,127,10,22,15
2931,298,2024-10-15,1900-01-01 22:28:00,22,Soda,2,101.33,Beverages,438,10,22,15
2931,298,2024-10-15,1900-01-01 22:28:00,22,Floor Cleaner,1,179.53,Household,290,10,22,15
2931,298,2024-10-15,1900-01-01 22:28:00,22,Soda,3,194.56,Beverages,529,10,22,15
2931,298,2024-10-15,1900-01-01 22:28:00,22,Orange,1,458.83,Fruits & Vegetables,604,10,22,15
2931,298,2024-10-15,1900-01-01 22:28:00,22,Educational Book,2,52.18,Books,863,10,22,15
2932,2,2024-11-26,1900-01-01 20:10:00,20,Tomato,2,346.15,Fruits & Vegetables,564,11,20,26
2932,2,2024-11-26,1900-01-01 20:10:00,20,Pasta,3,57.54,Grains & Staples,916,11,20,26
2932,2,2024-11-26,1900-01-01 20:10:00,20,Floor Cleaner,1,45.3,Household,802,11,20,26
2932,2,2024-11-26,1900-01-01 20:10:00,20,Notebook,2,28.92,Stationery,597,11,20,26
2932,2,2024-11-26,1900-01-01 20:10:00,20,Orange,1,207.4,Fruits & Vegetables,215,11,20,26
2932,2,2024-11-26,1900-01-01 20:10:00,20,Beef,1,284.07,Meat & Seafood,967,11,20,26
2933,16,2024-04-15,1900-01-01 22:47:00,22,Tomato,3,83.63,Fruits & Vegetables,185,4,22,15
2933,16,2024-04-15,1900-01-01 22:47:00,22,Soda,2,318.91,Beverages,267,4,22,15
2933,16,2024-04-15,1900-01-01 22:47:00,22,Energy Drink,1,30.39,Beverages,392,4,22,15
2933,16,2024-04-15,1900-01-01 22:47:00,22,Chips,3,216.64,Snacks,648,4,22,15
2933,16,2024-04-15,1900-01-01 22:47:00,22,Mixer Grinder,1,141.69,Electronics,476,4,22,15
2933,16,2024-04-15,1900-01-01 22:47:00,22,Apple,1,232.73,Fruits & Vegetables,940,4,22,15
2933,16,2024-04-15,1900-01-01 22:47:00,22,Vitamins,1,413.74,Health & Wellness,423,4,22,15
2934,414,2024-03-21,1900-01-01 19:07:00,19,Chicken Breast,2,78.47,Meat & Seafood,947,3,19,21
2934,414,2024-03-21,1900-01-01 19:07:00,19,Dress,2,126.62,Clothing,484,3,19,21
2934,414,2024-03-21,1900-01-01 19:07:00,19,Baby Food,2,317.85,Baby Care,611,3,19,21
2934,414,2024-03-21,1900-01-01 19:07:00,19,Biscuits,1,172.07,Snacks,273,3,19,21
2934,414,2024-03-21,1900-01-01 19:07:00,19,Cheese,3,380.01,Dairy & Eggs,226,3,19,21
2934,414,2024-03-21,1900-01-01 19:07:00,19,Tea,3,271.33,Beverages,827,3,19,21
2935,35,2024-01-27,1900-01-01 15:51:00,15,Milk,3,142.89,Dairy & Eggs,707,1,15,27
2935,35,2024-01-27,1900-01-01 15:51:00,15,Chocolate,2,138.99,Snacks,604,1,15,27
2935,35,2024-01-27,1900-01-01 15:51:00,15,Jeans,2,103.72,Clothing,737,1,15,27
2935,35,2024-01-27,1900-01-01 15:51:00,15,Shampoo,2,256.02,Personal Care,924,1,15,27
2936,379,2024-05-03,1900-01-01 16:02:00,16,Marker,2,478.29,Stationery,768,5,16,3
2936,379,2024-05-03,1900-01-01 16:02:00,16,Spices,2,66.81,Grains & Staples,779,5,16,3
2936,379,2024-05-03,1900-01-01 16:02:00,16,Potato,1,72.54,Fruits & Vegetables,304,5,16,3
2936,379,2024-05-03,1900-01-01 16:02:00,16,Orange,2,194.38,Fruits & Vegetables,140,5,16,3
2937,301,2024-03-30,1900-01-01 18:15:00,18,Biscuits,3,210.76,Snacks,521,3,18,30
2937,301,2024-03-30,1900-01-01 18:15:00,18,Banana,2,288.08,Fruits & Vegetables,733,3,18,30
2937,301,2024-03-30,1900-01-01 18:15:00,18,Belt,1,431.63,Clothing Accessories,593,3,18,30
2937,301,2024-03-30,1900-01-01 18:15:00,18,Floor Cleaner,2,263.78,Household,329,3,18,30
2937,301,2024-03-30,1900-01-01 18:15:00,18,Charger,1,237.06,Electronics,346,3,18,30
2938,190,2024-04-24,1900-01-01 07:11:00,7,Energy Drink,1,415.59,Beverages,759,4,7,24
2938,190,2024-04-24,1900-01-01 07:11:00,7,Lentils,1,79.3,Grains & Staples,887,4,7,24
2938,190,2024-04-24,1900-01-01 07:11:00,7,Butter,2,77.3,Dairy & Eggs,495,4,7,24
2938,190,2024-04-24,1900-01-01 07:11:00,7,Sugar,3,299.7,Grains & Staples,848,4,7,24
2938,190,2024-04-24,1900-01-01 07:11:00,7,Educational Book,3,427.73,Books,411,4,7,24
2938,190,2024-04-24,1900-01-01 07:11:00,7,Orange,2,459.37,Fruits & Vegetables,322,4,7,24
2938,190,2024-04-24,1900-01-01 07:11:00,7,Face Wash,3,82.73,Personal Care,562,4,7,24
2939,150,2024-09-14,1900-01-01 09:10:00,9,Banana,3,100.69,Fruits & Vegetables,316,9,9,14
2939,150,2024-09-14,1900-01-01 09:10:00,9,Salt,1,484.48,Grains & Staples,683,9,9,14
2939,150,2024-09-14,1900-01-01 09:10:00,9,Bread,3,349.08,Bakery,212,9,9,14
2939,150,2024-09-14,1900-01-01 09:10:00,9,Salt,3,439.4,Grains & Staples,782,9,9,14
2939,150,2024-09-14,1900-01-01 09:10:00,9,Vitamins,3,258.98,Health & Wellness,729,9,9,14
2940,48,2024-11-26,1900-01-01 11:57:00,11,Eggs,2,194.18,Dairy & Eggs,269,11,11,26
2940,48,2024-11-26,1900-01-01 11:57:00,11,Tomato,1,223.47,Fruits & Vegetables,739,11,11,26
2940,48,2024-11-26,1900-01-01 11:57:00,11,Saree,1,108.69,Clothing,199,11,11,26
2941,221,2024-07-07,1900-01-01 20:46:00,20,Tomato,2,376.83,Fruits & Vegetables,265,7,20,7
2941,221,2024-07-07,1900-01-01 20:46:00,20,Tea,3,25.65,Beverages,547,7,20,7
2941,221,2024-07-07,1900-01-01 20:46:00,20,Electric Kettle,3,482.76,Electronics,746,7,20,7
2941,221,2024-07-07,1900-01-01 20:46:00,20,Energy Drink,2,374.55,Beverages,445,7,20,7
2941,221,2024-07-07,1900-01-01 20:46:00,20,Spices,2,356.5,Grains & Staples,482,7,20,7
2941,221,2024-07-07,1900-01-01 20:46:00,20,Biscuits,2,264.87,Snacks,858,7,20,7
2941,221,2024-07-07,1900-01-01 20:46:00,20,Pen,1,114.87,Stationery,413,7,20,7
2942,211,2024-02-13,1900-01-01 09:50:00,9,Juice,1,386.58,Beverages,225,2,9,13
2942,211,2024-02-13,1900-01-01 09:50:00,9,Vitamins,2,75.45,Health & Wellness,804,2,9,13
2942,211,2024-02-13,1900-01-01 09:50:00,9,Soda,1,451.78,Beverages,143,2,9,13
2942,211,2024-02-13,1900-01-01 09:50:00,9,Jeans,1,16.95,Clothing,393,2,9,13
2942,211,2024-02-13,1900-01-01 09:50:00,9,Wheat Flour,1,428.07,Grains & Staples,715,2,9,13
2942,211,2024-02-13,1900-01-01 09:50:00,9,Pasta,1,413.19,Grains & Staples,521,2,9,13
2943,322,2024-10-31,1900-01-01 14:29:00,14,Diapers,2,428.45,Baby Care,347,10,14,31
2943,322,2024-10-31,1900-01-01 14:29:00,14,Pen,3,265.46,Stationery,968,10,14,31
2943,322,2024-10-31,1900-01-01 14:29:00,14,Tissue,3,325.4,Household,217,10,14,31
2943,322,2024-10-31,1900-01-01 14:29:00,14,Potato,3,447.3,Fruits & Vegetables,517,10,14,31
2943,322,2024-10-31,1900-01-01 14:29:00,14,Popcorn,1,452.63,Snacks,461,10,14,31
2944,341,2024-05-12,1900-01-01 15:38:00,15,Milk,1,377.02,Dairy & Eggs,871,5,15,12
2944,341,2024-05-12,1900-01-01 15:38:00,15,Wheat Flour,1,77.35,Grains & Staples,259,5,15,12
2944,341,2024-05-12,1900-01-01 15:38:00,15,Toothpaste,3,290.63,Personal Care,445,5,15,12
2945,11,2024-01-31,1900-01-01 16:55:00,16,Chicken Breast,3,291.26,Meat & Seafood,739,1,16,31
2945,11,2024-01-31,1900-01-01 16:55:00,16,Butter,2,457.27,Dairy & Eggs,816,1,16,31
2945,11,2024-01-31,1900-01-01 16:55:00,16,Bread,1,355.06,Bakery,118,1,16,31
2946,482,2024-10-09,1900-01-01 12:26:00,12,Electric Kettle,2,128.12,Electronics,373,10,12,9
2946,482,2024-10-09,1900-01-01 12:26:00,12,Fiction Book,2,393.31,Books,394,10,12,9
2946,482,2024-10-09,1900-01-01 12:26:00,12,Energy Drink,1,70.38,Beverages,429,10,12,9
2946,482,2024-10-09,1900-01-01 12:26:00,12,Eggs,1,427.11,Dairy & Eggs,403,10,12,9
2946,482,2024-10-09,1900-01-01 12:26:00,12,Carrot,2,56.18,Fruits & Vegetables,171,10,12,9
2947,157,2024-07-10,1900-01-01 17:04:00,17,Coffee,2,392.46,Beverages,303,7,17,10
2947,157,2024-07-10,1900-01-01 17:04:00,17,Educational Book,1,80.2,Books,602,7,17,10
2947,157,2024-07-10,1900-01-01 17:04:00,17,Onion,3,454.94,Fruits & Vegetables,239,7,17,10
2947,157,2024-07-10,1900-01-01 17:04:00,17,Cake,2,316.76,Bakery,768,7,17,10
2947,157,2024-07-10,1900-01-01 17:04:00,17,Belt,2,416.51,Clothing Accessories,108,7,17,10
2947,157,2024-07-10,1900-01-01 17:04:00,17,Mixer Grinder,3,290.0,Electronics,125,7,17,10
2947,157,2024-07-10,1900-01-01 17:04:00,17,Coffee,2,29.1,Beverages,450,7,17,10
2948,247,2024-02-09,1900-01-01 06:39:00,6,Dress,1,372.42,Clothing,253,2,6,9
2948,247,2024-02-09,1900-01-01 06:39:00,6,Marker,2,301.23,Stationery,231,2,6,9
2948,247,2024-02-09,1900-01-01 06:39:00,6,Belt,3,389.65,Clothing Accessories,966,2,6,9
2948,247,2024-02-09,1900-01-01 06:39:00,6,Lentils,1,394.68,Grains & Staples,205,2,6,9
2948,247,2024-02-09,1900-01-01 06:39:00,6,Butter,1,282.55,Dairy & Eggs,756,2,6,9
2949,7,2024-08-26,1900-01-01 09:58:00,9,Spinach,1,380.71,Fruits & Vegetables,844,8,9,26
2949,7,2024-08-26,1900-01-01 09:58:00,9,Popcorn,1,323.92,Snacks,859,8,9,26
2949,7,2024-08-26,1900-01-01 09:58:00,9,Pain Reliever,3,127.4,Health & Wellness,497,8,9,26
2950,392,2024-04-14,1900-01-01 14:17:00,14,Fish,2,21.29,Meat & Seafood,931,4,14,14
2950,392,2024-04-14,1900-01-01 14:17:00,14,Pastry,1,416.72,Bakery,485,4,14,14
2950,392,2024-04-14,1900-01-01 14:17:00,14,Pasta,1,251.06,Grains & Staples,453,4,14,14
2950,392,2024-04-14,1900-01-01 14:17:00,14,Notebook,3,159.24,Stationery,313,4,14,14
2950,392,2024-04-14,1900-01-01 14:17:00,14,Jeans,2,175.43,Clothing,662,4,14,14
2950,392,2024-04-14,1900-01-01 14:17:00,14,Banana,2,62.47,Fruits & Vegetables,610,4,14,14
2950,392,2024-04-14,1900-01-01 14:17:00,14,Rice,1,338.35,Grains & Staples,605,4,14,14
2951,171,2024-11-08,1900-01-01 17:30:00,17,Onion,2,461.75,Fruits & Vegetables,329,11,17,8
2951,171,2024-11-08,1900-01-01 17:30:00,17,Biscuits,1,51.35,Snacks,325,11,17,8
2951,171,2024-11-08,1900-01-01 17:30:00,17,Phone Cover,2,307.18,Electronics,515,11,17,8
2951,171,2024-11-08,1900-01-01 17:30:00,17,Shirt,3,276.01,Clothing,353,11,17,8
2951,171,2024-11-08,1900-01-01 17:30:00,17,Cake,2,207.39,Bakery,529,11,17,8
2952,235,2024-10-10,1900-01-01 20:09:00,20,Shampoo,2,376.66,Personal Care,455,10,20,10
2952,235,2024-10-10,1900-01-01 20:09:00,20,Beef,2,256.84,Meat & Seafood,237,10,20,10
2952,235,2024-10-10,1900-01-01 20:09:00,20,Face Wash,2,224.12,Personal Care,881,10,20,10
2952,235,2024-10-10,1900-01-01 20:09:00,20,Potato,1,432.02,Fruits & Vegetables,329,10,20,10
2952,235,2024-10-10,1900-01-01 20:09:00,20,Marker,2,376.63,Stationery,687,10,20,10
2952,235,2024-10-10,1900-01-01 20:09:00,20,Energy Drink,2,321.14,Beverages,744,10,20,10
2952,235,2024-10-10,1900-01-01 20:09:00,20,Sugar,2,436.81,Grains & Staples,500,10,20,10
2953,374,2024-07-09,1900-01-01 11:51:00,11,Cake,2,105.87,Bakery,426,7,11,9
2953,374,2024-07-09,1900-01-01 11:51:00,11,Cookies,2,83.78,Bakery,637,7,11,9
2953,374,2024-07-09,1900-01-01 11:51:00,11,Shampoo,3,406.59,Personal Care,460,7,11,9
2953,374,2024-07-09,1900-01-01 11:51:00,11,Tea,2,195.79,Beverages,276,7,11,9
2953,374,2024-07-09,1900-01-01 11:51:00,11,Salt,1,317.29,Grains & Staples,414,7,11,9
2953,374,2024-07-09,1900-01-01 11:51:00,11,Baby Food,2,435.89,Baby Care,635,7,11,9
2953,374,2024-07-09,1900-01-01 11:51:00,11,Beef,3,257.13,Meat & Seafood,996,7,11,9
2954,430,2024-09-25,1900-01-01 06:10:00,6,Sugar,2,281.03,Grains & Staples,536,9,6,25
2954,430,2024-09-25,1900-01-01 06:10:00,6,Tissue,1,342.35,Household,625,9,6,25
2954,430,2024-09-25,1900-01-01 06:10:00,6,Energy Drink,3,392.83,Beverages,665,9,6,25
2954,430,2024-09-25,1900-01-01 06:10:00,6,Shoes,2,111.11,Footwear,727,9,6,25
2954,430,2024-09-25,1900-01-01 06:10:00,6,Butter,1,336.2,Dairy & Eggs,897,9,6,25
2954,430,2024-09-25,1900-01-01 06:10:00,6,Dress,2,345.43,Clothing,282,9,6,25
2955,215,2024-09-10,1900-01-01 18:03:00,18,Croissant,3,456.94,Bakery,670,9,18,10
2955,215,2024-09-10,1900-01-01 18:03:00,18,Cake,2,227.45,Bakery,436,9,18,10
2955,215,2024-09-10,1900-01-01 18:03:00,18,Shoes,3,41.36,Footwear,352,9,18,10
2955,215,2024-09-10,1900-01-01 18:03:00,18,Prawns,1,488.08,Meat & Seafood,928,9,18,10
2955,215,2024-09-10,1900-01-01 18:03:00,18,Croissant,2,370.19,Bakery,352,9,18,10
2956,12,2024-08-14,1900-01-01 08:28:00,8,Salt,1,18.85,Grains & Staples,632,8,8,14
2956,12,2024-08-14,1900-01-01 08:28:00,8,Soap,2,176.89,Personal Care,125,8,8,14
2956,12,2024-08-14,1900-01-01 08:28:00,8,Apple,1,104.04,Fruits & Vegetables,543,8,8,14
2957,53,2024-01-18,1900-01-01 19:51:00,19,Sugar,1,460.18,Grains & Staples,233,1,19,18
2957,53,2024-01-18,1900-01-01 19:51:00,19,Spices,1,191.43,Grains & Staples,115,1,19,18
2957,53,2024-01-18,1900-01-01 19:51:00,19,Shoes,2,378.9,Footwear,702,1,19,18
2957,53,2024-01-18,1900-01-01 19:51:00,19,Pain Reliever,2,138.53,Health & Wellness,169,1,19,18
2958,427,2024-08-06,1900-01-01 14:03:00,14,Energy Drink,1,272.65,Beverages,351,8,14,6
2958,427,2024-08-06,1900-01-01 14:03:00,14,Tissue,3,363.57,Household,117,8,14,6
2958,427,2024-08-06,1900-01-01 14:03:00,14,Energy Drink,1,143.91,Beverages,843,8,14,6
2958,427,2024-08-06,1900-01-01 14:03:00,14,Juice,2,132.25,Beverages,176,8,14,6
2958,427,2024-08-06,1900-01-01 14:03:00,14,Cake,3,417.99,Bakery,867,8,14,6
2958,427,2024-08-06,1900-01-01 14:03:00,14,Baby Food,1,18.49,Baby Care,887,8,14,6
2959,36,2024-08-27,1900-01-01 08:48:00,8,Jeans,1,453.07,Clothing,315,8,8,27
2959,36,2024-08-27,1900-01-01 08:48:00,8,Yogurt,2,159.65,Dairy & Eggs,302,8,8,27
2959,36,2024-08-27,1900-01-01 08:48:00,8,Juice,1,336.95,Beverages,671,8,8,27
2959,36,2024-08-27,1900-01-01 08:48:00,8,Shoes,1,42.43,Footwear,873,8,8,27
2959,36,2024-08-27,1900-01-01 08:48:00,8,Salt,2,243.63,Grains & Staples,487,8,8,27
2960,91,2024-11-03,1900-01-01 18:23:00,18,Spices,1,54.11,Grains & Staples,497,11,18,3
2960,91,2024-11-03,1900-01-01 18:23:00,18,Eggs,2,217.26,Dairy & Eggs,103,11,18,3
2960,91,2024-11-03,1900-01-01 18:23:00,18,Pasta,3,433.6,Grains & Staples,446,11,18,3
2960,91,2024-11-03,1900-01-01 18:23:00,18,Notebook,1,136.65,Stationery,707,11,18,3
2960,91,2024-11-03,1900-01-01 18:23:00,18,Shirt,1,85.14,Clothing,478,11,18,3
2961,171,2024-08-15,1900-01-01 11:53:00,11,Biscuits,2,424.69,Snacks,603,8,11,15
2961,171,2024-08-15,1900-01-01 11:53:00,11,Spices,2,102.53,Grains & Staples,168,8,11,15
2961,171,2024-08-15,1900-01-01 11:53:00,11,Yogurt,2,17.6,Dairy & Eggs,535,8,11,15
2961,171,2024-08-15,1900-01-01 11:53:00,11,Lentils,1,446.58,Grains & Staples,123,8,11,15
2961,171,2024-08-15,1900-01-01 11:53:00,11,Shoes,1,416.08,Footwear,920,8,11,15
2961,171,2024-08-15,1900-01-01 11:53:00,11,Popcorn,2,409.67,Snacks,233,8,11,15
2961,171,2024-08-15,1900-01-01 11:53:00,11,Cookies,1,54.84,Bakery,382,8,11,15
2962,453,2024-10-27,1900-01-01 09:11:00,9,Cooking Oil,3,86.44,Grains & Staples,706,10,9,27
2962,453,2024-10-27,1900-01-01 09:11:00,9,Phone Cover,2,424.97,Electronics,364,10,9,27
2962,453,2024-10-27,1900-01-01 09:11:00,9,Chips,1,215.98,Snacks,992,10,9,27
2962,453,2024-10-27,1900-01-01 09:11:00,9,Shampoo,3,244.38,Personal Care,673,10,9,27
2963,281,2024-10-08,1900-01-01 10:56:00,10,Toilet Paper,2,431.26,Household,320,10,10,8
2963,281,2024-10-08,1900-01-01 10:56:00,10,Potato,2,288.74,Fruits & Vegetables,128,10,10,8
2963,281,2024-10-08,1900-01-01 10:56:00,10,Sugar,3,226.19,Grains & Staples,110,10,10,8
2963,281,2024-10-08,1900-01-01 10:56:00,10,Saree,2,381.16,Clothing,322,10,10,8
2963,281,2024-10-08,1900-01-01 10:56:00,10,Baby Food,3,12.2,Baby Care,962,10,10,8
2963,281,2024-10-08,1900-01-01 10:56:00,10,Cake,2,25.58,Bakery,398,10,10,8
2964,174,2024-03-12,1900-01-01 17:12:00,17,Tomato,1,112.13,Fruits & Vegetables,544,3,17,12
2964,174,2024-03-12,1900-01-01 17:12:00,17,Onion,3,296.32,Fruits & Vegetables,104,3,17,12
2964,174,2024-03-12,1900-01-01 17:12:00,17,Shirt,3,177.99,Clothing,586,3,17,12
2964,174,2024-03-12,1900-01-01 17:12:00,17,Marker,3,107.97,Stationery,531,3,17,12
2964,174,2024-03-12,1900-01-01 17:12:00,17,Belt,2,40.41,Clothing Accessories,942,3,17,12
2964,174,2024-03-12,1900-01-01 17:12:00,17,Tea,3,321.27,Beverages,777,3,17,12
2964,174,2024-03-12,1900-01-01 17:12:00,17,Jeans,1,57.22,Clothing,966,3,17,12
2965,226,2024-01-23,1900-01-01 14:59:00,14,Onion,3,422.19,Fruits & Vegetables,355,1,14,23
2965,226,2024-01-23,1900-01-01 14:59:00,14,Butter,3,494.02,Dairy & Eggs,931,1,14,23
2965,226,2024-01-23,1900-01-01 14:59:00,14,Cooking Oil,1,90.65,Grains & Staples,877,1,14,23
2965,226,2024-01-23,1900-01-01 14:59:00,14,Pastry,3,287.36,Bakery,714,1,14,23
2965,226,2024-01-23,1900-01-01 14:59:00,14,Pen,1,464.79,Stationery,217,1,14,23
2966,277,2024-10-31,1900-01-01 16:30:00,16,Potato,3,33.66,Fruits & Vegetables,360,10,16,31
2966,277,2024-10-31,1900-01-01 16:30:00,16,Beef,3,302.99,Meat & Seafood,394,10,16,31
2966,277,2024-10-31,1900-01-01 16:30:00,16,Fish,1,406.54,Meat & Seafood,624,10,16,31
2966,277,2024-10-31,1900-01-01 16:30:00,16,Butter,1,161.64,Dairy & Eggs,337,10,16,31
2966,277,2024-10-31,1900-01-01 16:30:00,16,Energy Drink,1,11.09,Beverages,923,10,16,31
2966,277,2024-10-31,1900-01-01 16:30:00,16,Shoes,1,210.09,Footwear,955,10,16,31
2966,277,2024-10-31,1900-01-01 16:30:00,16,Soap,2,82.26,Personal Care,194,10,16,31
2967,287,2024-07-23,1900-01-01 13:13:00,13,Dress,1,97.53,Clothing,709,7,13,23
2967,287,2024-07-23,1900-01-01 13:13:00,13,Eggs,1,100.34,Dairy & Eggs,722,7,13,23
2967,287,2024-07-23,1900-01-01 13:13:00,13,Coffee,1,313.46,Beverages,695,7,13,23
2967,287,2024-07-23,1900-01-01 13:13:00,13,Face Wash,3,404.78,Personal Care,411,7,13,23
2967,287,2024-07-23,1900-01-01 13:13:00,13,Soap,1,157.82,Personal Care,665,7,13,23
2967,287,2024-07-23,1900-01-01 13:13:00,13,Yogurt,2,312.44,Dairy & Eggs,835,7,13,23
2968,341,2024-05-29,1900-01-01 15:02:00,15,Biscuits,1,395.79,Snacks,711,5,15,29
2968,341,2024-05-29,1900-01-01 15:02:00,15,Mixer Grinder,2,97.78,Electronics,945,5,15,29
2968,341,2024-05-29,1900-01-01 15:02:00,15,Potato,3,171.67,Fruits & Vegetables,639,5,15,29
2968,341,2024-05-29,1900-01-01 15:02:00,15,Biscuits,2,440.61,Snacks,586,5,15,29
2969,61,2024-06-29,1900-01-01 07:12:00,7,Floor Cleaner,2,472.92,Household,538,6,7,29
2969,61,2024-06-29,1900-01-01 07:12:00,7,Soda,3,216.57,Beverages,511,6,7,29
2969,61,2024-06-29,1900-01-01 07:12:00,7,Milk,2,471.9,Dairy & Eggs,483,6,7,29
2969,61,2024-06-29,1900-01-01 07:12:00,7,Apple,2,51.8,Fruits & Vegetables,532,6,7,29
2970,73,2024-01-16,1900-01-01 12:59:00,12,Toothpaste,1,296.89,Personal Care,558,1,12,16
2970,73,2024-01-16,1900-01-01 12:59:00,12,Beef,2,78.13,Meat & Seafood,905,1,12,16
2970,73,2024-01-16,1900-01-01 12:59:00,12,Face Wash,3,86.37,Personal Care,864,1,12,16
2970,73,2024-01-16,1900-01-01 12:59:00,12,Tea,2,196.34,Beverages,576,1,12,16
2970,73,2024-01-16,1900-01-01 12:59:00,12,Dress,3,118.91,Clothing,177,1,12,16
2970,73,2024-01-16,1900-01-01 12:59:00,12,Salt,1,317.55,Grains & Staples,977,1,12,16
2970,73,2024-01-16,1900-01-01 12:59:00,12,Mixer Grinder,3,340.17,Electronics,739,1,12,16
2971,289,2024-02-21,1900-01-01 17:16:00,17,Face Wash,2,18.39,Personal Care,991,2,17,21
2971,289,2024-02-21,1900-01-01 17:16:00,17,Chicken Breast,3,386.27,Meat & Seafood,183,2,17,21
2971,289,2024-02-21,1900-01-01 17:16:00,17,Toothpaste,1,246.38,Personal Care,375,2,17,21
2971,289,2024-02-21,1900-01-01 17:16:00,17,Beef,1,473.35,Meat & Seafood,386,2,17,21
2971,289,2024-02-21,1900-01-01 17:16:00,17,Shampoo,1,467.17,Personal Care,899,2,17,21
2971,289,2024-02-21,1900-01-01 17:16:00,17,Educational Book,1,429.32,Books,548,2,17,21
2972,103,2024-08-29,1900-01-01 10:03:00,10,Banana,1,433.27,Fruits & Vegetables,622,8,10,29
2972,103,2024-08-29,1900-01-01 10:03:00,10,Dishwashing Liquid,1,401.1,Household,836,8,10,29
2972,103,2024-08-29,1900-01-01 10:03:00,10,Tissue,3,493.76,Household,678,8,10,29
2972,103,2024-08-29,1900-01-01 10:03:00,10,Pastry,3,349.44,Bakery,475,8,10,29
2972,103,2024-08-29,1900-01-01 10:03:00,10,Apple,2,454.13,Fruits & Vegetables,486,8,10,29
2973,148,2024-11-28,1900-01-01 14:04:00,14,Butter,2,193.23,Dairy & Eggs,719,11,14,28
2973,148,2024-11-28,1900-01-01 14:04:00,14,Milk,3,245.44,Dairy & Eggs,592,11,14,28
2973,148,2024-11-28,1900-01-01 14:04:00,14,Detergent,2,341.79,Household,468,11,14,28
2974,303,2024-06-12,1900-01-01 08:16:00,8,Carrot,3,52.44,Fruits & Vegetables,535,6,8,12
2974,303,2024-06-12,1900-01-01 08:16:00,8,Tea,1,276.88,Beverages,536,6,8,12
2974,303,2024-06-12,1900-01-01 08:16:00,8,Butter,1,422.23,Dairy & Eggs,698,6,8,12
2974,303,2024-06-12,1900-01-01 08:16:00,8,Jeans,1,347.3,Clothing,673,6,8,12
2974,303,2024-06-12,1900-01-01 08:16:00,8,Detergent,2,364.0,Household,854,6,8,12
2974,303,2024-06-12,1900-01-01 08:16:00,8,Cheese,3,176.52,Dairy & Eggs,351,6,8,12
2974,303,2024-06-12,1900-01-01 08:16:00,8,Charger,1,24.51,Electronics,361,6,8,12
2975,225,2024-10-02,1900-01-01 13:20:00,13,Face Wash,2,35.36,Personal Care,876,10,13,2
2975,225,2024-10-02,1900-01-01 13:20:00,13,Carrot,3,300.2,Fruits & Vegetables,639,10,13,2
2975,225,2024-10-02,1900-01-01 13:20:00,13,Soap,2,315.98,Personal Care,409,10,13,2
2975,225,2024-10-02,1900-01-01 13:20:00,13,Phone Cover,1,88.21,Electronics,252,10,13,2
2975,225,2024-10-02,1900-01-01 13:20:00,13,Toilet Paper,3,19.76,Household,715,10,13,2
2976,476,2024-09-11,1900-01-01 08:20:00,8,Cake,3,113.51,Bakery,652,9,8,11
2976,476,2024-09-11,1900-01-01 08:20:00,8,Apple,1,264.65,Fruits & Vegetables,364,9,8,11
2976,476,2024-09-11,1900-01-01 08:20:00,8,Mixer Grinder,2,388.36,Electronics,594,9,8,11
2976,476,2024-09-11,1900-01-01 08:20:00,8,Fiction Book,3,178.33,Books,740,9,8,11
2976,476,2024-09-11,1900-01-01 08:20:00,8,Shampoo,3,175.21,Personal Care,102,9,8,11
2977,57,2024-09-23,1900-01-01 16:49:00,16,Pastry,1,60.8,Bakery,185,9,16,23
2977,57,2024-09-23,1900-01-01 16:49:00,16,Salt,3,478.12,Grains & Staples,965,9,16,23
2977,57,2024-09-23,1900-01-01 16:49:00,16,Earphones,1,78.25,Electronics,710,9,16,23
2977,57,2024-09-23,1900-01-01 16:49:00,16,Earphones,1,163.25,Electronics,400,9,16,23
2977,57,2024-09-23,1900-01-01 16:49:00,16,Popcorn,2,473.22,Snacks,170,9,16,23
2978,439,2024-05-14,1900-01-01 16:31:00,16,Tea,2,94.37,Beverages,491,5,16,14
2978,439,2024-05-14,1900-01-01 16:31:00,16,Apple,3,260.78,Fruits & Vegetables,440,5,16,14
2978,439,2024-05-14,1900-01-01 16:31:00,16,Detergent,2,476.77,Household,241,5,16,14
2978,439,2024-05-14,1900-01-01 16:31:00,16,Spinach,2,403.62,Fruits & Vegetables,700,5,16,14
2978,439,2024-05-14,1900-01-01 16:31:00,16,Phone Cover,2,435.89,Electronics,118,5,16,14
2979,401,2024-08-14,1900-01-01 10:04:00,10,Electric Kettle,1,107.25,Electronics,326,8,10,14
2979,401,2024-08-14,1900-01-01 10:04:00,10,Charger,3,77.0,Electronics,236,8,10,14
2979,401,2024-08-14,1900-01-01 10:04:00,10,Detergent,1,453.98,Household,999,8,10,14
2979,401,2024-08-14,1900-01-01 10:04:00,10,Belt,2,54.26,Clothing Accessories,421,8,10,14
2979,401,2024-08-14,1900-01-01 10:04:00,10,Spices,1,418.87,Grains & Staples,377,8,10,14
2980,3,2024-10-15,1900-01-01 07:50:00,7,Marker,3,124.83,Stationery,899,10,7,15
2980,3,2024-10-15,1900-01-01 07:50:00,7,Marker,2,195.32,Stationery,581,10,7,15
2980,3,2024-10-15,1900-01-01 07:50:00,7,Coffee,1,231.68,Beverages,669,10,7,15
2980,3,2024-10-15,1900-01-01 07:50:00,7,Phone Cover,2,191.22,Electronics,651,10,7,15
2980,3,2024-10-15,1900-01-01 07:50:00,7,Earphones,2,350.31,Electronics,641,10,7,15
2981,276,2024-07-13,1900-01-01 20:08:00,20,Pasta,2,349.85,Grains & Staples,844,7,20,13
2981,276,2024-07-13,1900-01-01 20:08:00,20,Soda,1,180.35,Beverages,525,7,20,13
2981,276,2024-07-13,1900-01-01 20:08:00,20,Electric Kettle,3,206.05,Electronics,952,7,20,13
2981,276,2024-07-13,1900-01-01 20:08:00,20,Yogurt,3,235.85,Dairy & Eggs,741,7,20,13
2981,276,2024-07-13,1900-01-01 20:08:00,20,Cooking Oil,3,94.19,Grains & Staples,689,7,20,13
2982,469,2024-07-26,1900-01-01 18:55:00,18,Orange,3,195.72,Fruits & Vegetables,691,7,18,26
2982,469,2024-07-26,1900-01-01 18:55:00,18,Spices,3,185.37,Grains & Staples,107,7,18,26
2982,469,2024-07-26,1900-01-01 18:55:00,18,Shoes,1,303.04,Footwear,263,7,18,26
2982,469,2024-07-26,1900-01-01 18:55:00,18,Potato,2,452.77,Fruits & Vegetables,407,7,18,26
2982,469,2024-07-26,1900-01-01 18:55:00,18,Tea,1,223.12,Beverages,705,7,18,26
2983,273,2024-04-30,1900-01-01 06:58:00,6,Croissant,3,258.32,Bakery,117,4,6,30
2983,273,2024-04-30,1900-01-01 06:58:00,6,Rice,3,422.25,Grains & Staples,354,4,6,30
2983,273,2024-04-30,1900-01-01 06:58:00,6,Rice,1,183.96,Grains & Staples,386,4,6,30
2983,273,2024-04-30,1900-01-01 06:58:00,6,Onion,1,454.31,Fruits & Vegetables,608,4,6,30
2983,273,2024-04-30,1900-01-01 06:58:00,6,Floor Cleaner,2,137.19,Household,569,4,6,30
2983,273,2024-04-30,1900-01-01 06:58:00,6,Pen,3,35.18,Stationery,633,4,6,30
2983,273,2024-04-30,1900-01-01 06:58:00,6,Baby Food,2,51.16,Baby Care,288,4,6,30
2984,421,2024-01-08,1900-01-01 08:39:00,8,Sugar,2,240.37,Grains & Staples,767,1,8,8
2984,421,2024-01-08,1900-01-01 08:39:00,8,Lentils,1,113.08,Grains & Staples,565,1,8,8
2984,421,2024-01-08,1900-01-01 08:39:00,8,Toilet Paper,3,153.01,Household,594,1,8,8
2984,421,2024-01-08,1900-01-01 08:39:00,8,Dress,2,228.0,Clothing,984,1,8,8
2984,421,2024-01-08,1900-01-01 08:39:00,8,Popcorn,2,72.28,Snacks,331,1,8,8
2984,421,2024-01-08,1900-01-01 08:39:00,8,Detergent,1,455.16,Household,759,1,8,8
2985,181,2024-01-07,1900-01-01 10:49:00,10,Tissue,1,297.62,Household,239,1,10,7
2985,181,2024-01-07,1900-01-01 10:49:00,10,Jeans,1,132.72,Clothing,394,1,10,7
2985,181,2024-01-07,1900-01-01 10:49:00,10,Carrot,2,206.12,Fruits & Vegetables,280,1,10,7
2985,181,2024-01-07,1900-01-01 10:49:00,10,Diapers,1,373.55,Baby Care,333,1,10,7
2986,388,2024-06-26,1900-01-01 07:56:00,7,Detergent,3,149.31,Household,381,6,7,26
2986,388,2024-06-26,1900-01-01 07:56:00,7,Chocolate,3,211.9,Snacks,647,6,7,26
2986,388,2024-06-26,1900-01-01 07:56:00,7,Yogurt,2,59.66,Dairy & Eggs,911,6,7,26
2986,388,2024-06-26,1900-01-01 07:56:00,7,Jeans,3,158.24,Clothing,883,6,7,26
2986,388,2024-06-26,1900-01-01 07:56:00,7,Electric Kettle,2,365.44,Electronics,409,6,7,26
2987,178,2024-09-04,1900-01-01 15:38:00,15,Carrot,1,152.2,Fruits & Vegetables,497,9,15,4
2987,178,2024-09-04,1900-01-01 15:38:00,15,Toothpaste,2,107.43,Personal Care,516,9,15,4
2987,178,2024-09-04,1900-01-01 15:38:00,15,Toothpaste,1,182.28,Personal Care,921,9,15,4
2987,178,2024-09-04,1900-01-01 15:38:00,15,Floor Cleaner,1,145.11,Household,670,9,15,4
2987,178,2024-09-04,1900-01-01 15:38:00,15,Electric Kettle,2,352.18,Electronics,132,9,15,4
2987,178,2024-09-04,1900-01-01 15:38:00,15,Shoes,2,263.98,Footwear,574,9,15,4
2987,178,2024-09-04,1900-01-01 15:38:00,15,Beef,1,403.75,Meat & Seafood,268,9,15,4
2988,406,2024-09-16,1900-01-01 14:54:00,14,Cooking Oil,3,397.54,Grains & Staples,557,9,14,16
2988,406,2024-09-16,1900-01-01 14:54:00,14,Cake,3,100.26,Bakery,138,9,14,16
2988,406,2024-09-16,1900-01-01 14:54:00,14,Cooking Oil,3,293.38,Grains & Staples,194,9,14,16
2989,271,2024-11-29,1900-01-01 14:22:00,14,Shirt,1,485.9,Clothing,872,11,14,29
2989,271,2024-11-29,1900-01-01 14:22:00,14,Spinach,3,434.44,Fruits & Vegetables,654,11,14,29
2989,271,2024-11-29,1900-01-01 14:22:00,14,Popcorn,3,146.66,Snacks,593,11,14,29
2990,400,2024-02-09,1900-01-01 20:08:00,20,Chips,2,362.99,Snacks,108,2,20,9
2990,400,2024-02-09,1900-01-01 20:08:00,20,Butter,3,213.38,Dairy & Eggs,167,2,20,9
